y,x,w,h,y_lag1,x_lag1,w_lag1,h_lag1,y_lag2,x_lag2,w_lag2,h_lag2,y_lag3,x_lag3,w_lag3,h_lag3
123.68915947506633,114.54073135653638,-0.9734004933214118,0.0,,,,,,,,,,,,
122.9853694245,114.51951668393954,-0.989043056039809,0.0,123.68915947506633,114.54073135653638,-0.9734004933214118,0.0,,,,,,,,
122.33785040310208,113.79321190655779,-0.962591703095232,0.0,122.9853694245,114.51951668393954,-0.989043056039809,0.0,123.68915947506633,114.54073135653638,-0.9734004933214118,0.0,,,,
122.24467061509705,113.90075447200141,-1.1712119970869952,0.0,122.33785040310208,113.79321190655779,-0.962591703095232,0.0,122.9853694245,114.51951668393954,-0.989043056039809,0.0,123.68915947506633,114.54073135653638,-0.9734004933214118,0.0
122.53654160552877,113.49888640029442,-1.0176124535026008,0.0,122.24467061509705,113.90075447200141,-1.1712119970869952,0.0,122.33785040310208,113.79321190655779,-0.962591703095232,0.0,122.9853694245,114.51951668393954,-0.989043056039809,0.0
122.74477876202808,113.67000093451438,-0.6120645343948115,0.0,122.53654160552877,113.49888640029442,-1.0176124535026008,0.0,122.24467061509705,113.90075447200141,-1.1712119970869952,0.0,122.33785040310208,113.79321190655779,-0.962591703095232,0.0
121.92263130824527,111.22215802566808,0.4534413230894159,0.0,122.74477876202808,113.67000093451438,-0.6120645343948115,0.0,122.53654160552877,113.49888640029442,-1.0176124535026008,0.0,122.24467061509705,113.90075447200141,-1.1712119970869952,0.0
122.80480429695206,113.78207566351679,0.45004196488745224,0.0,121.92263130824527,111.22215802566808,0.4534413230894159,0.0,122.74477876202808,113.67000093451438,-0.6120645343948115,0.0,122.53654160552877,113.49888640029442,-1.0176124535026008,0.0
122.31074296628438,112.25036013157694,0.48880876727134404,0.0,122.80480429695206,113.78207566351679,0.45004196488745224,0.0,121.92263130824527,111.22215802566808,0.4534413230894159,0.0,122.74477876202808,113.67000093451438,-0.6120645343948115,0.0
122.10057307462584,112.30977599914738,0.35382405593399163,0.0,122.31074296628438,112.25036013157694,0.48880876727134404,0.0,122.80480429695206,113.78207566351679,0.45004196488745224,0.0,121.92263130824527,111.22215802566808,0.4534413230894159,0.0
121.6084823281927,112.41297903028129,-0.6763263629023275,0.0,122.10057307462584,112.30977599914738,0.35382405593399163,0.0,122.31074296628438,112.25036013157694,0.48880876727134404,0.0,122.80480429695206,113.78207566351679,0.45004196488745224,0.0
122.94741255729345,113.770754464585,-0.5543180280464705,0.0,121.6084823281927,112.41297903028129,-0.6763263629023275,0.0,122.10057307462584,112.30977599914738,0.35382405593399163,0.0,122.31074296628438,112.25036013157694,0.48880876727134404,0.0
122.83642334247887,112.85084076999766,-0.41333931746666314,0.0,122.94741255729345,113.770754464585,-0.5543180280464705,0.0,121.6084823281927,112.41297903028129,-0.6763263629023275,0.0,122.10057307462584,112.30977599914738,0.35382405593399163,0.0
122.23068113758502,112.25939992114576,0.9009496022693125,0.0,122.83642334247887,112.85084076999766,-0.41333931746666314,0.0,122.94741255729345,113.770754464585,-0.5543180280464705,0.0,121.6084823281927,112.41297903028129,-0.6763263629023275,0.0
122.61797422088453,111.97064928329425,0.6245791994248888,0.0,122.23068113758502,112.25939992114576,0.9009496022693125,0.0,122.83642334247887,112.85084076999766,-0.41333931746666314,0.0,122.94741255729345,113.770754464585,-0.5543180280464705,0.0
122.8813595509317,111.95175430861914,0.6504370307067173,0.0,122.61797422088453,111.97064928329425,0.6245791994248888,0.0,122.23068113758502,112.25939992114576,0.9009496022693125,0.0,122.83642334247887,112.85084076999766,-0.41333931746666314,0.0
122.65027619224296,111.21895873424921,0.5029937397127523,0.0,122.8813595509317,111.95175430861914,0.6504370307067173,0.0,122.61797422088453,111.97064928329425,0.6245791994248888,0.0,122.23068113758502,112.25939992114576,0.9009496022693125,0.0
122.87560281862548,113.29842983121179,-0.18194402703956414,0.0,122.65027619224296,111.21895873424921,0.5029937397127523,0.0,122.8813595509317,111.95175430861914,0.6504370307067173,0.0,122.61797422088453,111.97064928329425,0.6245791994248888,0.0
122.30213385607148,111.71404836826937,0.4258561856258589,0.0,122.87560281862548,113.29842983121179,-0.18194402703956414,0.0,122.65027619224296,111.21895873424921,0.5029937397127523,0.0,122.8813595509317,111.95175430861914,0.6504370307067173,0.0
121.98665138172449,112.1719313131616,0.7166514648440743,0.0,122.30213385607148,111.71404836826937,0.4258561856258589,0.0,122.87560281862548,113.29842983121179,-0.18194402703956414,0.0,122.65027619224296,111.21895873424921,0.5029937397127523,0.0
121.02176736215104,111.2489083189108,0.9688371453967829,0.0,121.98665138172449,112.1719313131616,0.7166514648440743,0.0,122.30213385607148,111.71404836826937,0.4258561856258589,0.0,122.87560281862548,113.29842983121179,-0.18194402703956414,0.0
120.65959667281105,109.91683349600015,0.3203759889200569,0.0,121.02176736215104,111.2489083189108,0.9688371453967829,0.0,121.98665138172449,112.1719313131616,0.7166514648440743,0.0,122.30213385607148,111.71404836826937,0.4258561856258589,0.0
121.88498917245067,110.93007137267062,0.9576979466040951,0.0,120.65959667281105,109.91683349600015,0.3203759889200569,0.0,121.02176736215104,111.2489083189108,0.9688371453967829,0.0,121.98665138172449,112.1719313131616,0.7166514648440743,0.0
122.72517153367717,112.0706823628908,0.06523282588713575,0.0,121.88498917245067,110.93007137267062,0.9576979466040951,0.0,120.65959667281105,109.91683349600015,0.3203759889200569,0.0,121.02176736215104,111.2489083189108,0.9688371453967829,0.0
122.56759735183091,112.90868398870592,0.34561480760984375,0.0,122.72517153367717,112.0706823628908,0.06523282588713575,0.0,121.88498917245067,110.93007137267062,0.9576979466040951,0.0,120.65959667281105,109.91683349600015,0.3203759889200569,0.0
123.30202584904525,111.67035512028804,1.3717196589928644,0.0,122.56759735183091,112.90868398870592,0.34561480760984375,0.0,122.72517153367717,112.0706823628908,0.06523282588713575,0.0,121.88498917245067,110.93007137267062,0.9576979466040951,0.0
122.98896120016867,111.4524447152678,0.6021075646289475,0.0,123.30202584904525,111.67035512028804,1.3717196589928644,0.0,122.56759735183091,112.90868398870592,0.34561480760984375,0.0,122.72517153367717,112.0706823628908,0.06523282588713575,0.0
122.65703172229051,112.24864173121009,0.19853718690177208,0.0,122.98896120016867,111.4524447152678,0.6021075646289475,0.0,123.30202584904525,111.67035512028804,1.3717196589928644,0.0,122.56759735183091,112.90868398870592,0.34561480760984375,0.0
122.5440266774364,112.19708049257565,0.2086554320652383,0.0,122.65703172229051,112.24864173121009,0.19853718690177208,0.0,122.98896120016867,111.4524447152678,0.6021075646289475,0.0,123.30202584904525,111.67035512028804,1.3717196589928644,0.0
122.35117502117872,112.43171046217245,-0.08481348140590897,0.0,122.5440266774364,112.19708049257565,0.2086554320652383,0.0,122.65703172229051,112.24864173121009,0.19853718690177208,0.0,122.98896120016867,111.4524447152678,0.6021075646289475,0.0
122.08753399400177,113.7161572232225,-0.8431825006577935,0.0,122.35117502117872,112.43171046217245,-0.08481348140590897,0.0,122.5440266774364,112.19708049257565,0.2086554320652383,0.0,122.65703172229051,112.24864173121009,0.19853718690177208,0.0
122.61295461572648,112.57543266099455,-0.6402645131232213,0.0,122.08753399400177,113.7161572232225,-0.8431825006577935,0.0,122.35117502117872,112.43171046217245,-0.08481348140590897,0.0,122.5440266774364,112.19708049257565,0.2086554320652383,0.0
122.47427800494866,113.82307029221283,-1.0433634673616297,0.0,122.61295461572648,112.57543266099455,-0.6402645131232213,0.0,122.08753399400177,113.7161572232225,-0.8431825006577935,0.0,122.35117502117872,112.43171046217245,-0.08481348140590897,0.0
122.68417203776842,113.0298249681486,-0.597894558571713,0.0,122.47427800494866,113.82307029221283,-1.0433634673616297,0.0,122.61295461572648,112.57543266099455,-0.6402645131232213,0.0,122.08753399400177,113.7161572232225,-0.8431825006577935,0.0
122.93052442570516,114.65006934296503,-0.938027763974272,0.0,122.68417203776842,113.0298249681486,-0.597894558571713,0.0,122.47427800494866,113.82307029221283,-1.0433634673616297,0.0,122.61295461572648,112.57543266099455,-0.6402645131232213,0.0
122.8669078060431,113.43209264696767,0.02454499132935206,0.0,122.93052442570516,114.65006934296503,-0.938027763974272,0.0,122.68417203776842,113.0298249681486,-0.597894558571713,0.0,122.47427800494866,113.82307029221283,-1.0433634673616297,0.0
122.21492212781493,111.86936908130846,-0.3719906531046369,0.0,122.8669078060431,113.43209264696767,0.02454499132935206,0.0,122.93052442570516,114.65006934296503,-0.938027763974272,0.0,122.68417203776842,113.0298249681486,-0.597894558571713,0.0
121.48942003477777,112.12169445984321,-0.45862328058654733,0.0,122.21492212781493,111.86936908130846,-0.3719906531046369,0.0,122.8669078060431,113.43209264696767,0.02454499132935206,0.0,122.93052442570516,114.65006934296503,-0.938027763974272,0.0
121.71833450603593,110.95183678379905,0.039859984215597,0.0,121.48942003477777,112.12169445984321,-0.45862328058654733,0.0,122.21492212781493,111.86936908130846,-0.3719906531046369,0.0,122.8669078060431,113.43209264696767,0.02454499132935206,0.0
121.67419664514055,112.29685614551434,-0.5835441708445,0.0,121.71833450603593,110.95183678379905,0.039859984215597,0.0,121.48942003477777,112.12169445984321,-0.45862328058654733,0.0,122.21492212781493,111.86936908130846,-0.3719906531046369,0.0
121.7327145883618,113.00676884421429,-0.35310536937353537,0.0,121.67419664514055,112.29685614551434,-0.5835441708445,0.0,121.71833450603593,110.95183678379905,0.039859984215597,0.0,121.48942003477777,112.12169445984321,-0.45862328058654733,0.0
121.82761970965768,111.01049882814945,0.37108708164238574,0.0,121.7327145883618,113.00676884421429,-0.35310536937353537,0.0,121.67419664514055,112.29685614551434,-0.5835441708445,0.0,121.71833450603593,110.95183678379905,0.039859984215597,0.0
123.06075399263544,113.86257210347995,-0.5068719519667051,0.0,121.82761970965768,111.01049882814945,0.37108708164238574,0.0,121.7327145883618,113.00676884421429,-0.35310536937353537,0.0,121.67419664514055,112.29685614551434,-0.5835441708445,0.0
122.1764745285812,112.14031075412987,-0.313180632307212,0.0,123.06075399263544,113.86257210347995,-0.5068719519667051,0.0,121.82761970965768,111.01049882814945,0.37108708164238574,0.0,121.7327145883618,113.00676884421429,-0.35310536937353537,0.0
121.18172057543507,111.28971825038656,-0.12060310872155783,0.0,122.1764745285812,112.14031075412987,-0.313180632307212,0.0,123.06075399263544,113.86257210347995,-0.5068719519667051,0.0,121.82761970965768,111.01049882814945,0.37108708164238574,0.0
121.5121032084332,111.98923337349325,0.2944289489114089,0.0,121.18172057543507,111.28971825038656,-0.12060310872155783,0.0,122.1764745285812,112.14031075412987,-0.313180632307212,0.0,123.06075399263544,113.86257210347995,-0.5068719519667051,0.0
121.43469718930594,111.73548200293055,-0.3829321963099138,0.0,121.5121032084332,111.98923337349325,0.2944289489114089,0.0,121.18172057543507,111.28971825038656,-0.12060310872155783,0.0,122.1764745285812,112.14031075412987,-0.313180632307212,0.0
121.72606529684195,111.59452778935568,-0.9665740635900693,0.0,121.43469718930594,111.73548200293055,-0.3829321963099138,0.0,121.5121032084332,111.98923337349325,0.2944289489114089,0.0,121.18172057543507,111.28971825038656,-0.12060310872155783,0.0
122.05667046350023,112.32246570230663,-0.5122884680636066,0.0,121.72606529684195,111.59452778935568,-0.9665740635900693,0.0,121.43469718930594,111.73548200293055,-0.3829321963099138,0.0,121.5121032084332,111.98923337349325,0.2944289489114089,0.0
122.64084176445027,112.93093907878728,-0.26133843783429234,0.0,122.05667046350023,112.32246570230663,-0.5122884680636066,0.0,121.72606529684195,111.59452778935568,-0.9665740635900693,0.0,121.43469718930594,111.73548200293055,-0.3829321963099138,0.0
121.7921455906309,111.33829821474694,-0.08382432509449561,0.0,122.64084176445027,112.93093907878728,-0.26133843783429234,0.0,122.05667046350023,112.32246570230663,-0.5122884680636066,0.0,121.72606529684195,111.59452778935568,-0.9665740635900693,0.0
121.58660234994272,111.37510347266831,0.10616464467289136,0.0,121.7921455906309,111.33829821474694,-0.08382432509449561,0.0,122.64084176445027,112.93093907878728,-0.26133843783429234,0.0,122.05667046350023,112.32246570230663,-0.5122884680636066,0.0
121.88204460276056,112.03235813268009,-0.2550806450509323,0.0,121.58660234994272,111.37510347266831,0.10616464467289136,0.0,121.7921455906309,111.33829821474694,-0.08382432509449561,0.0,122.64084176445027,112.93093907878728,-0.26133843783429234,0.0
122.24683806416674,112.8805883177065,-0.08793766746024408,0.0,121.88204460276056,112.03235813268009,-0.2550806450509323,0.0,121.58660234994272,111.37510347266831,0.10616464467289136,0.0,121.7921455906309,111.33829821474694,-0.08382432509449561,0.0
123.24176260214894,113.04865248657299,0.07618610268114535,0.0,122.24683806416674,112.8805883177065,-0.08793766746024408,0.0,121.88204460276056,112.03235813268009,-0.2550806450509323,0.0,121.58660234994272,111.37510347266831,0.10616464467289136,0.0
123.41174934413628,113.1902544627961,-0.2962268268682676,0.0,123.24176260214894,113.04865248657299,0.07618610268114535,0.0,122.24683806416674,112.8805883177065,-0.08793766746024408,0.0,121.88204460276056,112.03235813268009,-0.2550806450509323,0.0
123.06180848882599,112.78393377079826,0.6959057940777642,0.0,123.41174934413628,113.1902544627961,-0.2962268268682676,0.0,123.24176260214894,113.04865248657299,0.07618610268114535,0.0,122.24683806416674,112.8805883177065,-0.08793766746024408,0.0
122.45668891895859,110.95079991261704,0.7936410957181051,0.0,123.06180848882599,112.78393377079826,0.6959057940777642,0.0,123.41174934413628,113.1902544627961,-0.2962268268682676,0.0,123.24176260214894,113.04865248657299,0.07618610268114535,0.0
122.07893010914515,112.08552199324456,0.03926112797315984,0.0,122.45668891895859,110.95079991261704,0.7936410957181051,0.0,123.06180848882599,112.78393377079826,0.6959057940777642,0.0,123.41174934413628,113.1902544627961,-0.2962268268682676,0.0
121.77388830798465,111.85808735705851,0.35968570669544275,0.0,122.07893010914515,112.08552199324456,0.03926112797315984,0.0,122.45668891895859,110.95079991261704,0.7936410957181051,0.0,123.06180848882599,112.78393377079826,0.6959057940777642,0.0
122.15398918959976,111.85476542089694,-0.19959226975730648,0.0,121.77388830798465,111.85808735705851,0.35968570669544275,0.0,122.07893010914515,112.08552199324456,0.03926112797315984,0.0,122.45668891895859,110.95079991261704,0.7936410957181051,0.0
122.24401299322146,112.15354162502524,0.23386848606538083,0.0,122.15398918959976,111.85476542089694,-0.19959226975730648,0.0,121.77388830798465,111.85808735705851,0.35968570669544275,0.0,122.07893010914515,112.08552199324456,0.03926112797315984,0.0
121.61018391453432,110.46403389243522,0.7663925783560067,0.0,122.24401299322146,112.15354162502524,0.23386848606538083,0.0,122.15398918959976,111.85476542089694,-0.19959226975730648,0.0,121.77388830798465,111.85808735705851,0.35968570669544275,0.0
121.49813435852498,111.44124077114529,0.20277290350895016,0.0,121.61018391453432,110.46403389243522,0.7663925783560067,0.0,122.24401299322146,112.15354162502524,0.23386848606538083,0.0,122.15398918959976,111.85476542089694,-0.19959226975730648,0.0
122.06474374221803,111.45075042655364,0.643906387429321,0.0,121.49813435852498,111.44124077114529,0.20277290350895016,0.0,121.61018391453432,110.46403389243522,0.7663925783560067,0.0,122.24401299322146,112.15354162502524,0.23386848606538083,0.0
122.26289614765753,111.29460047207871,0.721515573411706,0.0,122.06474374221803,111.45075042655364,0.643906387429321,0.0,121.49813435852498,111.44124077114529,0.20277290350895016,0.0,121.61018391453432,110.46403389243522,0.7663925783560067,0.0
122.52507026619857,111.39137919867696,0.9882425387266098,0.0,122.26289614765753,111.29460047207871,0.721515573411706,0.0,122.06474374221803,111.45075042655364,0.643906387429321,0.0,121.49813435852498,111.44124077114529,0.20277290350895016,0.0
122.6176936186587,111.87646898657627,1.7389905223082616,0.0,122.52507026619857,111.39137919867696,0.9882425387266098,0.0,122.26289614765753,111.29460047207871,0.721515573411706,0.0,122.06474374221803,111.45075042655364,0.643906387429321,0.0
123.27882293973458,112.5709464499366,1.268498359845174,0.0,122.6176936186587,111.87646898657627,1.7389905223082616,0.0,122.52507026619857,111.39137919867696,0.9882425387266098,0.0,122.26289614765753,111.29460047207871,0.721515573411706,0.0
123.13924920343287,112.03661360534005,0.6379306056973945,0.0,123.27882293973458,112.5709464499366,1.268498359845174,0.0,122.6176936186587,111.87646898657627,1.7389905223082616,0.0,122.52507026619857,111.39137919867696,0.9882425387266098,0.0
122.68415610721493,112.6846371319206,0.06558726974515394,0.0,123.13924920343287,112.03661360534005,0.6379306056973945,0.0,123.27882293973458,112.5709464499366,1.268498359845174,0.0,122.6176936186587,111.87646898657627,1.7389905223082616,0.0
122.05579268219195,112.67309366026427,-0.355435326686596,0.0,122.68415610721493,112.6846371319206,0.06558726974515394,0.0,123.13924920343287,112.03661360534005,0.6379306056973945,0.0,123.27882293973458,112.5709464499366,1.268498359845174,0.0
122.11364720826111,113.11583333194619,-0.3228991160563289,0.0,122.05579268219195,112.67309366026427,-0.355435326686596,0.0,122.68415610721493,112.6846371319206,0.06558726974515394,0.0,123.13924920343287,112.03661360534005,0.6379306056973945,0.0
120.89446208182629,111.52207354790096,-0.08774330543674122,0.0,122.11364720826111,113.11583333194619,-0.3228991160563289,0.0,122.05579268219195,112.67309366026427,-0.355435326686596,0.0,122.68415610721493,112.6846371319206,0.06558726974515394,0.0
121.02503593934419,111.96778450400956,0.06815075531561655,0.0,120.89446208182629,111.52207354790096,-0.08774330543674122,0.0,122.11364720826111,113.11583333194619,-0.3228991160563289,0.0,122.05579268219195,112.67309366026427,-0.355435326686596,0.0
121.17903087141492,110.76155900199518,0.4681122287705052,0.0,121.02503593934419,111.96778450400956,0.06815075531561655,0.0,120.89446208182629,111.52207354790096,-0.08774330543674122,0.0,122.11364720826111,113.11583333194619,-0.3228991160563289,0.0
120.72864558786337,110.64687364919857,0.3809907289553577,0.0,121.17903087141492,110.76155900199518,0.4681122287705052,0.0,121.02503593934419,111.96778450400956,0.06815075531561655,0.0,120.89446208182629,111.52207354790096,-0.08774330543674122,0.0
120.61542555692878,110.06715988067847,1.0315596217429446,0.0,120.72864558786337,110.64687364919857,0.3809907289553577,0.0,121.17903087141492,110.76155900199518,0.4681122287705052,0.0,121.02503593934419,111.96778450400956,0.06815075531561655,0.0
121.36201151335878,110.70315394516737,0.6929192807753777,0.0,120.61542555692878,110.06715988067847,1.0315596217429446,0.0,120.72864558786337,110.64687364919857,0.3809907289553577,0.0,121.17903087141492,110.76155900199518,0.4681122287705052,0.0
121.72360509656342,109.62719977322195,1.9144200079151115,0.0,121.36201151335878,110.70315394516737,0.6929192807753777,0.0,120.61542555692878,110.06715988067847,1.0315596217429446,0.0,120.72864558786337,110.64687364919857,0.3809907289553577,0.0
121.97554921563847,109.08458056931889,1.8443696802145924,0.0,121.72360509656342,109.62719977322195,1.9144200079151115,0.0,121.36201151335878,110.70315394516737,0.6929192807753777,0.0,120.61542555692878,110.06715988067847,1.0315596217429446,0.0
122.1411065736056,111.85013131742369,1.0469169659635327,0.0,121.97554921563847,109.08458056931889,1.8443696802145924,0.0,121.72360509656342,109.62719977322195,1.9144200079151115,0.0,121.36201151335878,110.70315394516737,0.6929192807753777,0.0
122.19360756678903,111.31182972139848,0.30208732374027003,0.0,122.1411065736056,111.85013131742369,1.0469169659635327,0.0,121.97554921563847,109.08458056931889,1.8443696802145924,0.0,121.72360509656342,109.62719977322195,1.9144200079151115,0.0
122.78551445449185,111.81605760737051,0.4829060666138087,0.0,122.19360756678903,111.31182972139848,0.30208732374027003,0.0,122.1411065736056,111.85013131742369,1.0469169659635327,0.0,121.97554921563847,109.08458056931889,1.8443696802145924,0.0
122.65178905618313,112.76674196524337,0.2745934606281215,0.0,122.78551445449185,111.81605760737051,0.4829060666138087,0.0,122.19360756678903,111.31182972139848,0.30208732374027003,0.0,122.1411065736056,111.85013131742369,1.0469169659635327,0.0
121.83451365493258,111.15622066209102,0.5766750155485432,0.0,122.65178905618313,112.76674196524337,0.2745934606281215,0.0,122.78551445449185,111.81605760737051,0.4829060666138087,0.0,122.19360756678903,111.31182972139848,0.30208732374027003,0.0
122.67250763465344,112.20336543459666,0.697958824725607,0.0,121.83451365493258,111.15622066209102,0.5766750155485432,0.0,122.65178905618313,112.76674196524337,0.2745934606281215,0.0,122.78551445449185,111.81605760737051,0.4829060666138087,0.0
122.71801532006691,112.1032184264055,0.5219526034520492,0.0,122.67250763465344,112.20336543459666,0.697958824725607,0.0,121.83451365493258,111.15622066209102,0.5766750155485432,0.0,122.65178905618313,112.76674196524337,0.2745934606281215,0.0
122.30211612112141,111.55338539069169,-0.005834776272563125,0.0,122.71801532006691,112.1032184264055,0.5219526034520492,0.0,122.67250763465344,112.20336543459666,0.697958824725607,0.0,121.83451365493258,111.15622066209102,0.5766750155485432,0.0
121.6114548779975,112.07074319504281,-0.7620914333609828,0.0,122.30211612112141,111.55338539069169,-0.005834776272563125,0.0,122.71801532006691,112.1032184264055,0.5219526034520492,0.0,122.67250763465344,112.20336543459666,0.697958824725607,0.0
121.86494256292548,112.44356899903107,-0.8329306227222969,0.0,121.6114548779975,112.07074319504281,-0.7620914333609828,0.0,122.30211612112141,111.55338539069169,-0.005834776272563125,0.0,122.71801532006691,112.1032184264055,0.5219526034520492,0.0
121.81971719981287,112.27301696080633,-0.23814510101610142,0.0,121.86494256292548,112.44356899903107,-0.8329306227222969,0.0,121.6114548779975,112.07074319504281,-0.7620914333609828,0.0,122.30211612112141,111.55338539069169,-0.005834776272563125,0.0
122.5729259769581,113.39842351816804,-0.08346920874777917,0.0,121.81971719981287,112.27301696080633,-0.23814510101610142,0.0,121.86494256292548,112.44356899903107,-0.8329306227222969,0.0,121.6114548779975,112.07074319504281,-0.7620914333609828,0.0
122.23399352204936,113.02787238367378,-0.6896447563542174,0.0,122.5729259769581,113.39842351816804,-0.08346920874777917,0.0,121.81971719981287,112.27301696080633,-0.23814510101610142,0.0,121.86494256292548,112.44356899903107,-0.8329306227222969,0.0
121.78610796148759,111.64792922621342,-0.4651253421577829,0.0,122.23399352204936,113.02787238367378,-0.6896447563542174,0.0,122.5729259769581,113.39842351816804,-0.08346920874777917,0.0,121.81971719981287,112.27301696080633,-0.23814510101610142,0.0
122.2186982882859,113.16172380044256,-0.17944158386180795,0.0,121.78610796148759,111.64792922621342,-0.4651253421577829,0.0,122.23399352204936,113.02787238367378,-0.6896447563542174,0.0,122.5729259769581,113.39842351816804,-0.08346920874777917,0.0
122.55423642240308,113.66726309168143,-0.5854819851900128,0.0,122.2186982882859,113.16172380044256,-0.17944158386180795,0.0,121.78610796148759,111.64792922621342,-0.4651253421577829,0.0,122.23399352204936,113.02787238367378,-0.6896447563542174,0.0
122.48694796511855,112.81533713218076,-0.3915230351792463,0.0,122.55423642240308,113.66726309168143,-0.5854819851900128,0.0,122.2186982882859,113.16172380044256,-0.17944158386180795,0.0,121.78610796148759,111.64792922621342,-0.4651253421577829,0.0
122.65610935510962,113.43255081645364,-0.28411406892039714,0.0,122.48694796511855,112.81533713218076,-0.3915230351792463,0.0,122.55423642240308,113.66726309168143,-0.5854819851900128,0.0,122.2186982882859,113.16172380044256,-0.17944158386180795,0.0
122.4250400165106,113.62007814411982,-0.7987764040516293,0.0,122.65610935510962,113.43255081645364,-0.28411406892039714,0.0,122.48694796511855,112.81533713218076,-0.3915230351792463,0.0,122.55423642240308,113.66726309168143,-0.5854819851900128,0.0
122.40320783525385,113.07513456918511,-0.4601274430671618,0.0,122.4250400165106,113.62007814411982,-0.7987764040516293,0.0,122.65610935510962,113.43255081645364,-0.28411406892039714,0.0,122.48694796511855,112.81533713218076,-0.3915230351792463,0.0
122.82527218077792,113.5957905741426,-0.08770969126961226,0.0,122.40320783525385,113.07513456918511,-0.4601274430671618,0.0,122.4250400165106,113.62007814411982,-0.7987764040516293,0.0,122.65610935510962,113.43255081645364,-0.28411406892039714,0.0
122.92580167514883,112.94150472968508,0.4713578685719487,0.0,122.82527218077792,113.5957905741426,-0.08770969126961226,0.0,122.40320783525385,113.07513456918511,-0.4601274430671618,0.0,122.4250400165106,113.62007814411982,-0.7987764040516293,0.0
122.68456112849162,111.42885984922293,0.9039873208750104,0.0,122.92580167514883,112.94150472968508,0.4713578685719487,0.0,122.82527218077792,113.5957905741426,-0.08770969126961226,0.0,122.40320783525385,113.07513456918511,-0.4601274430671618,0.0
123.13606065698733,113.75539037538135,0.03435517272146282,0.0,122.68456112849162,111.42885984922293,0.9039873208750104,0.0,122.92580167514883,112.94150472968508,0.4713578685719487,0.0,122.82527218077792,113.5957905741426,-0.08770969126961226,0.0
121.68038344451689,112.9207478935447,-0.4414283817803911,0.0,123.13606065698733,113.75539037538135,0.03435517272146282,0.0,122.68456112849162,111.42885984922293,0.9039873208750104,0.0,122.92580167514883,112.94150472968508,0.4713578685719487,0.0
122.71410622213823,113.12474378372511,-0.09562507181998303,0.0,121.68038344451689,112.9207478935447,-0.4414283817803911,0.0,123.13606065698733,113.75539037538135,0.03435517272146282,0.0,122.68456112849162,111.42885984922293,0.9039873208750104,0.0
121.75773710831233,111.21136643905731,0.18039291800011797,0.0,122.71410622213823,113.12474378372511,-0.09562507181998303,0.0,121.68038344451689,112.9207478935447,-0.4414283817803911,0.0,123.13606065698733,113.75539037538135,0.03435517272146282,0.0
121.53124965518234,111.22787238162766,0.40183817755311835,0.0,121.75773710831233,111.21136643905731,0.18039291800011797,0.0,122.71410622213823,113.12474378372511,-0.09562507181998303,0.0,121.68038344451689,112.9207478935447,-0.4414283817803911,0.0
121.71935070853709,109.70380496022503,2.2478362873698554,0.0,121.53124965518234,111.22787238162766,0.40183817755311835,0.0,121.75773710831233,111.21136643905731,0.18039291800011797,0.0,122.71410622213823,113.12474378372511,-0.09562507181998303,0.0
121.81669991968154,109.71080623568128,2.083714285242468,0.0,121.71935070853709,109.70380496022503,2.2478362873698554,0.0,121.53124965518234,111.22787238162766,0.40183817755311835,0.0,121.75773710831233,111.21136643905731,0.18039291800011797,0.0
122.40443855462023,111.0425380227658,2.2347542482842737,0.0,121.81669991968154,109.71080623568128,2.083714285242468,0.0,121.71935070853709,109.70380496022503,2.2478362873698554,0.0,121.53124965518234,111.22787238162766,0.40183817755311835,0.0
121.92403846643253,109.41188135917099,2.2648042803740203,0.0,122.40443855462023,111.0425380227658,2.2347542482842737,0.0,121.81669991968154,109.71080623568128,2.083714285242468,0.0,121.71935070853709,109.70380496022503,2.2478362873698554,0.0
122.17721620016216,109.84795963450819,2.137539049952115,0.0,121.92403846643253,109.41188135917099,2.2648042803740203,0.0,122.40443855462023,111.0425380227658,2.2347542482842737,0.0,121.81669991968154,109.71080623568128,2.083714285242468,0.0
121.92386098099956,110.57611860040592,1.5523966176415194,0.0,122.17721620016216,109.84795963450819,2.137539049952115,0.0,121.92403846643253,109.41188135917099,2.2648042803740203,0.0,122.40443855462023,111.0425380227658,2.2347542482842737,0.0
122.18369284045835,110.05932868020028,1.6214019043598493,0.0,121.92386098099956,110.57611860040592,1.5523966176415194,0.0,122.17721620016216,109.84795963450819,2.137539049952115,0.0,121.92403846643253,109.41188135917099,2.2648042803740203,0.0
122.1256344626713,111.77867359592872,0.9107089162190936,0.0,122.18369284045835,110.05932868020028,1.6214019043598493,0.0,121.92386098099956,110.57611860040592,1.5523966176415194,0.0,122.17721620016216,109.84795963450819,2.137539049952115,0.0
122.19588667884774,111.02177435261572,0.6101578296052704,0.0,122.1256344626713,111.77867359592872,0.9107089162190936,0.0,122.18369284045835,110.05932868020028,1.6214019043598493,0.0,121.92386098099956,110.57611860040592,1.5523966176415194,0.0
121.90274427902324,111.58005295645594,0.24544448976966463,0.0,122.19588667884774,111.02177435261572,0.6101578296052704,0.0,122.1256344626713,111.77867359592872,0.9107089162190936,0.0,122.18369284045835,110.05932868020028,1.6214019043598493,0.0
121.68629930142765,111.61728293485785,0.23729266150889297,0.0,121.90274427902324,111.58005295645594,0.24544448976966463,0.0,122.19588667884774,111.02177435261572,0.6101578296052704,0.0,122.1256344626713,111.77867359592872,0.9107089162190936,0.0
121.96146383609411,110.6242372412344,1.3471634125438687,0.0,121.68629930142765,111.61728293485785,0.23729266150889297,0.0,121.90274427902324,111.58005295645594,0.24544448976966463,0.0,122.19588667884774,111.02177435261572,0.6101578296052704,0.0
122.42433534218571,112.33386959135194,0.1440981337392211,0.0,121.96146383609411,110.6242372412344,1.3471634125438687,0.0,121.68629930142765,111.61728293485785,0.23729266150889297,0.0,121.90274427902324,111.58005295645594,0.24544448976966463,0.0
122.08929153254192,111.02074148215442,0.4584086021786336,0.0,122.42433534218571,112.33386959135194,0.1440981337392211,0.0,121.96146383609411,110.6242372412344,1.3471634125438687,0.0,121.68629930142765,111.61728293485785,0.23729266150889297,0.0
121.60776278368354,112.58573340127097,-0.4396310538519189,0.0,122.08929153254192,111.02074148215442,0.4584086021786336,0.0,122.42433534218571,112.33386959135194,0.1440981337392211,0.0,121.96146383609411,110.6242372412344,1.3471634125438687,0.0
121.94713694286216,112.9160673384117,-0.5876707759762518,0.0,121.60776278368354,112.58573340127097,-0.4396310538519189,0.0,122.08929153254192,111.02074148215442,0.4584086021786336,0.0,122.42433534218571,112.33386959135194,0.1440981337392211,0.0
121.9724591561408,111.37996903240185,0.07433867770268154,0.0,121.94713694286216,112.9160673384117,-0.5876707759762518,0.0,121.60776278368354,112.58573340127097,-0.4396310538519189,0.0,122.08929153254192,111.02074148215442,0.4584086021786336,0.0
122.3646748248681,112.57083134075017,0.09161095170987663,0.0,121.9724591561408,111.37996903240185,0.07433867770268154,0.0,121.94713694286216,112.9160673384117,-0.5876707759762518,0.0,121.60776278368354,112.58573340127097,-0.4396310538519189,0.0
121.84578609405939,111.86110318299035,-0.46558362759675176,0.0,122.3646748248681,112.57083134075017,0.09161095170987663,0.0,121.9724591561408,111.37996903240185,0.07433867770268154,0.0,121.94713694286216,112.9160673384117,-0.5876707759762518,0.0
121.04084702311967,110.92124778832269,-0.7301187567073855,0.0,121.84578609405939,111.86110318299035,-0.46558362759675176,0.0,122.3646748248681,112.57083134075017,0.09161095170987663,0.0,121.9724591561408,111.37996903240185,0.07433867770268154,0.0
120.99420561463248,111.43939925900185,-0.2442961308985705,0.0,121.04084702311967,110.92124778832269,-0.7301187567073855,0.0,121.84578609405939,111.86110318299035,-0.46558362759675176,0.0,122.3646748248681,112.57083134075017,0.09161095170987663,0.0
120.85827736591331,111.07821642320309,-0.5606202205774248,0.0,120.99420561463248,111.43939925900185,-0.2442961308985705,0.0,121.04084702311967,110.92124778832269,-0.7301187567073855,0.0,121.84578609405939,111.86110318299035,-0.46558362759675176,0.0
121.04892575387949,111.96603877622039,-0.3402668816709524,0.0,120.85827736591331,111.07821642320309,-0.5606202205774248,0.0,120.99420561463248,111.43939925900185,-0.2442961308985705,0.0,121.04084702311967,110.92124778832269,-0.7301187567073855,0.0
120.97820471347701,110.85026564982795,-0.24942758538485507,0.0,121.04892575387949,111.96603877622039,-0.3402668816709524,0.0,120.85827736591331,111.07821642320309,-0.5606202205774248,0.0,120.99420561463248,111.43939925900185,-0.2442961308985705,0.0
121.5540864133276,111.97971666244501,-0.5253422421107926,0.0,120.97820471347701,110.85026564982795,-0.24942758538485507,0.0,121.04892575387949,111.96603877622039,-0.3402668816709524,0.0,120.85827736591331,111.07821642320309,-0.5606202205774248,0.0
121.56533797052718,110.67712057847308,0.6516982509740288,0.0,121.5540864133276,111.97971666244501,-0.5253422421107926,0.0,120.97820471347701,110.85026564982795,-0.24942758538485507,0.0,121.04892575387949,111.96603877622039,-0.3402668816709524,0.0
121.76503259962354,111.249500523703,0.8383181119382286,0.0,121.56533797052718,110.67712057847308,0.6516982509740288,0.0,121.5540864133276,111.97971666244501,-0.5253422421107926,0.0,120.97820471347701,110.85026564982795,-0.24942758538485507,0.0
121.84020993651545,113.01266844807722,-0.34191680377822065,0.0,121.76503259962354,111.249500523703,0.8383181119382286,0.0,121.56533797052718,110.67712057847308,0.6516982509740288,0.0,121.5540864133276,111.97971666244501,-0.5253422421107926,0.0
121.97448712643362,111.90316737969673,-0.18030628563786272,0.0,121.84020993651545,113.01266844807722,-0.34191680377822065,0.0,121.76503259962354,111.249500523703,0.8383181119382286,0.0,121.56533797052718,110.67712057847308,0.6516982509740288,0.0
121.89731728958353,113.40415712671773,-0.4751382608944842,0.0,121.97448712643362,111.90316737969673,-0.18030628563786272,0.0,121.84020993651545,113.01266844807722,-0.34191680377822065,0.0,121.76503259962354,111.249500523703,0.8383181119382286,0.0
122.159548302381,112.27211748981972,0.0461060586825246,0.0,121.89731728958353,113.40415712671773,-0.4751382608944842,0.0,121.97448712643362,111.90316737969673,-0.18030628563786272,0.0,121.84020993651545,113.01266844807722,-0.34191680377822065,0.0
121.7479731862275,111.63675777528786,-0.35937552227033065,0.0,122.159548302381,112.27211748981972,0.0461060586825246,0.0,121.89731728958353,113.40415712671773,-0.4751382608944842,0.0,121.97448712643362,111.90316737969673,-0.18030628563786272,0.0
122.4625157369317,112.71143550754493,-0.344868638549714,0.0,121.7479731862275,111.63675777528786,-0.35937552227033065,0.0,122.159548302381,112.27211748981972,0.0461060586825246,0.0,121.89731728958353,113.40415712671773,-0.4751382608944842,0.0
122.28503085753655,111.33426080649119,-0.02340127134954262,0.0,122.4625157369317,112.71143550754493,-0.344868638549714,0.0,121.7479731862275,111.63675777528786,-0.35937552227033065,0.0,122.159548302381,112.27211748981972,0.0461060586825246,0.0
121.6367482618045,110.7100371055082,0.41415658000542666,0.0,122.28503085753655,111.33426080649119,-0.02340127134954262,0.0,122.4625157369317,112.71143550754493,-0.344868638549714,0.0,121.7479731862275,111.63675777528786,-0.35937552227033065,0.0
121.78442541071921,112.38019754440558,-0.26882293952354674,0.0,121.6367482618045,110.7100371055082,0.41415658000542666,0.0,122.28503085753655,111.33426080649119,-0.02340127134954262,0.0,122.4625157369317,112.71143550754493,-0.344868638549714,0.0
121.41287378416281,111.7815260637764,-0.3823089695393116,0.0,121.78442541071921,112.38019754440558,-0.26882293952354674,0.0,121.6367482618045,110.7100371055082,0.41415658000542666,0.0,122.28503085753655,111.33426080649119,-0.02340127134954262,0.0
121.84249146234332,112.40949664482747,-0.5433198312119274,0.0,121.41287378416281,111.7815260637764,-0.3823089695393116,0.0,121.78442541071921,112.38019754440558,-0.26882293952354674,0.0,121.6367482618045,110.7100371055082,0.41415658000542666,0.0
122.8582623949994,114.41067125792887,-0.7613204812563978,0.0,121.84249146234332,112.40949664482747,-0.5433198312119274,0.0,121.41287378416281,111.7815260637764,-0.3823089695393116,0.0,121.78442541071921,112.38019754440558,-0.26882293952354674,0.0
122.26999755625263,112.46652627935936,0.27367073513543017,0.0,122.8582623949994,114.41067125792887,-0.7613204812563978,0.0,121.84249146234332,112.40949664482747,-0.5433198312119274,0.0,121.41287378416281,111.7815260637764,-0.3823089695393116,0.0
122.37070148678005,112.22965449668118,0.4214274435888219,0.0,122.26999755625263,112.46652627935936,0.27367073513543017,0.0,122.8582623949994,114.41067125792887,-0.7613204812563978,0.0,121.84249146234332,112.40949664482747,-0.5433198312119274,0.0
121.38403607751,112.69544635123447,-0.29330002229646507,0.0,122.37070148678005,112.22965449668118,0.4214274435888219,0.0,122.26999755625263,112.46652627935936,0.27367073513543017,0.0,122.8582623949994,114.41067125792887,-0.7613204812563978,0.0
121.75865082020904,111.51061313039298,0.22429095569021598,0.0,121.38403607751,112.69544635123447,-0.29330002229646507,0.0,122.37070148678005,112.22965449668118,0.4214274435888219,0.0,122.26999755625263,112.46652627935936,0.27367073513543017,0.0
121.44748809838475,110.33151315765278,1.2405108630584893,0.0,121.75865082020904,111.51061313039298,0.22429095569021598,0.0,121.38403607751,112.69544635123447,-0.29330002229646507,0.0,122.37070148678005,112.22965449668118,0.4214274435888219,0.0
121.31350751237514,110.64131314230855,1.508641320722365,0.0,121.44748809838475,110.33151315765278,1.2405108630584893,0.0,121.75865082020904,111.51061313039298,0.22429095569021598,0.0,121.38403607751,112.69544635123447,-0.29330002229646507,0.0
120.98345665742113,110.33412215118159,0.44722807360088535,0.0,121.31350751237514,110.64131314230855,1.508641320722365,0.0,121.44748809838475,110.33151315765278,1.2405108630584893,0.0,121.75865082020904,111.51061313039298,0.22429095569021598,0.0
121.59668669400374,111.12308489921068,0.11566542244758263,0.0,120.98345665742113,110.33412215118159,0.44722807360088535,0.0,121.31350751237514,110.64131314230855,1.508641320722365,0.0,121.44748809838475,110.33151315765278,1.2405108630584893,0.0
122.2123588490846,111.3728536971008,0.7259879125513775,0.0,121.59668669400374,111.12308489921068,0.11566542244758263,0.0,120.98345665742113,110.33412215118159,0.44722807360088535,0.0,121.31350751237514,110.64131314230855,1.508641320722365,0.0
122.17602453531265,112.11110302568542,0.22695559723171166,0.0,122.2123588490846,111.3728536971008,0.7259879125513775,0.0,121.59668669400374,111.12308489921068,0.11566542244758263,0.0,120.98345665742113,110.33412215118159,0.44722807360088535,0.0
121.75577717997047,111.05658191223603,0.40347419185848354,0.0,122.17602453531265,112.11110302568542,0.22695559723171166,0.0,122.2123588490846,111.3728536971008,0.7259879125513775,0.0,121.59668669400374,111.12308489921068,0.11566542244758263,0.0
122.62085103814314,111.57064447770335,0.7100963802014553,0.0,121.75577717997047,111.05658191223603,0.40347419185848354,0.0,122.17602453531265,112.11110302568542,0.22695559723171166,0.0,122.2123588490846,111.3728536971008,0.7259879125513775,0.0
122.12799185647503,111.86967820324307,0.10461186837212272,0.0,122.62085103814314,111.57064447770335,0.7100963802014553,0.0,121.75577717997047,111.05658191223603,0.40347419185848354,0.0,122.17602453531265,112.11110302568542,0.22695559723171166,0.0
121.05091273313218,111.40929204168276,0.05392681666679814,0.0,122.12799185647503,111.86967820324307,0.10461186837212272,0.0,122.62085103814314,111.57064447770335,0.7100963802014553,0.0,121.75577717997047,111.05658191223603,0.40347419185848354,0.0
121.42663342836859,112.8658252623141,-1.5774922167010978,0.0,121.05091273313218,111.40929204168276,0.05392681666679814,0.0,122.12799185647503,111.86967820324307,0.10461186837212272,0.0,122.62085103814314,111.57064447770335,0.7100963802014553,0.0
120.981044802327,112.15749207094228,-1.7741875940280232,0.0,121.42663342836859,112.8658252623141,-1.5774922167010978,0.0,121.05091273313218,111.40929204168276,0.05392681666679814,0.0,122.12799185647503,111.86967820324307,0.10461186837212272,0.0
121.60661219485709,113.45056087508198,-1.5456341509189988,0.0,120.981044802327,112.15749207094228,-1.7741875940280232,0.0,121.42663342836859,112.8658252623141,-1.5774922167010978,0.0,121.05091273313218,111.40929204168276,0.05392681666679814,0.0
121.48014232899182,112.29157157114321,-1.8603989117176238,0.0,121.60661219485709,113.45056087508198,-1.5456341509189988,0.0,120.981044802327,112.15749207094228,-1.7741875940280232,0.0,121.42663342836859,112.8658252623141,-1.5774922167010978,0.0
121.84688003451954,112.78180897892051,-0.6721134774082815,0.0,121.48014232899182,112.29157157114321,-1.8603989117176238,0.0,121.60661219485709,113.45056087508198,-1.5456341509189988,0.0,120.981044802327,112.15749207094228,-1.7741875940280232,0.0
122.49183457398082,113.72839253821769,-1.2527614709069415,0.0,121.84688003451954,112.78180897892051,-0.6721134774082815,0.0,121.48014232899182,112.29157157114321,-1.8603989117176238,0.0,121.60661219485709,113.45056087508198,-1.5456341509189988,0.0
121.7248709675909,113.28334518566811,-1.2222314200740452,0.0,122.49183457398082,113.72839253821769,-1.2527614709069415,0.0,121.84688003451954,112.78180897892051,-0.6721134774082815,0.0,121.48014232899182,112.29157157114321,-1.8603989117176238,0.0
121.48275165443212,112.28353108388816,-0.9124148474161906,0.0,121.7248709675909,113.28334518566811,-1.2222314200740452,0.0,122.49183457398082,113.72839253821769,-1.2527614709069415,0.0,121.84688003451954,112.78180897892051,-0.6721134774082815,0.0
121.5279480792679,112.40835415898542,-0.009295233399894798,0.0,121.48275165443212,112.28353108388816,-0.9124148474161906,0.0,121.7248709675909,113.28334518566811,-1.2222314200740452,0.0,122.49183457398082,113.72839253821769,-1.2527614709069415,0.0
122.32496639509105,113.323354556809,-0.7253672623096356,0.0,121.5279480792679,112.40835415898542,-0.009295233399894798,0.0,121.48275165443212,112.28353108388816,-0.9124148474161906,0.0,121.7248709675909,113.28334518566811,-1.2222314200740452,0.0
121.90813631467181,112.45290884861632,0.0012880662297712897,0.0,122.32496639509105,113.323354556809,-0.7253672623096356,0.0,121.5279480792679,112.40835415898542,-0.009295233399894798,0.0,121.48275165443212,112.28353108388816,-0.9124148474161906,0.0
121.65042667774755,111.57661052030778,0.006146983493610556,0.0,121.90813631467181,112.45290884861632,0.0012880662297712897,0.0,122.32496639509105,113.323354556809,-0.7253672623096356,0.0,121.5279480792679,112.40835415898542,-0.009295233399894798,0.0
121.96188664516879,111.95049969614342,-0.485836738729087,0.0,121.65042667774755,111.57661052030778,0.006146983493610556,0.0,121.90813631467181,112.45290884861632,0.0012880662297712897,0.0,122.32496639509105,113.323354556809,-0.7253672623096356,0.0
121.70396592882385,111.5385804891182,-0.15761765385163426,0.0,121.96188664516879,111.95049969614342,-0.485836738729087,0.0,121.65042667774755,111.57661052030778,0.006146983493610556,0.0,121.90813631467181,112.45290884861632,0.0012880662297712897,0.0
121.78934855878255,113.00174251450659,-0.026564275294572393,0.0,121.70396592882385,111.5385804891182,-0.15761765385163426,0.0,121.96188664516879,111.95049969614342,-0.485836738729087,0.0,121.65042667774755,111.57661052030778,0.006146983493610556,0.0
121.1339941761185,110.43431920846959,-0.32135985881505524,0.0,121.78934855878255,113.00174251450659,-0.026564275294572393,0.0,121.70396592882385,111.5385804891182,-0.15761765385163426,0.0,121.96188664516879,111.95049969614342,-0.485836738729087,0.0
122.3910790175817,112.4656258918283,-0.22218684455703475,0.0,121.1339941761185,110.43431920846959,-0.32135985881505524,0.0,121.78934855878255,113.00174251450659,-0.026564275294572393,0.0,121.70396592882385,111.5385804891182,-0.15761765385163426,0.0
121.62007219685192,112.3787280411749,-0.37040627407650795,0.0,122.3910790175817,112.4656258918283,-0.22218684455703475,0.0,121.1339941761185,110.43431920846959,-0.32135985881505524,0.0,121.78934855878255,113.00174251450659,-0.026564275294572393,0.0
121.5496488439328,111.71065123107289,-0.23956634663558235,0.0,121.62007219685192,112.3787280411749,-0.37040627407650795,0.0,122.3910790175817,112.4656258918283,-0.22218684455703475,0.0,121.1339941761185,110.43431920846959,-0.32135985881505524,0.0
121.65224182455749,111.42473465335411,0.13941225995205744,0.0,121.5496488439328,111.71065123107289,-0.23956634663558235,0.0,121.62007219685192,112.3787280411749,-0.37040627407650795,0.0,122.3910790175817,112.4656258918283,-0.22218684455703475,0.0
122.67304116162126,112.10192730406274,0.904538216034322,0.0,121.65224182455749,111.42473465335411,0.13941225995205744,0.0,121.5496488439328,111.71065123107289,-0.23956634663558235,0.0,121.62007219685192,112.3787280411749,-0.37040627407650795,0.0
121.89161342541418,111.68793226832912,0.10472282341403316,0.0,122.67304116162126,112.10192730406274,0.904538216034322,0.0,121.65224182455749,111.42473465335411,0.13941225995205744,0.0,121.5496488439328,111.71065123107289,-0.23956634663558235,0.0
122.90235309350778,112.0557942912586,1.15029494605936,0.0,121.89161342541418,111.68793226832912,0.10472282341403316,0.0,122.67304116162126,112.10192730406274,0.904538216034322,0.0,121.65224182455749,111.42473465335411,0.13941225995205744,0.0
123.03578232228028,113.29377126153904,-0.05580794291376301,0.0,122.90235309350778,112.0557942912586,1.15029494605936,0.0,121.89161342541418,111.68793226832912,0.10472282341403316,0.0,122.67304116162126,112.10192730406274,0.904538216034322,0.0
122.96570437766621,113.42938284739256,-0.12053890184880207,0.0,123.03578232228028,113.29377126153904,-0.05580794291376301,0.0,122.90235309350778,112.0557942912586,1.15029494605936,0.0,121.89161342541418,111.68793226832912,0.10472282341403316,0.0
122.2422059528273,112.7608141159339,0.19772748176324662,0.0,122.96570437766621,113.42938284739256,-0.12053890184880207,0.0,123.03578232228028,113.29377126153904,-0.05580794291376301,0.0,122.90235309350778,112.0557942912586,1.15029494605936,0.0
122.47420494380968,112.1026087894239,0.2986779192781136,0.0,122.2422059528273,112.7608141159339,0.19772748176324662,0.0,122.96570437766621,113.42938284739256,-0.12053890184880207,0.0,123.03578232228028,113.29377126153904,-0.05580794291376301,0.0
122.02726929383462,111.80702700006424,-0.07240742448780602,0.0,122.47420494380968,112.1026087894239,0.2986779192781136,0.0,122.2422059528273,112.7608141159339,0.19772748176324662,0.0,122.96570437766621,113.42938284739256,-0.12053890184880207,0.0
122.62849409364797,112.5330393603787,-0.16198706476888242,0.0,122.02726929383462,111.80702700006424,-0.07240742448780602,0.0,122.47420494380968,112.1026087894239,0.2986779192781136,0.0,122.2422059528273,112.7608141159339,0.19772748176324662,0.0
122.01805512926015,111.9841826220871,-0.37609011914452234,0.0,122.62849409364797,112.5330393603787,-0.16198706476888242,0.0,122.02726929383462,111.80702700006424,-0.07240742448780602,0.0,122.47420494380968,112.1026087894239,0.2986779192781136,0.0
121.93923394070578,112.37261830948606,-0.5955544737877236,0.0,122.01805512926015,111.9841826220871,-0.37609011914452234,0.0,122.62849409364797,112.5330393603787,-0.16198706476888242,0.0,122.02726929383462,111.80702700006424,-0.07240742448780602,0.0
121.67414318531108,111.99214846493922,-0.05164253051966661,0.0,121.93923394070578,112.37261830948606,-0.5955544737877236,0.0,122.01805512926015,111.9841826220871,-0.37609011914452234,0.0,122.62849409364797,112.5330393603787,-0.16198706476888242,0.0
121.30800414245189,110.75097849166951,0.13719371856679038,0.0,121.67414318531108,111.99214846493922,-0.05164253051966661,0.0,121.93923394070578,112.37261830948606,-0.5955544737877236,0.0,122.01805512926015,111.9841826220871,-0.37609011914452234,0.0
121.78218123121961,112.69763982391746,-0.23669982277689477,0.0,121.30800414245189,110.75097849166951,0.13719371856679038,0.0,121.67414318531108,111.99214846493922,-0.05164253051966661,0.0,121.93923394070578,112.37261830948606,-0.5955544737877236,0.0
122.07998055056423,112.26987616232537,0.2604400794951095,0.0,121.78218123121961,112.69763982391746,-0.23669982277689477,0.0,121.30800414245189,110.75097849166951,0.13719371856679038,0.0,121.67414318531108,111.99214846493922,-0.05164253051966661,0.0
122.63093774220764,112.75103595388487,0.3620018240343923,0.0,122.07998055056423,112.26987616232537,0.2604400794951095,0.0,121.78218123121961,112.69763982391746,-0.23669982277689477,0.0,121.30800414245189,110.75097849166951,0.13719371856679038,0.0
121.69201492102177,110.45595437280514,0.6960325186469939,0.0,122.63093774220764,112.75103595388487,0.3620018240343923,0.0,122.07998055056423,112.26987616232537,0.2604400794951095,0.0,121.78218123121961,112.69763982391746,-0.23669982277689477,0.0
122.3360466882242,110.99301199527474,0.8716404358794012,0.0,121.69201492102177,110.45595437280514,0.6960325186469939,0.0,122.63093774220764,112.75103595388487,0.3620018240343923,0.0,122.07998055056423,112.26987616232537,0.2604400794951095,0.0
123.47417635842483,112.94770889665983,0.28281484324248485,0.0,122.3360466882242,110.99301199527474,0.8716404358794012,0.0,121.69201492102177,110.45595437280514,0.6960325186469939,0.0,122.63093774220764,112.75103595388487,0.3620018240343923,0.0
122.93107319667281,112.44894690957142,-0.05383864550449691,0.0,123.47417635842483,112.94770889665983,0.28281484324248485,0.0,122.3360466882242,110.99301199527474,0.8716404358794012,0.0,121.69201492102177,110.45595437280514,0.6960325186469939,0.0
123.60664722680033,113.7157127318483,0.33057588615803335,0.0,122.93107319667281,112.44894690957142,-0.05383864550449691,0.0,123.47417635842483,112.94770889665983,0.28281484324248485,0.0,122.3360466882242,110.99301199527474,0.8716404358794012,0.0
123.13422315760862,112.39027975603494,0.5696458416431591,0.0,123.60664722680033,113.7157127318483,0.33057588615803335,0.0,122.93107319667281,112.44894690957142,-0.05383864550449691,0.0,123.47417635842483,112.94770889665983,0.28281484324248485,0.0
122.22886437182217,111.84618570968127,0.44526587633245324,0.0,123.13422315760862,112.39027975603494,0.5696458416431591,0.0,123.60664722680033,113.7157127318483,0.33057588615803335,0.0,122.93107319667281,112.44894690957142,-0.05383864550449691,0.0
122.06875347475,111.23043603008713,0.4148763927203536,0.0,122.22886437182217,111.84618570968127,0.44526587633245324,0.0,123.13422315760862,112.39027975603494,0.5696458416431591,0.0,123.60664722680033,113.7157127318483,0.33057588615803335,0.0
122.59501031993082,111.6818888741364,0.9707335620704953,0.0,122.06875347475,111.23043603008713,0.4148763927203536,0.0,122.22886437182217,111.84618570968127,0.44526587633245324,0.0,123.13422315760862,112.39027975603494,0.5696458416431591,0.0
122.06793952412434,111.7796098130909,0.4808011552384814,0.0,122.59501031993082,111.6818888741364,0.9707335620704953,0.0,122.06875347475,111.23043603008713,0.4148763927203536,0.0,122.22886437182217,111.84618570968127,0.44526587633245324,0.0
121.81010903190385,110.88146515784754,0.6581896147758041,0.0,122.06793952412434,111.7796098130909,0.4808011552384814,0.0,122.59501031993082,111.6818888741364,0.9707335620704953,0.0,122.06875347475,111.23043603008713,0.4148763927203536,0.0
122.17907994202824,111.31553999282892,0.4254553656036963,0.0,121.81010903190385,110.88146515784754,0.6581896147758041,0.0,122.06793952412434,111.7796098130909,0.4808011552384814,0.0,122.59501031993082,111.6818888741364,0.9707335620704953,0.0
122.13301101587065,112.2356599224247,0.23152369086934693,0.0,122.17907994202824,111.31553999282892,0.4254553656036963,0.0,121.81010903190385,110.88146515784754,0.6581896147758041,0.0,122.06793952412434,111.7796098130909,0.4808011552384814,0.0
122.41326072961003,111.70919118659717,0.7346073786890726,0.0,122.13301101587065,112.2356599224247,0.23152369086934693,0.0,122.17907994202824,111.31553999282892,0.4254553656036963,0.0,121.81010903190385,110.88146515784754,0.6581896147758041,0.0
122.45055432580801,111.97938056518356,1.000394077445273,0.0,122.41326072961003,111.70919118659717,0.7346073786890726,0.0,122.13301101587065,112.2356599224247,0.23152369086934693,0.0,122.17907994202824,111.31553999282892,0.4254553656036963,0.0
122.56967437998352,112.61163480877346,1.2070700799565377,0.0,122.45055432580801,111.97938056518356,1.000394077445273,0.0,122.41326072961003,111.70919118659717,0.7346073786890726,0.0,122.13301101587065,112.2356599224247,0.23152369086934693,0.0
122.3100192145186,110.59139393126932,1.6183954675423946,0.0,122.56967437998352,112.61163480877346,1.2070700799565377,0.0,122.45055432580801,111.97938056518356,1.000394077445273,0.0,122.41326072961003,111.70919118659717,0.7346073786890726,0.0
122.42320418217045,110.81353320919285,1.3052182948502953,0.0,122.3100192145186,110.59139393126932,1.6183954675423946,0.0,122.56967437998352,112.61163480877346,1.2070700799565377,0.0,122.45055432580801,111.97938056518356,1.000394077445273,0.0
121.9530343516114,110.43684982554032,1.3851511215277181,0.0,122.42320418217045,110.81353320919285,1.3052182948502953,0.0,122.3100192145186,110.59139393126932,1.6183954675423946,0.0,122.56967437998352,112.61163480877346,1.2070700799565377,0.0
122.57671869099354,112.5985120309453,0.9529875189254465,0.0,121.9530343516114,110.43684982554032,1.3851511215277181,0.0,122.42320418217045,110.81353320919285,1.3052182948502953,0.0,122.3100192145186,110.59139393126932,1.6183954675423946,0.0
122.17303811257476,111.42398963622841,0.9244731913845784,0.0,122.57671869099354,112.5985120309453,0.9529875189254465,0.0,121.9530343516114,110.43684982554032,1.3851511215277181,0.0,122.42320418217045,110.81353320919285,1.3052182948502953,0.0
122.6486865629804,113.0833534170821,0.6745070259238204,0.0,122.17303811257476,111.42398963622841,0.9244731913845784,0.0,122.57671869099354,112.5985120309453,0.9529875189254465,0.0,121.9530343516114,110.43684982554032,1.3851511215277181,0.0
122.4436128359486,111.17065867888607,0.5881036032354154,0.0,122.6486865629804,113.0833534170821,0.6745070259238204,0.0,122.17303811257476,111.42398963622841,0.9244731913845784,0.0,122.57671869099354,112.5985120309453,0.9529875189254465,0.0
122.44489664699995,112.21986254275222,0.7680613953067892,0.0,122.4436128359486,111.17065867888607,0.5881036032354154,0.0,122.6486865629804,113.0833534170821,0.6745070259238204,0.0,122.17303811257476,111.42398963622841,0.9244731913845784,0.0
122.14294006773576,111.30989948837711,0.20533877462869515,0.0,122.44489664699995,112.21986254275222,0.7680613953067892,0.0,122.4436128359486,111.17065867888607,0.5881036032354154,0.0,122.6486865629804,113.0833534170821,0.6745070259238204,0.0
121.70526125007048,110.0218617706827,1.2104646575456863,0.0,122.14294006773576,111.30989948837711,0.20533877462869515,0.0,122.44489664699995,112.21986254275222,0.7680613953067892,0.0,122.4436128359486,111.17065867888607,0.5881036032354154,0.0
120.94531638019492,110.93024852117628,0.4653630352866981,0.0,121.70526125007048,110.0218617706827,1.2104646575456863,0.0,122.14294006773576,111.30989948837711,0.20533877462869515,0.0,122.44489664699995,112.21986254275222,0.7680613953067892,0.0
120.65574400682837,111.45694036062676,-0.2348038781645076,0.0,120.94531638019492,110.93024852117628,0.4653630352866981,0.0,121.70526125007048,110.0218617706827,1.2104646575456863,0.0,122.14294006773576,111.30989948837711,0.20533877462869515,0.0
120.84853395330983,110.2821365108982,0.3912123342184278,0.0,120.65574400682837,111.45694036062676,-0.2348038781645076,0.0,120.94531638019492,110.93024852117628,0.4653630352866981,0.0,121.70526125007048,110.0218617706827,1.2104646575456863,0.0
121.2372368684291,110.9505976726644,0.7088012143562102,0.0,120.84853395330983,110.2821365108982,0.3912123342184278,0.0,120.65574400682837,111.45694036062676,-0.2348038781645076,0.0,120.94531638019492,110.93024852117628,0.4653630352866981,0.0
121.94428220137088,111.01393900028069,0.8791008800110458,0.0,121.2372368684291,110.9505976726644,0.7088012143562102,0.0,120.84853395330983,110.2821365108982,0.3912123342184278,0.0,120.65574400682837,111.45694036062676,-0.2348038781645076,0.0
121.78223715653348,111.00619749329601,1.0174534586409767,0.0,121.94428220137088,111.01393900028069,0.8791008800110458,0.0,121.2372368684291,110.9505976726644,0.7088012143562102,0.0,120.84853395330983,110.2821365108982,0.3912123342184278,0.0
121.41016414452955,111.49290397127305,0.807839380489324,0.0,121.78223715653348,111.00619749329601,1.0174534586409767,0.0,121.94428220137088,111.01393900028069,0.8791008800110458,0.0,121.2372368684291,110.9505976726644,0.7088012143562102,0.0
120.81989946483486,111.73748915574856,0.19764431864854354,0.0,121.41016414452955,111.49290397127305,0.807839380489324,0.0,121.78223715653348,111.00619749329601,1.0174534586409767,0.0,121.94428220137088,111.01393900028069,0.8791008800110458,0.0
121.34420892736486,111.03484906910185,0.196017734015698,0.0,120.81989946483486,111.73748915574856,0.19764431864854354,0.0,121.41016414452955,111.49290397127305,0.807839380489324,0.0,121.78223715653348,111.00619749329601,1.0174534586409767,0.0
122.13698773568677,112.59953327739564,-0.18176666854349743,0.0,121.34420892736486,111.03484906910185,0.196017734015698,0.0,120.81989946483486,111.73748915574856,0.19764431864854354,0.0,121.41016414452955,111.49290397127305,0.807839380489324,0.0
122.71050990828421,112.6449082848672,0.3421465318740776,0.0,122.13698773568677,112.59953327739564,-0.18176666854349743,0.0,121.34420892736486,111.03484906910185,0.196017734015698,0.0,120.81989946483486,111.73748915574856,0.19764431864854354,0.0
122.90550506991974,112.35738461562468,0.20018853474819276,0.0,122.71050990828421,112.6449082848672,0.3421465318740776,0.0,122.13698773568677,112.59953327739564,-0.18176666854349743,0.0,121.34420892736486,111.03484906910185,0.196017734015698,0.0
123.0098875075767,112.67576413985819,-0.25259777059770155,0.0,122.90550506991974,112.35738461562468,0.20018853474819276,0.0,122.71050990828421,112.6449082848672,0.3421465318740776,0.0,122.13698773568677,112.59953327739564,-0.18176666854349743,0.0
123.55406640096835,114.05310989895389,-0.362771137304658,0.0,123.0098875075767,112.67576413985819,-0.25259777059770155,0.0,122.90550506991974,112.35738461562468,0.20018853474819276,0.0,122.71050990828421,112.6449082848672,0.3421465318740776,0.0
123.33008697588102,113.58413751204185,-0.08375118270591422,0.0,123.55406640096835,114.05310989895389,-0.362771137304658,0.0,123.0098875075767,112.67576413985819,-0.25259777059770155,0.0,122.90550506991974,112.35738461562468,0.20018853474819276,0.0
123.31637603182516,113.4151677378349,-0.34886322256671876,0.0,123.33008697588102,113.58413751204185,-0.08375118270591422,0.0,123.55406640096835,114.05310989895389,-0.362771137304658,0.0,123.0098875075767,112.67576413985819,-0.25259777059770155,0.0
122.78502425380934,114.15369281449568,-0.6902007758365907,0.0,123.31637603182516,113.4151677378349,-0.34886322256671876,0.0,123.33008697588102,113.58413751204185,-0.08375118270591422,0.0,123.55406640096835,114.05310989895389,-0.362771137304658,0.0
121.93434351737393,112.25308400492341,-0.43031701492331637,0.0,122.78502425380934,114.15369281449568,-0.6902007758365907,0.0,123.31637603182516,113.4151677378349,-0.34886322256671876,0.0,123.33008697588102,113.58413751204185,-0.08375118270591422,0.0
121.62691333011972,111.57274067059294,-0.22177032638429173,0.0,121.93434351737393,112.25308400492341,-0.43031701492331637,0.0,122.78502425380934,114.15369281449568,-0.6902007758365907,0.0,123.31637603182516,113.4151677378349,-0.34886322256671876,0.0
121.70705953104691,111.79783227563104,-0.43088784879299824,0.0,121.62691333011972,111.57274067059294,-0.22177032638429173,0.0,121.93434351737393,112.25308400492341,-0.43031701492331637,0.0,122.78502425380934,114.15369281449568,-0.6902007758365907,0.0
121.73200954469851,113.28061532779333,-0.58022943184356,0.0,121.70705953104691,111.79783227563104,-0.43088784879299824,0.0,121.62691333011972,111.57274067059294,-0.22177032638429173,0.0,121.93434351737393,112.25308400492341,-0.43031701492331637,0.0
122.6783892881919,113.40722549989238,-0.3481585767960299,0.0,121.73200954469851,113.28061532779333,-0.58022943184356,0.0,121.70705953104691,111.79783227563104,-0.43088784879299824,0.0,121.62691333011972,111.57274067059294,-0.22177032638429173,0.0
122.48691902992303,113.92861968852023,-1.002569032185486,0.0,122.6783892881919,113.40722549989238,-0.3481585767960299,0.0,121.73200954469851,113.28061532779333,-0.58022943184356,0.0,121.70705953104691,111.79783227563104,-0.43088784879299824,0.0
122.86301406110918,114.31885769684126,-1.5057871129366664,0.0,122.48691902992303,113.92861968852023,-1.002569032185486,0.0,122.6783892881919,113.40722549989238,-0.3481585767960299,0.0,121.73200954469851,113.28061532779333,-0.58022943184356,0.0
122.38733205004249,113.71081156113405,-1.5638518009755513,0.0,122.86301406110918,114.31885769684126,-1.5057871129366664,0.0,122.48691902992303,113.92861968852023,-1.002569032185486,0.0,122.6783892881919,113.40722549989238,-0.3481585767960299,0.0
122.11767162524355,112.72712143815693,-1.3578050166363647,0.0,122.38733205004249,113.71081156113405,-1.5638518009755513,0.0,122.86301406110918,114.31885769684126,-1.5057871129366664,0.0,122.48691902992303,113.92861968852023,-1.002569032185486,0.0
121.4006855552842,112.5789585259783,-0.9307902305100895,0.0,122.11767162524355,112.72712143815693,-1.3578050166363647,0.0,122.38733205004249,113.71081156113405,-1.5638518009755513,0.0,122.86301406110918,114.31885769684126,-1.5057871129366664,0.0
121.17771183003303,111.43345215512099,-0.006954075933295667,0.0,121.4006855552842,112.5789585259783,-0.9307902305100895,0.0,122.11767162524355,112.72712143815693,-1.3578050166363647,0.0,122.38733205004249,113.71081156113405,-1.5638518009755513,0.0
121.67196694068858,110.6738643803948,0.42326655085437315,0.0,121.17771183003303,111.43345215512099,-0.006954075933295667,0.0,121.4006855552842,112.5789585259783,-0.9307902305100895,0.0,122.11767162524355,112.72712143815693,-1.3578050166363647,0.0
121.77304787142504,111.36611542645807,0.258643975701785,0.0,121.67196694068858,110.6738643803948,0.42326655085437315,0.0,121.17771183003303,111.43345215512099,-0.006954075933295667,0.0,121.4006855552842,112.5789585259783,-0.9307902305100895,0.0
122.3156849987608,111.48445216655676,0.19740707661008358,0.0,121.77304787142504,111.36611542645807,0.258643975701785,0.0,121.67196694068858,110.6738643803948,0.42326655085437315,0.0,121.17771183003303,111.43345215512099,-0.006954075933295667,0.0
122.31735830686179,112.51633332638775,-0.3433390210308376,0.0,122.3156849987608,111.48445216655676,0.19740707661008358,0.0,121.77304787142504,111.36611542645807,0.258643975701785,0.0,121.67196694068858,110.6738643803948,0.42326655085437315,0.0
122.03289092853494,112.89537702271244,-0.283927784820865,0.0,122.31735830686179,112.51633332638775,-0.3433390210308376,0.0,122.3156849987608,111.48445216655676,0.19740707661008358,0.0,121.77304787142504,111.36611542645807,0.258643975701785,0.0
122.99862798903443,114.0366637137401,-0.3714715473167612,0.0,122.03289092853494,112.89537702271244,-0.283927784820865,0.0,122.31735830686179,112.51633332638775,-0.3433390210308376,0.0,122.3156849987608,111.48445216655676,0.19740707661008358,0.0
122.67273514548604,113.58430922769983,-0.1358179576843642,0.0,122.99862798903443,114.0366637137401,-0.3714715473167612,0.0,122.03289092853494,112.89537702271244,-0.283927784820865,0.0,122.31735830686179,112.51633332638775,-0.3433390210308376,0.0
123.05726324306121,113.24850716360564,-0.5222698379236528,0.0,122.67273514548604,113.58430922769983,-0.1358179576843642,0.0,122.99862798903443,114.0366637137401,-0.3714715473167612,0.0,122.03289092853494,112.89537702271244,-0.283927784820865,0.0
122.63525122008846,112.19909542176333,-0.15814261321833611,0.0,123.05726324306121,113.24850716360564,-0.5222698379236528,0.0,122.67273514548604,113.58430922769983,-0.1358179576843642,0.0,122.99862798903443,114.0366637137401,-0.3714715473167612,0.0
122.89640717866052,111.3318707420407,0.63985536592662,0.0,122.63525122008846,112.19909542176333,-0.15814261321833611,0.0,123.05726324306121,113.24850716360564,-0.5222698379236528,0.0,122.67273514548604,113.58430922769983,-0.1358179576843642,0.0
123.16674896832191,112.28769208364739,0.4575042185128672,0.0,122.89640717866052,111.3318707420407,0.63985536592662,0.0,122.63525122008846,112.19909542176333,-0.15814261321833611,0.0,123.05726324306121,113.24850716360564,-0.5222698379236528,0.0
123.04291341540635,111.89463489077909,0.5668592358597645,0.0,123.16674896832191,112.28769208364739,0.4575042185128672,0.0,122.89640717866052,111.3318707420407,0.63985536592662,0.0,122.63525122008846,112.19909542176333,-0.15814261321833611,0.0
121.69763507798818,111.18908385977164,0.7985593845433678,0.0,123.04291341540635,111.89463489077909,0.5668592358597645,0.0,123.16674896832191,112.28769208364739,0.4575042185128672,0.0,122.89640717866052,111.3318707420407,0.63985536592662,0.0
121.77165310569961,111.91162374237976,0.4382372716917762,0.0,121.69763507798818,111.18908385977164,0.7985593845433678,0.0,123.04291341540635,111.89463489077909,0.5668592358597645,0.0,123.16674896832191,112.28769208364739,0.4575042185128672,0.0
122.45422504253624,111.56654931806884,0.46263605825862936,0.0,121.77165310569961,111.91162374237976,0.4382372716917762,0.0,121.69763507798818,111.18908385977164,0.7985593845433678,0.0,123.04291341540635,111.89463489077909,0.5668592358597645,0.0
122.62512640161785,112.03988097850035,0.376405046997801,0.0,122.45422504253624,111.56654931806884,0.46263605825862936,0.0,121.77165310569961,111.91162374237976,0.4382372716917762,0.0,121.69763507798818,111.18908385977164,0.7985593845433678,0.0
122.7078140691534,112.30412979511033,0.3499620868726567,0.0,122.62512640161785,112.03988097850035,0.376405046997801,0.0,122.45422504253624,111.56654931806884,0.46263605825862936,0.0,121.77165310569961,111.91162374237976,0.4382372716917762,0.0
121.72331458498887,111.63616406710199,-0.10653522242960789,0.0,122.7078140691534,112.30412979511033,0.3499620868726567,0.0,122.62512640161785,112.03988097850035,0.376405046997801,0.0,122.45422504253624,111.56654931806884,0.46263605825862936,0.0
121.45033820492793,111.36171855451306,-0.07297309081421495,0.0,121.72331458498887,111.63616406710199,-0.10653522242960789,0.0,122.7078140691534,112.30412979511033,0.3499620868726567,0.0,122.62512640161785,112.03988097850035,0.376405046997801,0.0
121.81673889015522,110.98420978725704,0.1906206729713529,0.0,121.45033820492793,111.36171855451306,-0.07297309081421495,0.0,121.72331458498887,111.63616406710199,-0.10653522242960789,0.0,122.7078140691534,112.30412979511033,0.3499620868726567,0.0
122.12843886404931,110.60287772936624,0.8780683422746032,0.0,121.81673889015522,110.98420978725704,0.1906206729713529,0.0,121.45033820492793,111.36171855451306,-0.07297309081421495,0.0,121.72331458498887,111.63616406710199,-0.10653522242960789,0.0
122.74551856615004,111.29131830311755,1.1820900868622861,0.0,122.12843886404931,110.60287772936624,0.8780683422746032,0.0,121.81673889015522,110.98420978725704,0.1906206729713529,0.0,121.45033820492793,111.36171855451306,-0.07297309081421495,0.0
122.61546639245081,110.17030165792374,2.022263298245607,0.0,122.74551856615004,111.29131830311755,1.1820900868622861,0.0,122.12843886404931,110.60287772936624,0.8780683422746032,0.0,121.81673889015522,110.98420978725704,0.1906206729713529,0.0
122.7331843466341,111.24201621326924,1.234136857152461,0.0,122.61546639245081,110.17030165792374,2.022263298245607,0.0,122.74551856615004,111.29131830311755,1.1820900868622861,0.0,122.12843886404931,110.60287772936624,0.8780683422746032,0.0
122.62321794778683,111.43033300972183,1.4234698040823077,0.0,122.7331843466341,111.24201621326924,1.234136857152461,0.0,122.61546639245081,110.17030165792374,2.022263298245607,0.0,122.74551856615004,111.29131830311755,1.1820900868622861,0.0
122.0814661420555,110.47273695846391,1.230446846135022,0.0,122.62321794778683,111.43033300972183,1.4234698040823077,0.0,122.7331843466341,111.24201621326924,1.234136857152461,0.0,122.61546639245081,110.17030165792374,2.022263298245607,0.0
121.05369316052514,109.67168175143792,2.079258943516854,0.0,122.0814661420555,110.47273695846391,1.230446846135022,0.0,122.62321794778683,111.43033300972183,1.4234698040823077,0.0,122.7331843466341,111.24201621326924,1.234136857152461,0.0
121.56930434657082,109.783100558287,1.2592580121359074,0.0,121.05369316052514,109.67168175143792,2.079258943516854,0.0,122.0814661420555,110.47273695846391,1.230446846135022,0.0,122.62321794778683,111.43033300972183,1.4234698040823077,0.0
121.75422026895222,111.76393625021694,0.5875454886183378,0.0,121.56930434657082,109.783100558287,1.2592580121359074,0.0,121.05369316052514,109.67168175143792,2.079258943516854,0.0,122.0814661420555,110.47273695846391,1.230446846135022,0.0
121.5332864568478,111.22004474527779,0.17034006817265918,0.0,121.75422026895222,111.76393625021694,0.5875454886183378,0.0,121.56930434657082,109.783100558287,1.2592580121359074,0.0,121.05369316052514,109.67168175143792,2.079258943516854,0.0
120.80917142655125,112.15742421338109,-0.9256758076167761,0.0,121.5332864568478,111.22004474527779,0.17034006817265918,0.0,121.75422026895222,111.76393625021694,0.5875454886183378,0.0,121.56930434657082,109.783100558287,1.2592580121359074,0.0
121.35797210969098,112.08469577508757,-1.0034181569338014,0.0,120.80917142655125,112.15742421338109,-0.9256758076167761,0.0,121.5332864568478,111.22004474527779,0.17034006817265918,0.0,121.75422026895222,111.76393625021694,0.5875454886183378,0.0
121.3270995020863,112.52636297137417,-1.1823008563238901,0.0,121.35797210969098,112.08469577508757,-1.0034181569338014,0.0,120.80917142655125,112.15742421338109,-0.9256758076167761,0.0,121.5332864568478,111.22004474527779,0.17034006817265918,0.0
121.67306273743617,113.34108450833884,-0.8706437918210083,0.0,121.3270995020863,112.52636297137417,-1.1823008563238901,0.0,121.35797210969098,112.08469577508757,-1.0034181569338014,0.0,120.80917142655125,112.15742421338109,-0.9256758076167761,0.0
122.6235334225256,112.93882065258461,-0.5256370455682269,0.0,121.67306273743617,113.34108450833884,-0.8706437918210083,0.0,121.3270995020863,112.52636297137417,-1.1823008563238901,0.0,121.35797210969098,112.08469577508757,-1.0034181569338014,0.0
121.46623054056901,111.23761514583202,0.5175757831533616,0.0,122.6235334225256,112.93882065258461,-0.5256370455682269,0.0,121.67306273743617,113.34108450833884,-0.8706437918210083,0.0,121.3270995020863,112.52636297137417,-1.1823008563238901,0.0
121.32350126038587,109.99365535436345,0.8892725456157144,0.0,121.46623054056901,111.23761514583202,0.5175757831533616,0.0,122.6235334225256,112.93882065258461,-0.5256370455682269,0.0,121.67306273743617,113.34108450833884,-0.8706437918210083,0.0
121.40504252790873,110.98141347488016,0.4229662086613701,0.0,121.32350126038587,109.99365535436345,0.8892725456157144,0.0,121.46623054056901,111.23761514583202,0.5175757831533616,0.0,122.6235334225256,112.93882065258461,-0.5256370455682269,0.0
122.2436103958074,112.15673427185848,-0.1108343687450829,0.0,121.40504252790873,110.98141347488016,0.4229662086613701,0.0,121.32350126038587,109.99365535436345,0.8892725456157144,0.0,121.46623054056901,111.23761514583202,0.5175757831533616,0.0
121.39105922638586,111.71255161313627,0.15729209075718653,0.0,122.2436103958074,112.15673427185848,-0.1108343687450829,0.0,121.40504252790873,110.98141347488016,0.4229662086613701,0.0,121.32350126038587,109.99365535436345,0.8892725456157144,0.0
122.41840994439818,113.2473589910164,-0.5342829309045718,0.0,121.39105922638586,111.71255161313627,0.15729209075718653,0.0,122.2436103958074,112.15673427185848,-0.1108343687450829,0.0,121.40504252790873,110.98141347488016,0.4229662086613701,0.0
122.39581437362794,112.13683065347499,0.4883030382035194,0.0,122.41840994439818,113.2473589910164,-0.5342829309045718,0.0,121.39105922638586,111.71255161313627,0.15729209075718653,0.0,122.2436103958074,112.15673427185848,-0.1108343687450829,0.0
122.32293986151205,110.91422613046731,0.9803624909234591,0.0,122.39581437362794,112.13683065347499,0.4883030382035194,0.0,122.41840994439818,113.2473589910164,-0.5342829309045718,0.0,121.39105922638586,111.71255161313627,0.15729209075718653,0.0
122.2178490886949,110.82945837810573,0.5497021666864149,0.0,122.32293986151205,110.91422613046731,0.9803624909234591,0.0,122.39581437362794,112.13683065347499,0.4883030382035194,0.0,122.41840994439818,113.2473589910164,-0.5342829309045718,0.0
121.91921731858336,112.73860872565109,-0.4168055311963068,0.0,122.2178490886949,110.82945837810573,0.5497021666864149,0.0,122.32293986151205,110.91422613046731,0.9803624909234591,0.0,122.39581437362794,112.13683065347499,0.4883030382035194,0.0
122.47955050116572,111.5976346667112,0.34349176212566096,0.0,121.91921731858336,112.73860872565109,-0.4168055311963068,0.0,122.2178490886949,110.82945837810573,0.5497021666864149,0.0,122.32293986151205,110.91422613046731,0.9803624909234591,0.0
121.81525167885898,112.68256690064763,0.21752348707421984,0.0,122.47955050116572,111.5976346667112,0.34349176212566096,0.0,121.91921731858336,112.73860872565109,-0.4168055311963068,0.0,122.2178490886949,110.82945837810573,0.5497021666864149,0.0
122.03304766301345,111.83721541791351,0.7929269456461068,0.0,121.81525167885898,112.68256690064763,0.21752348707421984,0.0,122.47955050116572,111.5976346667112,0.34349176212566096,0.0,121.91921731858336,112.73860872565109,-0.4168055311963068,0.0
121.81165164048438,112.453913141458,-0.16287227288029804,0.0,122.03304766301345,111.83721541791351,0.7929269456461068,0.0,121.81525167885898,112.68256690064763,0.21752348707421984,0.0,122.47955050116572,111.5976346667112,0.34349176212566096,0.0
121.44089771848132,112.54713739298279,-0.4299853297811249,0.0,121.81165164048438,112.453913141458,-0.16287227288029804,0.0,122.03304766301345,111.83721541791351,0.7929269456461068,0.0,121.81525167885898,112.68256690064763,0.21752348707421984,0.0
122.75147403065147,113.88463463951106,-0.34136641396580836,0.0,121.44089771848132,112.54713739298279,-0.4299853297811249,0.0,121.81165164048438,112.453913141458,-0.16287227288029804,0.0,122.03304766301345,111.83721541791351,0.7929269456461068,0.0
122.77004706951128,112.81315044773262,-0.2496028342902757,0.0,122.75147403065147,113.88463463951106,-0.34136641396580836,0.0,121.44089771848132,112.54713739298279,-0.4299853297811249,0.0,121.81165164048438,112.453913141458,-0.16287227288029804,0.0
122.8534123669884,113.38516121902418,-0.4247150031718424,0.0,122.77004706951128,112.81315044773262,-0.2496028342902757,0.0,122.75147403065147,113.88463463951106,-0.34136641396580836,0.0,121.44089771848132,112.54713739298279,-0.4299853297811249,0.0
123.19970101623524,113.03834535379639,-0.028347036363724598,0.0,122.8534123669884,113.38516121902418,-0.4247150031718424,0.0,122.77004706951128,112.81315044773262,-0.2496028342902757,0.0,122.75147403065147,113.88463463951106,-0.34136641396580836,0.0
122.22716501456462,112.43841651528615,-0.5564878437822769,0.0,123.19970101623524,113.03834535379639,-0.028347036363724598,0.0,122.8534123669884,113.38516121902418,-0.4247150031718424,0.0,122.77004706951128,112.81315044773262,-0.2496028342902757,0.0
122.98923751444305,113.37280903539326,-0.5163800175364683,0.0,122.22716501456462,112.43841651528615,-0.5564878437822769,0.0,123.19970101623524,113.03834535379639,-0.028347036363724598,0.0,122.8534123669884,113.38516121902418,-0.4247150031718424,0.0
121.55781684933524,111.58189145943331,-0.35295619817322527,0.0,122.98923751444305,113.37280903539326,-0.5163800175364683,0.0,122.22716501456462,112.43841651528615,-0.5564878437822769,0.0,123.19970101623524,113.03834535379639,-0.028347036363724598,0.0
121.29416637163564,111.35407805626596,-0.025145541509205727,0.0,121.55781684933524,111.58189145943331,-0.35295619817322527,0.0,122.98923751444305,113.37280903539326,-0.5163800175364683,0.0,122.22716501456462,112.43841651528615,-0.5564878437822769,0.0
121.23135902505074,111.48916471336656,0.33569100583708034,0.0,121.29416637163564,111.35407805626596,-0.025145541509205727,0.0,121.55781684933524,111.58189145943331,-0.35295619817322527,0.0,122.98923751444305,113.37280903539326,-0.5163800175364683,0.0
121.70257699522277,111.46743814606165,-0.2937682412492703,0.0,121.23135902505074,111.48916471336656,0.33569100583708034,0.0,121.29416637163564,111.35407805626596,-0.025145541509205727,0.0,121.55781684933524,111.58189145943331,-0.35295619817322527,0.0
121.81579937334388,113.11242711810169,-1.0020716783672274,0.0,121.70257699522277,111.46743814606165,-0.2937682412492703,0.0,121.23135902505074,111.48916471336656,0.33569100583708034,0.0,121.29416637163564,111.35407805626596,-0.025145541509205727,0.0
121.7501916897806,112.38080877090636,-0.16281893174452744,0.0,121.81579937334388,113.11242711810169,-1.0020716783672274,0.0,121.70257699522277,111.46743814606165,-0.2937682412492703,0.0,121.23135902505074,111.48916471336656,0.33569100583708034,0.0
121.8014303101383,111.85448738744634,0.03590186059417386,0.0,121.7501916897806,112.38080877090636,-0.16281893174452744,0.0,121.81579937334388,113.11242711810169,-1.0020716783672274,0.0,121.70257699522277,111.46743814606165,-0.2937682412492703,0.0
121.34479654702552,112.14672378647671,-0.34552177980293775,0.0,121.8014303101383,111.85448738744634,0.03590186059417386,0.0,121.7501916897806,112.38080877090636,-0.16281893174452744,0.0,121.81579937334388,113.11242711810169,-1.0020716783672274,0.0
120.801660199071,110.5112168261468,0.4991585639189113,0.0,121.34479654702552,112.14672378647671,-0.34552177980293775,0.0,121.8014303101383,111.85448738744634,0.03590186059417386,0.0,121.7501916897806,112.38080877090636,-0.16281893174452744,0.0
121.46289859702667,110.83370746796336,0.45716416828155837,0.0,120.801660199071,110.5112168261468,0.4991585639189113,0.0,121.34479654702552,112.14672378647671,-0.34552177980293775,0.0,121.8014303101383,111.85448738744634,0.03590186059417386,0.0
121.97490426066994,110.84535346438972,0.9553799266571599,0.0,121.46289859702667,110.83370746796336,0.45716416828155837,0.0,120.801660199071,110.5112168261468,0.4991585639189113,0.0,121.34479654702552,112.14672378647671,-0.34552177980293775,0.0
122.75202667005274,112.40287852123478,0.7980631820307824,0.0,121.97490426066994,110.84535346438972,0.9553799266571599,0.0,121.46289859702667,110.83370746796336,0.45716416828155837,0.0,120.801660199071,110.5112168261468,0.4991585639189113,0.0
122.26462988448966,110.83965806289842,1.6688245080656197,0.0,122.75202667005274,112.40287852123478,0.7980631820307824,0.0,121.97490426066994,110.84535346438972,0.9553799266571599,0.0,121.46289859702667,110.83370746796336,0.45716416828155837,0.0
122.66248222785254,109.9125856977933,2.212730027674098,0.0,122.26462988448966,110.83965806289842,1.6688245080656197,0.0,122.75202667005274,112.40287852123478,0.7980631820307824,0.0,121.97490426066994,110.84535346438972,0.9553799266571599,0.0
122.45983573184571,110.56593372507899,1.645701947899742,0.0,122.66248222785254,109.9125856977933,2.212730027674098,0.0,122.26462988448966,110.83965806289842,1.6688245080656197,0.0,122.75202667005274,112.40287852123478,0.7980631820307824,0.0
123.05247624356846,110.21259669009723,1.8023470337969714,0.0,122.45983573184571,110.56593372507899,1.645701947899742,0.0,122.66248222785254,109.9125856977933,2.212730027674098,0.0,122.26462988448966,110.83965806289842,1.6688245080656197,0.0
123.40066082631321,111.04603113761232,1.764565601830151,0.0,123.05247624356846,110.21259669009723,1.8023470337969714,0.0,122.45983573184571,110.56593372507899,1.645701947899742,0.0,122.66248222785254,109.9125856977933,2.212730027674098,0.0
123.29479914322698,110.62668434871674,2.095968260230295,0.0,123.40066082631321,111.04603113761232,1.764565601830151,0.0,123.05247624356846,110.21259669009723,1.8023470337969714,0.0,122.45983573184571,110.56593372507899,1.645701947899742,0.0
122.84866015845896,112.34828155579268,1.194312877894184,0.0,123.29479914322698,110.62668434871674,2.095968260230295,0.0,123.40066082631321,111.04603113761232,1.764565601830151,0.0,123.05247624356846,110.21259669009723,1.8023470337969714,0.0
123.18420431093129,111.50379810280003,1.298476032314567,0.0,122.84866015845896,112.34828155579268,1.194312877894184,0.0,123.29479914322698,110.62668434871674,2.095968260230295,0.0,123.40066082631321,111.04603113761232,1.764565601830151,0.0
123.28370256551878,111.74226289709082,1.5679930692764474,0.0,123.18420431093129,111.50379810280003,1.298476032314567,0.0,122.84866015845896,112.34828155579268,1.194312877894184,0.0,123.29479914322698,110.62668434871674,2.095968260230295,0.0
122.65687480180377,112.55734099136328,0.375024712209601,0.0,123.28370256551878,111.74226289709082,1.5679930692764474,0.0,123.18420431093129,111.50379810280003,1.298476032314567,0.0,122.84866015845896,112.34828155579268,1.194312877894184,0.0
121.85830515608413,112.06590697238306,-0.29160948656520674,0.0,122.65687480180377,112.55734099136328,0.375024712209601,0.0,123.28370256551878,111.74226289709082,1.5679930692764474,0.0,123.18420431093129,111.50379810280003,1.298476032314567,0.0
121.71748836093818,112.49778627176468,-1.2529036781322156,0.0,121.85830515608413,112.06590697238306,-0.29160948656520674,0.0,122.65687480180377,112.55734099136328,0.375024712209601,0.0,123.28370256551878,111.74226289709082,1.5679930692764474,0.0
122.46415911258416,113.3507696768101,-1.1370263597280514,0.0,121.71748836093818,112.49778627176468,-1.2529036781322156,0.0,121.85830515608413,112.06590697238306,-0.29160948656520674,0.0,122.65687480180377,112.55734099136328,0.375024712209601,0.0
122.85244431086294,113.84253117141844,-0.5508499598844601,0.0,122.46415911258416,113.3507696768101,-1.1370263597280514,0.0,121.71748836093818,112.49778627176468,-1.2529036781322156,0.0,121.85830515608413,112.06590697238306,-0.29160948656520674,0.0
122.15226487104943,111.47053685611266,0.31049855814044597,0.0,122.85244431086294,113.84253117141844,-0.5508499598844601,0.0,122.46415911258416,113.3507696768101,-1.1370263597280514,0.0,121.71748836093818,112.49778627176468,-1.2529036781322156,0.0
121.55834839254646,111.5916959268622,0.28544623672224434,0.0,122.15226487104943,111.47053685611266,0.31049855814044597,0.0,122.85244431086294,113.84253117141844,-0.5508499598844601,0.0,122.46415911258416,113.3507696768101,-1.1370263597280514,0.0
122.32530567138971,111.1742993497441,1.0426647621634415,0.0,121.55834839254646,111.5916959268622,0.28544623672224434,0.0,122.15226487104943,111.47053685611266,0.31049855814044597,0.0,122.85244431086294,113.84253117141844,-0.5508499598844601,0.0
121.70671132102581,111.71430527414108,0.1440810806233076,0.0,122.32530567138971,111.1742993497441,1.0426647621634415,0.0,121.55834839254646,111.5916959268622,0.28544623672224434,0.0,122.15226487104943,111.47053685611266,0.31049855814044597,0.0
121.9787845186565,112.82464399970326,-0.7364263551789312,0.0,121.70671132102581,111.71430527414108,0.1440810806233076,0.0,122.32530567138971,111.1742993497441,1.0426647621634415,0.0,121.55834839254646,111.5916959268622,0.28544623672224434,0.0
121.67933555709855,111.91312900316976,-0.6169149335914543,0.0,121.9787845186565,112.82464399970326,-0.7364263551789312,0.0,121.70671132102581,111.71430527414108,0.1440810806233076,0.0,122.32530567138971,111.1742993497441,1.0426647621634415,0.0
122.48658200364201,113.30817808595347,-0.30149922240350985,0.0,121.67933555709855,111.91312900316976,-0.6169149335914543,0.0,121.9787845186565,112.82464399970326,-0.7364263551789312,0.0,121.70671132102581,111.71430527414108,0.1440810806233076,0.0
122.03791023105057,111.32285944588199,-0.25754675196985444,0.0,122.48658200364201,113.30817808595347,-0.30149922240350985,0.0,121.67933555709855,111.91312900316976,-0.6169149335914543,0.0,121.9787845186565,112.82464399970326,-0.7364263551789312,0.0
122.47094654822021,114.62124803446326,-1.2397584515958218,0.0,122.03791023105057,111.32285944588199,-0.25754675196985444,0.0,122.48658200364201,113.30817808595347,-0.30149922240350985,0.0,121.67933555709855,111.91312900316976,-0.6169149335914543,0.0
122.38326336616508,113.71846398882553,-1.0363667810330517,0.0,122.47094654822021,114.62124803446326,-1.2397584515958218,0.0,122.03791023105057,111.32285944588199,-0.25754675196985444,0.0,122.48658200364201,113.30817808595347,-0.30149922240350985,0.0
122.35037810337506,113.6466003334831,-1.481328175078868,0.0,122.38326336616508,113.71846398882553,-1.0363667810330517,0.0,122.47094654822021,114.62124803446326,-1.2397584515958218,0.0,122.03791023105057,111.32285944588199,-0.25754675196985444,0.0
121.30213784085986,111.86020702329026,-0.8502262656480752,0.0,122.35037810337506,113.6466003334831,-1.481328175078868,0.0,122.38326336616508,113.71846398882553,-1.0363667810330517,0.0,122.47094654822021,114.62124803446326,-1.2397584515958218,0.0
120.39323581771166,110.94035556746755,-0.4968818894700361,0.0,121.30213784085986,111.86020702329026,-0.8502262656480752,0.0,122.35037810337506,113.6466003334831,-1.481328175078868,0.0,122.38326336616508,113.71846398882553,-1.0363667810330517,0.0
120.62809394878443,111.52423470502487,-0.8674454047397064,0.0,120.39323581771166,110.94035556746755,-0.4968818894700361,0.0,121.30213784085986,111.86020702329026,-0.8502262656480752,0.0,122.35037810337506,113.6466003334831,-1.481328175078868,0.0
121.03680709880575,111.78242183860203,-0.9508897824601119,0.0,120.62809394878443,111.52423470502487,-0.8674454047397064,0.0,120.39323581771166,110.94035556746755,-0.4968818894700361,0.0,121.30213784085986,111.86020702329026,-0.8502262656480752,0.0
120.66338485608921,112.06923818173061,-1.2903185869125653,0.0,121.03680709880575,111.78242183860203,-0.9508897824601119,0.0,120.62809394878443,111.52423470502487,-0.8674454047397064,0.0,120.39323581771166,110.94035556746755,-0.4968818894700361,0.0
120.44572475254596,110.81272854174514,-1.0635944181666381,0.0,120.66338485608921,112.06923818173061,-1.2903185869125653,0.0,121.03680709880575,111.78242183860203,-0.9508897824601119,0.0,120.62809394878443,111.52423470502487,-0.8674454047397064,0.0
121.08536631056333,111.03899612773023,-0.3733043742826914,0.0,120.44572475254596,110.81272854174514,-1.0635944181666381,0.0,120.66338485608921,112.06923818173061,-1.2903185869125653,0.0,121.03680709880575,111.78242183860203,-0.9508897824601119,0.0
121.55425292507113,111.90934727216222,-0.7915065225939251,0.0,121.08536631056333,111.03899612773023,-0.3733043742826914,0.0,120.44572475254596,110.81272854174514,-1.0635944181666381,0.0,120.66338485608921,112.06923818173061,-1.2903185869125653,0.0
121.55363694644083,112.41789726844223,-0.38118196031621787,0.0,121.55425292507113,111.90934727216222,-0.7915065225939251,0.0,121.08536631056333,111.03899612773023,-0.3733043742826914,0.0,120.44572475254596,110.81272854174514,-1.0635944181666381,0.0
122.00240189358439,112.61217048322644,-0.5700743774391948,0.0,121.55363694644083,112.41789726844223,-0.38118196031621787,0.0,121.55425292507113,111.90934727216222,-0.7915065225939251,0.0,121.08536631056333,111.03899612773023,-0.3733043742826914,0.0
121.39493706893838,112.39766596138128,-0.8524959180825279,0.0,122.00240189358439,112.61217048322644,-0.5700743774391948,0.0,121.55363694644083,112.41789726844223,-0.38118196031621787,0.0,121.55425292507113,111.90934727216222,-0.7915065225939251,0.0
121.310539587136,112.54885218942405,-0.7355119144433013,0.0,121.39493706893838,112.39766596138128,-0.8524959180825279,0.0,122.00240189358439,112.61217048322644,-0.5700743774391948,0.0,121.55363694644083,112.41789726844223,-0.38118196031621787,0.0
122.21530765958197,113.14125626037341,-1.1060306927643282,0.0,121.310539587136,112.54885218942405,-0.7355119144433013,0.0,121.39493706893838,112.39766596138128,-0.8524959180825279,0.0,122.00240189358439,112.61217048322644,-0.5700743774391948,0.0
122.12846056033023,113.5589326461052,-1.1616492068850537,0.0,122.21530765958197,113.14125626037341,-1.1060306927643282,0.0,121.310539587136,112.54885218942405,-0.7355119144433013,0.0,121.39493706893838,112.39766596138128,-0.8524959180825279,0.0
122.1008541768703,113.30141057374766,-1.528258311802467,0.0,122.12846056033023,113.5589326461052,-1.1616492068850537,0.0,122.21530765958197,113.14125626037341,-1.1060306927643282,0.0,121.310539587136,112.54885218942405,-0.7355119144433013,0.0
123.13799013453198,113.91332999896292,-0.2402440829837792,0.0,122.1008541768703,113.30141057374766,-1.528258311802467,0.0,122.12846056033023,113.5589326461052,-1.1616492068850537,0.0,122.21530765958197,113.14125626037341,-1.1060306927643282,0.0
122.23330368143067,111.5483468654109,-0.17456349040115907,0.0,123.13799013453198,113.91332999896292,-0.2402440829837792,0.0,122.1008541768703,113.30141057374766,-1.528258311802467,0.0,122.12846056033023,113.5589326461052,-1.1616492068850537,0.0
122.51235631874755,113.45003619436079,-0.48951354631722005,0.0,122.23330368143067,111.5483468654109,-0.17456349040115907,0.0,123.13799013453198,113.91332999896292,-0.2402440829837792,0.0,122.1008541768703,113.30141057374766,-1.528258311802467,0.0
123.17440924690264,113.34937895998911,-0.2846208816866651,0.0,122.51235631874755,113.45003619436079,-0.48951354631722005,0.0,122.23330368143067,111.5483468654109,-0.17456349040115907,0.0,123.13799013453198,113.91332999896292,-0.2402440829837792,0.0
122.7454303624027,112.63336143740341,-0.283860730194747,0.0,123.17440924690264,113.34937895998911,-0.2846208816866651,0.0,122.51235631874755,113.45003619436079,-0.48951354631722005,0.0,122.23330368143067,111.5483468654109,-0.17456349040115907,0.0
122.94763333656996,113.57052693559243,-0.3375733839224091,0.0,122.7454303624027,112.63336143740341,-0.283860730194747,0.0,123.17440924690264,113.34937895998911,-0.2846208816866651,0.0,122.51235631874755,113.45003619436079,-0.48951354631722005,0.0
122.2764379703624,111.81317900576218,0.03702464288378532,0.0,122.94763333656996,113.57052693559243,-0.3375733839224091,0.0,122.7454303624027,112.63336143740341,-0.283860730194747,0.0,123.17440924690264,113.34937895998911,-0.2846208816866651,0.0
121.87378406383597,112.08000229340553,0.4083735693306808,0.0,122.2764379703624,111.81317900576218,0.03702464288378532,0.0,122.94763333656996,113.57052693559243,-0.3375733839224091,0.0,122.7454303624027,112.63336143740341,-0.283860730194747,0.0
122.12465315776679,111.3371460265162,0.06144828165928096,0.0,121.87378406383597,112.08000229340553,0.4083735693306808,0.0,122.2764379703624,111.81317900576218,0.03702464288378532,0.0,122.94763333656996,113.57052693559243,-0.3375733839224091,0.0
122.46421149489822,112.69588735741027,-0.23875049499491524,0.0,122.12465315776679,111.3371460265162,0.06144828165928096,0.0,121.87378406383597,112.08000229340553,0.4083735693306808,0.0,122.2764379703624,111.81317900576218,0.03702464288378532,0.0
122.85761986161323,113.48435181016941,-0.3285262445717542,0.0,122.46421149489822,112.69588735741027,-0.23875049499491524,0.0,122.12465315776679,111.3371460265162,0.06144828165928096,0.0,121.87378406383597,112.08000229340553,0.4083735693306808,0.0
123.32642053290324,114.88979299714217,-1.4137815780251959,0.0,122.85761986161323,113.48435181016941,-0.3285262445717542,0.0,122.46421149489822,112.69588735741027,-0.23875049499491524,0.0,122.12465315776679,111.3371460265162,0.06144828165928096,0.0
122.9078143705751,114.3919755293982,-1.8886207935194328,0.0,123.32642053290324,114.88979299714217,-1.4137815780251959,0.0,122.85761986161323,113.48435181016941,-0.3285262445717542,0.0,122.46421149489822,112.69588735741027,-0.23875049499491524,0.0
123.20673620637662,114.32642335339514,-0.827459501093284,0.0,122.9078143705751,114.3919755293982,-1.8886207935194328,0.0,123.32642053290324,114.88979299714217,-1.4137815780251959,0.0,122.85761986161323,113.48435181016941,-0.3285262445717542,0.0
122.74621753708092,112.96038012591629,0.1605162558760146,0.0,123.20673620637662,114.32642335339514,-0.827459501093284,0.0,122.9078143705751,114.3919755293982,-1.8886207935194328,0.0,123.32642053290324,114.88979299714217,-1.4137815780251959,0.0
122.99302478072897,113.09989809459822,0.003894984922622524,0.0,122.74621753708092,112.96038012591629,0.1605162558760146,0.0,123.20673620637662,114.32642335339514,-0.827459501093284,0.0,122.9078143705751,114.3919755293982,-1.8886207935194328,0.0
122.84124751825078,113.13833410516975,0.29139446946598124,0.0,122.99302478072897,113.09989809459822,0.003894984922622524,0.0,122.74621753708092,112.96038012591629,0.1605162558760146,0.0,123.20673620637662,114.32642335339514,-0.827459501093284,0.0
122.91503580807844,111.616023201263,0.38874065284455306,0.0,122.84124751825078,113.13833410516975,0.29139446946598124,0.0,122.99302478072897,113.09989809459822,0.003894984922622524,0.0,122.74621753708092,112.96038012591629,0.1605162558760146,0.0
122.97347082382721,111.40623519293135,1.8504329265032613,0.0,122.91503580807844,111.616023201263,0.38874065284455306,0.0,122.84124751825078,113.13833410516975,0.29139446946598124,0.0,122.99302478072897,113.09989809459822,0.003894984922622524,0.0
122.09449644158416,109.63855425157405,2.0401337969198976,0.0,122.97347082382721,111.40623519293135,1.8504329265032613,0.0,122.91503580807844,111.616023201263,0.38874065284455306,0.0,122.84124751825078,113.13833410516975,0.29139446946598124,0.0
121.61636227430277,109.94347899068336,1.5681482417955348,0.0,122.09449644158416,109.63855425157405,2.0401337969198976,0.0,122.97347082382721,111.40623519293135,1.8504329265032613,0.0,122.91503580807844,111.616023201263,0.38874065284455306,0.0
121.7700805778531,111.48559922995787,0.7767483731362151,0.0,121.61636227430277,109.94347899068336,1.5681482417955348,0.0,122.09449644158416,109.63855425157405,2.0401337969198976,0.0,122.97347082382721,111.40623519293135,1.8504329265032613,0.0
121.01255698252436,111.19735879875054,-0.18182446161981414,0.0,121.7700805778531,111.48559922995787,0.7767483731362151,0.0,121.61636227430277,109.94347899068336,1.5681482417955348,0.0,122.09449644158416,109.63855425157405,2.0401337969198976,0.0
121.66006173288956,111.31178809459641,-0.043727751362239775,0.0,121.01255698252436,111.19735879875054,-0.18182446161981414,0.0,121.7700805778531,111.48559922995787,0.7767483731362151,0.0,121.61636227430277,109.94347899068336,1.5681482417955348,0.0
122.13186948323045,112.63915772450554,-0.4131575737319435,0.0,121.66006173288956,111.31178809459641,-0.043727751362239775,0.0,121.01255698252436,111.19735879875054,-0.18182446161981414,0.0,121.7700805778531,111.48559922995787,0.7767483731362151,0.0
122.23507241998125,112.68016886084015,-1.041652913784392,0.0,122.13186948323045,112.63915772450554,-0.4131575737319435,0.0,121.66006173288956,111.31178809459641,-0.043727751362239775,0.0,121.01255698252436,111.19735879875054,-0.18182446161981414,0.0
121.61447464358872,112.26032572034657,-1.1566087731487769,0.0,122.23507241998125,112.68016886084015,-1.041652913784392,0.0,122.13186948323045,112.63915772450554,-0.4131575737319435,0.0,121.66006173288956,111.31178809459641,-0.043727751362239775,0.0
122.3155419091956,113.32214550219265,-1.466061020326219,0.0,121.61447464358872,112.26032572034657,-1.1566087731487769,0.0,122.23507241998125,112.68016886084015,-1.041652913784392,0.0,122.13186948323045,112.63915772450554,-0.4131575737319435,0.0
123.18388907425961,113.74299545912083,-0.32927799872469277,0.0,122.3155419091956,113.32214550219265,-1.466061020326219,0.0,121.61447464358872,112.26032572034657,-1.1566087731487769,0.0,122.23507241998125,112.68016886084015,-1.041652913784392,0.0
122.9547842722961,113.31730801669187,0.17739747949497103,0.0,123.18388907425961,113.74299545912083,-0.32927799872469277,0.0,122.3155419091956,113.32214550219265,-1.466061020326219,0.0,121.61447464358872,112.26032572034657,-1.1566087731487769,0.0
122.96252571435745,113.13138785410118,0.13793166293766815,0.0,122.9547842722961,113.31730801669187,0.17739747949497103,0.0,123.18388907425961,113.74299545912083,-0.32927799872469277,0.0,122.3155419091956,113.32214550219265,-1.466061020326219,0.0
122.87458265941942,111.92614478929093,0.8503173997951474,0.0,122.96252571435745,113.13138785410118,0.13793166293766815,0.0,122.9547842722961,113.31730801669187,0.17739747949497103,0.0,123.18388907425961,113.74299545912083,-0.32927799872469277,0.0
122.96613551767263,111.97430408724651,0.7189380736599271,0.0,122.87458265941942,111.92614478929093,0.8503173997951474,0.0,122.96252571435745,113.13138785410118,0.13793166293766815,0.0,122.9547842722961,113.31730801669187,0.17739747949497103,0.0
122.63434777963725,113.57562512375364,0.14450835826380987,0.0,122.96613551767263,111.97430408724651,0.7189380736599271,0.0,122.87458265941942,111.92614478929093,0.8503173997951474,0.0,122.96252571435745,113.13138785410118,0.13793166293766815,0.0
122.50843020000941,111.63531807556942,0.8771687252458765,0.0,122.63434777963725,113.57562512375364,0.14450835826380987,0.0,122.96613551767263,111.97430408724651,0.7189380736599271,0.0,122.87458265941942,111.92614478929093,0.8503173997951474,0.0
122.8686806580869,111.8184460433863,0.9711900020390305,0.0,122.50843020000941,111.63531807556942,0.8771687252458765,0.0,122.63434777963725,113.57562512375364,0.14450835826380987,0.0,122.96613551767263,111.97430408724651,0.7189380736599271,0.0
123.784508997365,113.6649522010548,0.25832892446799627,0.0,122.8686806580869,111.8184460433863,0.9711900020390305,0.0,122.50843020000941,111.63531807556942,0.8771687252458765,0.0,122.63434777963725,113.57562512375364,0.14450835826380987,0.0
122.72897915875538,111.97184843871486,0.11149380053259293,0.0,123.784508997365,113.6649522010548,0.25832892446799627,0.0,122.8686806580869,111.8184460433863,0.9711900020390305,0.0,122.50843020000941,111.63531807556942,0.8771687252458765,0.0
122.49941988794836,112.63714393708923,-0.34861408626630425,0.0,122.72897915875538,111.97184843871486,0.11149380053259293,0.0,123.784508997365,113.6649522010548,0.25832892446799627,0.0,122.8686806580869,111.8184460433863,0.9711900020390305,0.0
121.80337705592373,112.11857223637853,-0.9702911344952114,0.0,122.49941988794836,112.63714393708923,-0.34861408626630425,0.0,122.72897915875538,111.97184843871486,0.11149380053259293,0.0,123.784508997365,113.6649522010548,0.25832892446799627,0.0
122.58824559459691,113.00936998860237,-0.31314413383034845,0.0,121.80337705592373,112.11857223637853,-0.9702911344952114,0.0,122.49941988794836,112.63714393708923,-0.34861408626630425,0.0,122.72897915875538,111.97184843871486,0.11149380053259293,0.0
122.22416578951312,111.05123403008889,0.7041930131707865,0.0,122.58824559459691,113.00936998860237,-0.31314413383034845,0.0,121.80337705592373,112.11857223637853,-0.9702911344952114,0.0,122.49941988794836,112.63714393708923,-0.34861408626630425,0.0
121.51601183405919,110.83440801316834,-0.13592937637294134,0.0,122.22416578951312,111.05123403008889,0.7041930131707865,0.0,122.58824559459691,113.00936998860237,-0.31314413383034845,0.0,121.80337705592373,112.11857223637853,-0.9702911344952114,0.0
121.97460224644362,111.14601440456036,0.17274111724693236,0.0,121.51601183405919,110.83440801316834,-0.13592937637294134,0.0,122.22416578951312,111.05123403008889,0.7041930131707865,0.0,122.58824559459691,113.00936998860237,-0.31314413383034845,0.0
122.77635942395483,113.50955861143257,-0.18712839076336757,0.0,121.97460224644362,111.14601440456036,0.17274111724693236,0.0,121.51601183405919,110.83440801316834,-0.13592937637294134,0.0,122.22416578951312,111.05123403008889,0.7041930131707865,0.0
122.88274409645814,113.40284753972236,-0.3932654044930421,0.0,122.77635942395483,113.50955861143257,-0.18712839076336757,0.0,121.97460224644362,111.14601440456036,0.17274111724693236,0.0,121.51601183405919,110.83440801316834,-0.13592937637294134,0.0
122.73278536560528,113.51617700404404,-0.6108092857138683,0.0,122.88274409645814,113.40284753972236,-0.3932654044930421,0.0,122.77635942395483,113.50955861143257,-0.18712839076336757,0.0,121.97460224644362,111.14601440456036,0.17274111724693236,0.0
122.72095045388437,113.39696599975721,-0.9206428134110027,0.0,122.73278536560528,113.51617700404404,-0.6108092857138683,0.0,122.88274409645814,113.40284753972236,-0.3932654044930421,0.0,122.77635942395483,113.50955861143257,-0.18712839076336757,0.0
123.20545415386461,113.57453081311374,-0.7122534367563887,0.0,122.72095045388437,113.39696599975721,-0.9206428134110027,0.0,122.73278536560528,113.51617700404404,-0.6108092857138683,0.0,122.88274409645814,113.40284753972236,-0.3932654044930421,0.0
122.43526426747947,113.839988412103,-0.9852778076106299,0.0,123.20545415386461,113.57453081311374,-0.7122534367563887,0.0,122.72095045388437,113.39696599975721,-0.9206428134110027,0.0,122.73278536560528,113.51617700404404,-0.6108092857138683,0.0
122.2488896505985,112.86796422683861,-0.6529938331985846,0.0,122.43526426747947,113.839988412103,-0.9852778076106299,0.0,123.20545415386461,113.57453081311374,-0.7122534367563887,0.0,122.72095045388437,113.39696599975721,-0.9206428134110027,0.0
121.89989786367235,113.45737565103383,-0.5475141212834361,0.0,122.2488896505985,112.86796422683861,-0.6529938331985846,0.0,122.43526426747947,113.839988412103,-0.9852778076106299,0.0,123.20545415386461,113.57453081311374,-0.7122534367563887,0.0
121.37539047277531,111.2119032903343,-0.5574853204599538,0.0,121.89989786367235,113.45737565103383,-0.5475141212834361,0.0,122.2488896505985,112.86796422683861,-0.6529938331985846,0.0,122.43526426747947,113.839988412103,-0.9852778076106299,0.0
121.31269227440522,112.46864948213235,-0.899770087388762,0.0,121.37539047277531,111.2119032903343,-0.5574853204599538,0.0,121.89989786367235,113.45737565103383,-0.5475141212834361,0.0,122.2488896505985,112.86796422683861,-0.6529938331985846,0.0
121.95714369452548,112.93741345979845,-1.008201735195176,0.0,121.31269227440522,112.46864948213235,-0.899770087388762,0.0,121.37539047277531,111.2119032903343,-0.5574853204599538,0.0,121.89989786367235,113.45737565103383,-0.5475141212834361,0.0
122.2093633316237,112.79305396386098,-0.42886577524326286,0.0,121.95714369452548,112.93741345979845,-1.008201735195176,0.0,121.31269227440522,112.46864948213235,-0.899770087388762,0.0,121.37539047277531,111.2119032903343,-0.5574853204599538,0.0
122.48920466991359,112.00882490878928,-0.09263402638241991,0.0,122.2093633316237,112.79305396386098,-0.42886577524326286,0.0,121.95714369452548,112.93741345979845,-1.008201735195176,0.0,121.31269227440522,112.46864948213235,-0.899770087388762,0.0
122.34811394147366,114.32975200567756,-0.5628848435052114,0.0,122.48920466991359,112.00882490878928,-0.09263402638241991,0.0,122.2093633316237,112.79305396386098,-0.42886577524326286,0.0,121.95714369452548,112.93741345979845,-1.008201735195176,0.0
122.4949578094101,112.90390470266263,-0.4006417220895562,0.0,122.34811394147366,114.32975200567756,-0.5628848435052114,0.0,122.48920466991359,112.00882490878928,-0.09263402638241991,0.0,122.2093633316237,112.79305396386098,-0.42886577524326286,0.0
121.99598534915934,111.99371454389393,0.05518018401424957,0.0,122.4949578094101,112.90390470266263,-0.4006417220895562,0.0,122.34811394147366,114.32975200567756,-0.5628848435052114,0.0,122.48920466991359,112.00882490878928,-0.09263402638241991,0.0
121.8011090495301,112.81848573667523,-0.7905584933492862,0.0,121.99598534915934,111.99371454389393,0.05518018401424957,0.0,122.4949578094101,112.90390470266263,-0.4006417220895562,0.0,122.34811394147366,114.32975200567756,-0.5628848435052114,0.0
121.96381589221414,111.46146931788579,-0.36076669848946147,0.0,121.8011090495301,112.81848573667523,-0.7905584933492862,0.0,121.99598534915934,111.99371454389393,0.05518018401424957,0.0,122.4949578094101,112.90390470266263,-0.4006417220895562,0.0
122.05393442364537,113.11752439133775,-0.6199252382644925,0.0,121.96381589221414,111.46146931788579,-0.36076669848946147,0.0,121.8011090495301,112.81848573667523,-0.7905584933492862,0.0,121.99598534915934,111.99371454389393,0.05518018401424957,0.0
122.20190888380228,112.02665165149944,-0.2106408563150144,0.0,122.05393442364537,113.11752439133775,-0.6199252382644925,0.0,121.96381589221414,111.46146931788579,-0.36076669848946147,0.0,121.8011090495301,112.81848573667523,-0.7905584933492862,0.0
122.07024635484298,112.44226222381323,-0.55014226332327,0.0,122.20190888380228,112.02665165149944,-0.2106408563150144,0.0,122.05393442364537,113.11752439133775,-0.6199252382644925,0.0,121.96381589221414,111.46146931788579,-0.36076669848946147,0.0
121.83990059197436,112.55169582669745,-1.3425548609908755,0.0,122.07024635484298,112.44226222381323,-0.55014226332327,0.0,122.20190888380228,112.02665165149944,-0.2106408563150144,0.0,122.05393442364537,113.11752439133775,-0.6199252382644925,0.0
123.27593869770999,115.49734834783303,-1.8878151077342817,0.0,121.83990059197436,112.55169582669745,-1.3425548609908755,0.0,122.07024635484298,112.44226222381323,-0.55014226332327,0.0,122.20190888380228,112.02665165149944,-0.2106408563150144,0.0
123.31572370620312,115.16841776862174,-1.4862096128567346,0.0,123.27593869770999,115.49734834783303,-1.8878151077342817,0.0,121.83990059197436,112.55169582669745,-1.3425548609908755,0.0,122.07024635484298,112.44226222381323,-0.55014226332327,0.0
123.17485631300431,113.68592779869027,-1.0591064394246468,0.0,123.31572370620312,115.16841776862174,-1.4862096128567346,0.0,123.27593869770999,115.49734834783303,-1.8878151077342817,0.0,121.83990059197436,112.55169582669745,-1.3425548609908755,0.0
122.73232539124183,113.81910820116869,-1.299443464091922,0.0,123.17485631300431,113.68592779869027,-1.0591064394246468,0.0,123.31572370620312,115.16841776862174,-1.4862096128567346,0.0,123.27593869770999,115.49734834783303,-1.8878151077342817,0.0
122.27201384643844,113.76474106166168,-0.7202585418848506,0.0,122.73232539124183,113.81910820116869,-1.299443464091922,0.0,123.17485631300431,113.68592779869027,-1.0591064394246468,0.0,123.31572370620312,115.16841776862174,-1.4862096128567346,0.0
122.06512363018437,113.74174300205834,-1.4069668646423605,0.0,122.27201384643844,113.76474106166168,-0.7202585418848506,0.0,122.73232539124183,113.81910820116869,-1.299443464091922,0.0,123.17485631300431,113.68592779869027,-1.0591064394246468,0.0
122.14308783117635,113.1085098952899,-1.1586133910375467,0.0,122.06512363018437,113.74174300205834,-1.4069668646423605,0.0,122.27201384643844,113.76474106166168,-0.7202585418848506,0.0,122.73232539124183,113.81910820116869,-1.299443464091922,0.0
121.16054919791681,112.27406589985478,-1.5323988127112658,0.0,122.14308783117635,113.1085098952899,-1.1586133910375467,0.0,122.06512363018437,113.74174300205834,-1.4069668646423605,0.0,122.27201384643844,113.76474106166168,-0.7202585418848506,0.0
120.52302089439313,112.41447332505967,-1.5518371040700922,0.0,121.16054919791681,112.27406589985478,-1.5323988127112658,0.0,122.14308783117635,113.1085098952899,-1.1586133910375467,0.0,122.06512363018437,113.74174300205834,-1.4069668646423605,0.0
120.4440291465902,113.11892748909656,-1.217770347597867,0.0,120.52302089439313,112.41447332505967,-1.5518371040700922,0.0,121.16054919791681,112.27406589985478,-1.5323988127112658,0.0,122.14308783117635,113.1085098952899,-1.1586133910375467,0.0
120.85871663549415,112.0015280033459,-1.4044229607202698,0.0,120.4440291465902,113.11892748909656,-1.217770347597867,0.0,120.52302089439313,112.41447332505967,-1.5518371040700922,0.0,121.16054919791681,112.27406589985478,-1.5323988127112658,0.0
120.92479801003451,112.85077449569764,-1.3158161406911286,0.0,120.85871663549415,112.0015280033459,-1.4044229607202698,0.0,120.4440291465902,113.11892748909656,-1.217770347597867,0.0,120.52302089439313,112.41447332505967,-1.5518371040700922,0.0
121.81046688164477,113.36864278865164,-0.5495065079456827,0.0,120.92479801003451,112.85077449569764,-1.3158161406911286,0.0,120.85871663549415,112.0015280033459,-1.4044229607202698,0.0,120.4440291465902,113.11892748909656,-1.217770347597867,0.0
121.04758514917852,113.19179925278868,-0.7280511411181205,0.0,121.81046688164477,113.36864278865164,-0.5495065079456827,0.0,120.92479801003451,112.85077449569764,-1.3158161406911286,0.0,120.85871663549415,112.0015280033459,-1.4044229607202698,0.0
120.92810967924093,110.68571410600401,-0.1645948568619255,0.0,121.04758514917852,113.19179925278868,-0.7280511411181205,0.0,121.81046688164477,113.36864278865164,-0.5495065079456827,0.0,120.92479801003451,112.85077449569764,-1.3158161406911286,0.0
121.87706912810239,112.50928971571827,-0.6965293128183494,0.0,120.92810967924093,110.68571410600401,-0.1645948568619255,0.0,121.04758514917852,113.19179925278868,-0.7280511411181205,0.0,121.81046688164477,113.36864278865164,-0.5495065079456827,0.0
121.94948332117794,112.35463287283113,-0.2923213612970382,0.0,121.87706912810239,112.50928971571827,-0.6965293128183494,0.0,120.92810967924093,110.68571410600401,-0.1645948568619255,0.0,121.04758514917852,113.19179925278868,-0.7280511411181205,0.0
122.43912373188721,111.25768432911454,0.4869272212913196,0.0,121.94948332117794,112.35463287283113,-0.2923213612970382,0.0,121.87706912810239,112.50928971571827,-0.6965293128183494,0.0,120.92810967924093,110.68571410600401,-0.1645948568619255,0.0
123.28623004816052,113.81384817967955,-0.846280473030589,0.0,122.43912373188721,111.25768432911454,0.4869272212913196,0.0,121.94948332117794,112.35463287283113,-0.2923213612970382,0.0,121.87706912810239,112.50928971571827,-0.6965293128183494,0.0
122.63687212413102,112.90419410892977,-1.0754720061597096,0.0,123.28623004816052,113.81384817967955,-0.846280473030589,0.0,122.43912373188721,111.25768432911454,0.4869272212913196,0.0,121.94948332117794,112.35463287283113,-0.2923213612970382,0.0
122.37755244432167,113.6457617217427,-0.5718415413374978,0.0,122.63687212413102,112.90419410892977,-1.0754720061597096,0.0,123.28623004816052,113.81384817967955,-0.846280473030589,0.0,122.43912373188721,111.25768432911454,0.4869272212913196,0.0
122.13049042198902,112.70676166005751,-0.5589959260914945,0.0,122.37755244432167,113.6457617217427,-0.5718415413374978,0.0,122.63687212413102,112.90419410892977,-1.0754720061597096,0.0,123.28623004816052,113.81384817967955,-0.846280473030589,0.0
121.11771124834905,112.18769174001062,-0.26162380418754116,0.0,122.13049042198902,112.70676166005751,-0.5589959260914945,0.0,122.37755244432167,113.6457617217427,-0.5718415413374978,0.0,122.63687212413102,112.90419410892977,-1.0754720061597096,0.0
121.15016329206617,111.77614609470189,-0.5112916367079432,0.0,121.11771124834905,112.18769174001062,-0.26162380418754116,0.0,122.13049042198902,112.70676166005751,-0.5589959260914945,0.0,122.37755244432167,113.6457617217427,-0.5718415413374978,0.0
121.7487232478263,112.23876959033956,-0.3657384156299046,0.0,121.15016329206617,111.77614609470189,-0.5112916367079432,0.0,121.11771124834905,112.18769174001062,-0.26162380418754116,0.0,122.13049042198902,112.70676166005751,-0.5589959260914945,0.0
122.06325451675119,112.12037704831965,-0.3704293501999634,0.0,121.7487232478263,112.23876959033956,-0.3657384156299046,0.0,121.15016329206617,111.77614609470189,-0.5112916367079432,0.0,121.11771124834905,112.18769174001062,-0.26162380418754116,0.0
122.3577730215781,112.04744353033723,0.2875475506699329,0.0,122.06325451675119,112.12037704831965,-0.3704293501999634,0.0,121.7487232478263,112.23876959033956,-0.3657384156299046,0.0,121.15016329206617,111.77614609470189,-0.5112916367079432,0.0
122.12563002715149,111.45667799582498,0.35724846218655293,0.0,122.3577730215781,112.04744353033723,0.2875475506699329,0.0,122.06325451675119,112.12037704831965,-0.3704293501999634,0.0,121.7487232478263,112.23876959033956,-0.3657384156299046,0.0
121.8216870591297,111.01536689177343,0.45460010078684343,0.0,122.12563002715149,111.45667799582498,0.35724846218655293,0.0,122.3577730215781,112.04744353033723,0.2875475506699329,0.0,122.06325451675119,112.12037704831965,-0.3704293501999634,0.0
122.52736931434865,111.29216337808884,0.15774159756824108,0.0,121.8216870591297,111.01536689177343,0.45460010078684343,0.0,122.12563002715149,111.45667799582498,0.35724846218655293,0.0,122.3577730215781,112.04744353033723,0.2875475506699329,0.0
122.15187997163703,112.42713813326174,-0.1176098339816539,0.0,122.52736931434865,111.29216337808884,0.15774159756824108,0.0,121.8216870591297,111.01536689177343,0.45460010078684343,0.0,122.12563002715149,111.45667799582498,0.35724846218655293,0.0
122.21857245822363,112.99945076965193,-0.31036696109513356,0.0,122.15187997163703,112.42713813326174,-0.1176098339816539,0.0,122.52736931434865,111.29216337808884,0.15774159756824108,0.0,121.8216870591297,111.01536689177343,0.45460010078684343,0.0
122.24773716420594,112.1757628542347,-0.05106749768695845,0.0,122.21857245822363,112.99945076965193,-0.31036696109513356,0.0,122.15187997163703,112.42713813326174,-0.1176098339816539,0.0,122.52736931434865,111.29216337808884,0.15774159756824108,0.0
122.85373707322557,113.50622332535502,-0.25134623855969823,0.0,122.24773716420594,112.1757628542347,-0.05106749768695845,0.0,122.21857245822363,112.99945076965193,-0.31036696109513356,0.0,122.15187997163703,112.42713813326174,-0.1176098339816539,0.0
123.14565274143578,112.46086191961706,-0.05618956239955214,0.0,122.85373707322557,113.50622332535502,-0.25134623855969823,0.0,122.24773716420594,112.1757628542347,-0.05106749768695845,0.0,122.21857245822363,112.99945076965193,-0.31036696109513356,0.0
122.2966189231539,111.44547919322343,0.9927487494030777,0.0,123.14565274143578,112.46086191961706,-0.05618956239955214,0.0,122.85373707322557,113.50622332535502,-0.25134623855969823,0.0,122.24773716420594,112.1757628542347,-0.05106749768695845,0.0
121.70558782238159,110.7586146550803,1.2297613512383083,0.0,122.2966189231539,111.44547919322343,0.9927487494030777,0.0,123.14565274143578,112.46086191961706,-0.05618956239955214,0.0,122.85373707322557,113.50622332535502,-0.25134623855969823,0.0
122.07922108538705,111.49408163105588,0.8207973149067261,0.0,121.70558782238159,110.7586146550803,1.2297613512383083,0.0,122.2966189231539,111.44547919322343,0.9927487494030777,0.0,123.14565274143578,112.46086191961706,-0.05618956239955214,0.0
122.10669592462591,110.49024239988273,1.2572448130073535,0.0,122.07922108538705,111.49408163105588,0.8207973149067261,0.0,121.70558782238159,110.7586146550803,1.2297613512383083,0.0,122.2966189231539,111.44547919322343,0.9927487494030777,0.0
121.89896674413126,111.17608207185191,0.8017581638951071,0.0,122.10669592462591,110.49024239988273,1.2572448130073535,0.0,122.07922108538705,111.49408163105588,0.8207973149067261,0.0,121.70558782238159,110.7586146550803,1.2297613512383083,0.0
122.37339321902415,113.07188236556217,-0.37765573647284123,0.0,121.89896674413126,111.17608207185191,0.8017581638951071,0.0,122.10669592462591,110.49024239988273,1.2572448130073535,0.0,122.07922108538705,111.49408163105588,0.8207973149067261,0.0
122.37501873997384,112.34851052579901,-0.806167744636975,0.0,122.37339321902415,113.07188236556217,-0.37765573647284123,0.0,121.89896674413126,111.17608207185191,0.8017581638951071,0.0,122.10669592462591,110.49024239988273,1.2572448130073535,0.0
122.21506945866298,114.22348453521636,-1.5803301562225078,0.0,122.37501873997384,112.34851052579901,-0.806167744636975,0.0,122.37339321902415,113.07188236556217,-0.37765573647284123,0.0,121.89896674413126,111.17608207185191,0.8017581638951071,0.0
122.4674838055322,113.88972163551438,-1.4400208669986607,0.0,122.21506945866298,114.22348453521636,-1.5803301562225078,0.0,122.37501873997384,112.34851052579901,-0.806167744636975,0.0,122.37339321902415,113.07188236556217,-0.37765573647284123,0.0
122.13866650051813,112.95532092871716,-1.1428075040041528,0.0,122.4674838055322,113.88972163551438,-1.4400208669986607,0.0,122.21506945866298,114.22348453521636,-1.5803301562225078,0.0,122.37501873997384,112.34851052579901,-0.806167744636975,0.0
122.81010280765436,113.70179770992857,-0.07602734706568093,0.0,122.13866650051813,112.95532092871716,-1.1428075040041528,0.0,122.4674838055322,113.88972163551438,-1.4400208669986607,0.0,122.21506945866298,114.22348453521636,-1.5803301562225078,0.0
122.25828289286058,111.91551083292805,0.10264180922953658,0.0,122.81010280765436,113.70179770992857,-0.07602734706568093,0.0,122.13866650051813,112.95532092871716,-1.1428075040041528,0.0,122.4674838055322,113.88972163551438,-1.4400208669986607,0.0
122.48318220449663,113.03817285925766,-0.027436817020802848,0.0,122.25828289286058,111.91551083292805,0.10264180922953658,0.0,122.81010280765436,113.70179770992857,-0.07602734706568093,0.0,122.13866650051813,112.95532092871716,-1.1428075040041528,0.0
123.08920897075889,112.28506424336678,0.3927533369751023,0.0,122.48318220449663,113.03817285925766,-0.027436817020802848,0.0,122.25828289286058,111.91551083292805,0.10264180922953658,0.0,122.81010280765436,113.70179770992857,-0.07602734706568093,0.0
122.11341419754943,113.38610468843277,-0.7913649849238606,0.0,123.08920897075889,112.28506424336678,0.3927533369751023,0.0,122.48318220449663,113.03817285925766,-0.027436817020802848,0.0,122.25828289286058,111.91551083292805,0.10264180922953658,0.0
121.91487500996696,112.08377520292734,-0.5152847088848056,0.0,122.11341419754943,113.38610468843277,-0.7913649849238606,0.0,123.08920897075889,112.28506424336678,0.3927533369751023,0.0,122.48318220449663,113.03817285925766,-0.027436817020802848,0.0
122.50410454530048,111.97798318231747,-0.02679517016436106,0.0,121.91487500996696,112.08377520292734,-0.5152847088848056,0.0,122.11341419754943,113.38610468843277,-0.7913649849238606,0.0,123.08920897075889,112.28506424336678,0.3927533369751023,0.0
122.91943367647204,113.24944467267704,-0.7607292590214096,0.0,122.50410454530048,111.97798318231747,-0.02679517016436106,0.0,121.91487500996696,112.08377520292734,-0.5152847088848056,0.0,122.11341419754943,113.38610468843277,-0.7913649849238606,0.0
122.62309213134172,112.53414019283633,-0.03670638561366324,0.0,122.91943367647204,113.24944467267704,-0.7607292590214096,0.0,122.50410454530048,111.97798318231747,-0.02679517016436106,0.0,121.91487500996696,112.08377520292734,-0.5152847088848056,0.0
122.12604741849955,112.10181479470813,0.13988309525627646,0.0,122.62309213134172,112.53414019283633,-0.03670638561366324,0.0,122.91943367647204,113.24944467267704,-0.7607292590214096,0.0,122.50410454530048,111.97798318231747,-0.02679517016436106,0.0
122.53296045954228,112.91690772845513,-0.09573748074537947,0.0,122.12604741849955,112.10181479470813,0.13988309525627646,0.0,122.62309213134172,112.53414019283633,-0.03670638561366324,0.0,122.91943367647204,113.24944467267704,-0.7607292590214096,0.0
123.01610365106467,112.04078535719927,0.23980094845683886,0.0,122.53296045954228,112.91690772845513,-0.09573748074537947,0.0,122.12604741849955,112.10181479470813,0.13988309525627646,0.0,122.62309213134172,112.53414019283633,-0.03670638561366324,0.0
122.26611735759501,111.28867778001114,1.327187187667669,0.0,123.01610365106467,112.04078535719927,0.23980094845683886,0.0,122.53296045954228,112.91690772845513,-0.09573748074537947,0.0,122.12604741849955,112.10181479470813,0.13988309525627646,0.0
121.65966147965403,111.02551163877564,1.1526828776633828,0.0,122.26611735759501,111.28867778001114,1.327187187667669,0.0,123.01610365106467,112.04078535719927,0.23980094845683886,0.0,122.53296045954228,112.91690772845513,-0.09573748074537947,0.0
121.91362340748086,110.53468234468357,1.0462565952808744,0.0,121.65966147965403,111.02551163877564,1.1526828776633828,0.0,122.26611735759501,111.28867778001114,1.327187187667669,0.0,123.01610365106467,112.04078535719927,0.23980094845683886,0.0
122.24384939423066,112.03459296936938,0.6073248264545775,0.0,121.91362340748086,110.53468234468357,1.0462565952808744,0.0,121.65966147965403,111.02551163877564,1.1526828776633828,0.0,122.26611735759501,111.28867778001114,1.327187187667669,0.0
122.02365739919469,112.43775147149651,0.06093767643126613,0.0,122.24384939423066,112.03459296936938,0.6073248264545775,0.0,121.91362340748086,110.53468234468357,1.0462565952808744,0.0,121.65966147965403,111.02551163877564,1.1526828776633828,0.0
122.32921773834623,112.587101820014,0.4639180494171357,0.0,122.02365739919469,112.43775147149651,0.06093767643126613,0.0,122.24384939423066,112.03459296936938,0.6073248264545775,0.0,121.91362340748086,110.53468234468357,1.0462565952808744,0.0
121.89846454057215,112.19682693372312,-0.056907473420725,0.0,122.32921773834623,112.587101820014,0.4639180494171357,0.0,122.02365739919469,112.43775147149651,0.06093767643126613,0.0,122.24384939423066,112.03459296936938,0.6073248264545775,0.0
120.91320934696867,110.9643097190438,-0.009742860126883766,0.0,121.89846454057215,112.19682693372312,-0.056907473420725,0.0,122.32921773834623,112.587101820014,0.4639180494171357,0.0,122.02365739919469,112.43775147149651,0.06093767643126613,0.0
120.96415531811995,111.08923246577368,-0.24662301148406535,0.0,120.91320934696867,110.9643097190438,-0.009742860126883766,0.0,121.89846454057215,112.19682693372312,-0.056907473420725,0.0,122.32921773834623,112.587101820014,0.4639180494171357,0.0
121.26555481813742,110.74771019230172,0.042191503685943654,0.0,120.96415531811995,111.08923246577368,-0.24662301148406535,0.0,120.91320934696867,110.9643097190438,-0.009742860126883766,0.0,121.89846454057215,112.19682693372312,-0.056907473420725,0.0
121.33116717660283,110.86713395917769,0.20058425559222906,0.0,121.26555481813742,110.74771019230172,0.042191503685943654,0.0,120.96415531811995,111.08923246577368,-0.24662301148406535,0.0,120.91320934696867,110.9643097190438,-0.009742860126883766,0.0
120.96649730742271,110.38269604059658,0.6792373766027329,0.0,121.33116717660283,110.86713395917769,0.20058425559222906,0.0,121.26555481813742,110.74771019230172,0.042191503685943654,0.0,120.96415531811995,111.08923246577368,-0.24662301148406535,0.0
120.35698814398287,110.16770428031788,0.2883817018548128,0.0,120.96649730742271,110.38269604059658,0.6792373766027329,0.0,121.33116717660283,110.86713395917769,0.20058425559222906,0.0,121.26555481813742,110.74771019230172,0.042191503685943654,0.0
120.52008423277817,110.16923760448344,0.09576789383716464,0.0,120.35698814398287,110.16770428031788,0.2883817018548128,0.0,120.96649730742271,110.38269604059658,0.6792373766027329,0.0,121.33116717660283,110.86713395917769,0.20058425559222906,0.0
121.3105439514091,111.08702641276625,-0.412767542821422,0.0,120.52008423277817,110.16923760448344,0.09576789383716464,0.0,120.35698814398287,110.16770428031788,0.2883817018548128,0.0,120.96649730742271,110.38269604059658,0.6792373766027329,0.0
122.04959400248234,112.53879756703591,-0.5523606642951934,0.0,121.3105439514091,111.08702641276625,-0.412767542821422,0.0,120.52008423277817,110.16923760448344,0.09576789383716464,0.0,120.35698814398287,110.16770428031788,0.2883817018548128,0.0
122.58013496043253,113.06793867245148,-0.2532382849137286,0.0,122.04959400248234,112.53879756703591,-0.5523606642951934,0.0,121.3105439514091,111.08702641276625,-0.412767542821422,0.0,120.52008423277817,110.16923760448344,0.09576789383716464,0.0
122.03821593787066,112.35874525802177,0.17590368039169307,0.0,122.58013496043253,113.06793867245148,-0.2532382849137286,0.0,122.04959400248234,112.53879756703591,-0.5523606642951934,0.0,121.3105439514091,111.08702641276625,-0.412767542821422,0.0
121.43006806760216,112.47303041758377,-0.32035971777545824,0.0,122.03821593787066,112.35874525802177,0.17590368039169307,0.0,122.58013496043253,113.06793867245148,-0.2532382849137286,0.0,122.04959400248234,112.53879756703591,-0.5523606642951934,0.0
121.82662310729943,111.31497308544519,0.1785151858324635,0.0,121.43006806760216,112.47303041758377,-0.32035971777545824,0.0,122.03821593787066,112.35874525802177,0.17590368039169307,0.0,122.58013496043253,113.06793867245148,-0.2532382849137286,0.0
122.22317096060279,111.11355062071459,0.8206310780684463,0.0,121.82662310729943,111.31497308544519,0.1785151858324635,0.0,121.43006806760216,112.47303041758377,-0.32035971777545824,0.0,122.03821593787066,112.35874525802177,0.17590368039169307,0.0
122.41544454753665,111.26354047091675,0.8632223140666074,0.0,122.22317096060279,111.11355062071459,0.8206310780684463,0.0,121.82662310729943,111.31497308544519,0.1785151858324635,0.0,121.43006806760216,112.47303041758377,-0.32035971777545824,0.0
121.43195838345548,109.86731234909922,1.628975757532319,0.0,122.41544454753665,111.26354047091675,0.8632223140666074,0.0,122.22317096060279,111.11355062071459,0.8206310780684463,0.0,121.82662310729943,111.31497308544519,0.1785151858324635,0.0
121.23153531742251,109.6117819380026,0.9162860064740688,0.0,121.43195838345548,109.86731234909922,1.628975757532319,0.0,122.41544454753665,111.26354047091675,0.8632223140666074,0.0,122.22317096060279,111.11355062071459,0.8206310780684463,0.0
121.39411044676818,111.52546824053704,0.11070145352354654,0.0,121.23153531742251,109.6117819380026,0.9162860064740688,0.0,121.43195838345548,109.86731234909922,1.628975757532319,0.0,122.41544454753665,111.26354047091675,0.8632223140666074,0.0
121.75498975007456,112.07815409310427,-0.800798961633302,0.0,121.39411044676818,111.52546824053704,0.11070145352354654,0.0,121.23153531742251,109.6117819380026,0.9162860064740688,0.0,121.43195838345548,109.86731234909922,1.628975757532319,0.0
122.18290100791243,112.09488946896926,0.10738298643794986,0.0,121.75498975007456,112.07815409310427,-0.800798961633302,0.0,121.39411044676818,111.52546824053704,0.11070145352354654,0.0,121.23153531742251,109.6117819380026,0.9162860064740688,0.0
122.21323167544796,112.10431784046023,0.4130892173273888,0.0,122.18290100791243,112.09488946896926,0.10738298643794986,0.0,121.75498975007456,112.07815409310427,-0.800798961633302,0.0,121.39411044676818,111.52546824053704,0.11070145352354654,0.0
122.3484994792674,111.74955528720184,0.30267903840668353,0.0,122.21323167544796,112.10431784046023,0.4130892173273888,0.0,122.18290100791243,112.09488946896926,0.10738298643794986,0.0,121.75498975007456,112.07815409310427,-0.800798961633302,0.0
122.33388532643413,111.74693972320688,0.38212754388525694,0.0,122.3484994792674,111.74955528720184,0.30267903840668353,0.0,122.21323167544796,112.10431784046023,0.4130892173273888,0.0,122.18290100791243,112.09488946896926,0.10738298643794986,0.0
122.57713346934396,112.65568957825153,-0.25704248854098266,0.0,122.33388532643413,111.74693972320688,0.38212754388525694,0.0,122.3484994792674,111.74955528720184,0.30267903840668353,0.0,122.21323167544796,112.10431784046023,0.4130892173273888,0.0
122.63907967782933,111.58119846782563,1.017241998975627,0.0,122.57713346934396,112.65568957825153,-0.25704248854098266,0.0,122.33388532643413,111.74693972320688,0.38212754388525694,0.0,122.3484994792674,111.74955528720184,0.30267903840668353,0.0
122.55914805214535,111.69969040283561,0.8784041901681154,0.0,122.63907967782933,111.58119846782563,1.017241998975627,0.0,122.57713346934396,112.65568957825153,-0.25704248854098266,0.0,122.33388532643413,111.74693972320688,0.38212754388525694,0.0
122.39115655184877,110.43954980597661,0.7574207494369389,0.0,122.55914805214535,111.69969040283561,0.8784041901681154,0.0,122.63907967782933,111.58119846782563,1.017241998975627,0.0,122.57713346934396,112.65568957825153,-0.25704248854098266,0.0
122.41106511019534,110.85011687609835,0.9688199114988971,0.0,122.39115655184877,110.43954980597661,0.7574207494369389,0.0,122.55914805214535,111.69969040283561,0.8784041901681154,0.0,122.63907967782933,111.58119846782563,1.017241998975627,0.0
122.60952045447992,111.23254646191972,1.0155605450674743,0.0,122.41106511019534,110.85011687609835,0.9688199114988971,0.0,122.39115655184877,110.43954980597661,0.7574207494369389,0.0,122.55914805214535,111.69969040283561,0.8784041901681154,0.0
122.63844624704547,111.65815621975023,0.9243904481935451,0.0,122.60952045447992,111.23254646191972,1.0155605450674743,0.0,122.41106511019534,110.85011687609835,0.9688199114988971,0.0,122.39115655184877,110.43954980597661,0.7574207494369389,0.0
122.7081551365386,111.86030140540808,0.34427513083218014,0.0,122.63844624704547,111.65815621975023,0.9243904481935451,0.0,122.60952045447992,111.23254646191972,1.0155605450674743,0.0,122.41106511019534,110.85011687609835,0.9688199114988971,0.0
123.21561202235993,112.44546035093049,0.511154283233742,0.0,122.7081551365386,111.86030140540808,0.34427513083218014,0.0,122.63844624704547,111.65815621975023,0.9243904481935451,0.0,122.60952045447992,111.23254646191972,1.0155605450674743,0.0
123.11735569697316,111.75431764576163,1.3499356748245104,0.0,123.21561202235993,112.44546035093049,0.511154283233742,0.0,122.7081551365386,111.86030140540808,0.34427513083218014,0.0,122.63844624704547,111.65815621975023,0.9243904481935451,0.0
122.61850392129256,111.01762752098841,1.7526585629370972,0.0,123.11735569697316,111.75431764576163,1.3499356748245104,0.0,123.21561202235993,112.44546035093049,0.511154283233742,0.0,122.7081551365386,111.86030140540808,0.34427513083218014,0.0
122.9947805759743,110.83651908113629,2.1987201636693765,0.0,122.61850392129256,111.01762752098841,1.7526585629370972,0.0,123.11735569697316,111.75431764576163,1.3499356748245104,0.0,123.21561202235993,112.44546035093049,0.511154283233742,0.0
122.10346006017528,112.18530463539443,1.5033682927199086,0.0,122.9947805759743,110.83651908113629,2.1987201636693765,0.0,122.61850392129256,111.01762752098841,1.7526585629370972,0.0,123.11735569697316,111.75431764576163,1.3499356748245104,0.0
121.60259141900511,110.78939877530968,0.7078922240466365,0.0,122.10346006017528,112.18530463539443,1.5033682927199086,0.0,122.9947805759743,110.83651908113629,2.1987201636693765,0.0,122.61850392129256,111.01762752098841,1.7526585629370972,0.0
121.8694817919245,111.61029951279224,0.5034203191874852,0.0,121.60259141900511,110.78939877530968,0.7078922240466365,0.0,122.10346006017528,112.18530463539443,1.5033682927199086,0.0,122.9947805759743,110.83651908113629,2.1987201636693765,0.0
122.20488614568065,110.97795243504487,0.4305987114943355,0.0,121.8694817919245,111.61029951279224,0.5034203191874852,0.0,121.60259141900511,110.78939877530968,0.7078922240466365,0.0,122.10346006017528,112.18530463539443,1.5033682927199086,0.0
121.60613870760416,110.70489194376734,0.8915747284309427,0.0,122.20488614568065,110.97795243504487,0.4305987114943355,0.0,121.8694817919245,111.61029951279224,0.5034203191874852,0.0,121.60259141900511,110.78939877530968,0.7078922240466365,0.0
121.48298048904377,112.21043473092388,-0.13297253211265547,0.0,121.60613870760416,110.70489194376734,0.8915747284309427,0.0,122.20488614568065,110.97795243504487,0.4305987114943355,0.0,121.8694817919245,111.61029951279224,0.5034203191874852,0.0
121.34763364568951,110.7141765887134,0.6583971340401824,0.0,121.48298048904377,112.21043473092388,-0.13297253211265547,0.0,121.60613870760416,110.70489194376734,0.8915747284309427,0.0,122.20488614568065,110.97795243504487,0.4305987114943355,0.0
121.2676203960775,111.34296718066611,0.4477137579426512,0.0,121.34763364568951,110.7141765887134,0.6583971340401824,0.0,121.48298048904377,112.21043473092388,-0.13297253211265547,0.0,121.60613870760416,110.70489194376734,0.8915747284309427,0.0
121.90949229900983,111.52805811977319,0.144730471380411,0.0,121.2676203960775,111.34296718066611,0.4477137579426512,0.0,121.34763364568951,110.7141765887134,0.6583971340401824,0.0,121.48298048904377,112.21043473092388,-0.13297253211265547,0.0
122.25581606148923,112.50061018984525,-0.39026781052575493,0.0,121.90949229900983,111.52805811977319,0.144730471380411,0.0,121.2676203960775,111.34296718066611,0.4477137579426512,0.0,121.34763364568951,110.7141765887134,0.6583971340401824,0.0
122.15433868649959,112.81506145529892,-1.1396425843534885,0.0,122.25581606148923,112.50061018984525,-0.39026781052575493,0.0,121.90949229900983,111.52805811977319,0.144730471380411,0.0,121.2676203960775,111.34296718066611,0.4477137579426512,0.0
121.8149633353093,112.71053300665841,-0.5001287755018335,0.0,122.15433868649959,112.81506145529892,-1.1396425843534885,0.0,122.25581606148923,112.50061018984525,-0.39026781052575493,0.0,121.90949229900983,111.52805811977319,0.144730471380411,0.0
121.199832222574,111.54627221126722,-0.3634440368072649,0.0,121.8149633353093,112.71053300665841,-0.5001287755018335,0.0,122.15433868649959,112.81506145529892,-1.1396425843534885,0.0,122.25581606148923,112.50061018984525,-0.39026781052575493,0.0
121.98956754152258,113.60781411855226,-0.9357356793163389,0.0,121.199832222574,111.54627221126722,-0.3634440368072649,0.0,121.8149633353093,112.71053300665841,-0.5001287755018335,0.0,122.15433868649959,112.81506145529892,-1.1396425843534885,0.0
122.22423043469942,113.26961097322194,-1.3961279294848792,0.0,121.98956754152258,113.60781411855226,-0.9357356793163389,0.0,121.199832222574,111.54627221126722,-0.3634440368072649,0.0,121.8149633353093,112.71053300665841,-0.5001287755018335,0.0
121.78550651483079,112.81086561784372,-1.2847946932329675,0.0,122.22423043469942,113.26961097322194,-1.3961279294848792,0.0,121.98956754152258,113.60781411855226,-0.9357356793163389,0.0,121.199832222574,111.54627221126722,-0.3634440368072649,0.0
122.18184174914826,112.12726423057617,-0.19332499194167763,0.0,121.78550651483079,112.81086561784372,-1.2847946932329675,0.0,122.22423043469942,113.26961097322194,-1.3961279294848792,0.0,121.98956754152258,113.60781411855226,-0.9357356793163389,0.0
122.09159931557473,112.37524546913141,-0.28445566923514454,0.0,122.18184174914826,112.12726423057617,-0.19332499194167763,0.0,121.78550651483079,112.81086561784372,-1.2847946932329675,0.0,122.22423043469942,113.26961097322194,-1.3961279294848792,0.0
121.89632116352473,112.66807073007752,-0.9791360119471687,0.0,122.09159931557473,112.37524546913141,-0.28445566923514454,0.0,122.18184174914826,112.12726423057617,-0.19332499194167763,0.0,121.78550651483079,112.81086561784372,-1.2847946932329675,0.0
122.12329729104026,112.22730807848663,-0.9061803416007072,0.0,121.89632116352473,112.66807073007752,-0.9791360119471687,0.0,122.09159931557473,112.37524546913141,-0.28445566923514454,0.0,122.18184174914826,112.12726423057617,-0.19332499194167763,0.0
121.69304385575437,112.69689704242975,-0.861306058154401,0.0,122.12329729104026,112.22730807848663,-0.9061803416007072,0.0,121.89632116352473,112.66807073007752,-0.9791360119471687,0.0,122.09159931557473,112.37524546913141,-0.28445566923514454,0.0
121.50871290099188,113.47687847713115,-2.0374881679943067,0.0,121.69304385575437,112.69689704242975,-0.861306058154401,0.0,122.12329729104026,112.22730807848663,-0.9061803416007072,0.0,121.89632116352473,112.66807073007752,-0.9791360119471687,0.0
121.57875314002955,113.77895425727462,-1.6571379676543516,0.0,121.50871290099188,113.47687847713115,-2.0374881679943067,0.0,121.69304385575437,112.69689704242975,-0.861306058154401,0.0,122.12329729104026,112.22730807848663,-0.9061803416007072,0.0
121.35191572340923,113.22722384343624,-1.4411776392278204,0.0,121.57875314002955,113.77895425727462,-1.6571379676543516,0.0,121.50871290099188,113.47687847713115,-2.0374881679943067,0.0,121.69304385575437,112.69689704242975,-0.861306058154401,0.0
121.78883673308543,112.5447690155143,-0.8048389289755473,0.0,121.35191572340923,113.22722384343624,-1.4411776392278204,0.0,121.57875314002955,113.77895425727462,-1.6571379676543516,0.0,121.50871290099188,113.47687847713115,-2.0374881679943067,0.0
122.7687917354187,111.9362180577755,0.28060690429223467,0.0,121.78883673308543,112.5447690155143,-0.8048389289755473,0.0,121.35191572340923,113.22722384343624,-1.4411776392278204,0.0,121.57875314002955,113.77895425727462,-1.6571379676543516,0.0
122.25796733650999,111.59833971042812,0.7877680382076664,0.0,122.7687917354187,111.9362180577755,0.28060690429223467,0.0,121.78883673308543,112.5447690155143,-0.8048389289755473,0.0,121.35191572340923,113.22722384343624,-1.4411776392278204,0.0
121.42162077341678,111.04380895278413,0.49577008528871785,0.0,122.25796733650999,111.59833971042812,0.7877680382076664,0.0,122.7687917354187,111.9362180577755,0.28060690429223467,0.0,121.78883673308543,112.5447690155143,-0.8048389289755473,0.0
120.58897339007208,110.94906289846415,-0.15664688613986089,0.0,121.42162077341678,111.04380895278413,0.49577008528871785,0.0,122.25796733650999,111.59833971042812,0.7877680382076664,0.0,122.7687917354187,111.9362180577755,0.28060690429223467,0.0
120.89585128016643,110.00186722287552,1.1613623927130414,0.0,120.58897339007208,110.94906289846415,-0.15664688613986089,0.0,121.42162077341678,111.04380895278413,0.49577008528871785,0.0,122.25796733650999,111.59833971042812,0.7877680382076664,0.0
120.89562664002064,109.78944178098854,0.9586991311776774,0.0,120.89585128016643,110.00186722287552,1.1613623927130414,0.0,120.58897339007208,110.94906289846415,-0.15664688613986089,0.0,121.42162077341678,111.04380895278413,0.49577008528871785,0.0
121.25875839901478,111.23346327070553,0.773923950898615,0.0,120.89562664002064,109.78944178098854,0.9586991311776774,0.0,120.89585128016643,110.00186722287552,1.1613623927130414,0.0,120.58897339007208,110.94906289846415,-0.15664688613986089,0.0
121.55779321476166,110.31024680926441,0.6070766171638904,0.0,121.25875839901478,111.23346327070553,0.773923950898615,0.0,120.89562664002064,109.78944178098854,0.9586991311776774,0.0,120.89585128016643,110.00186722287552,1.1613623927130414,0.0
120.91164359500458,110.65965106995426,0.5847036741150398,0.0,121.55779321476166,110.31024680926441,0.6070766171638904,0.0,121.25875839901478,111.23346327070553,0.773923950898615,0.0,120.89562664002064,109.78944178098854,0.9586991311776774,0.0
120.34257112863374,109.58603665258462,0.3955827333300606,0.0,120.91164359500458,110.65965106995426,0.5847036741150398,0.0,121.55779321476166,110.31024680926441,0.6070766171638904,0.0,121.25875839901478,111.23346327070553,0.773923950898615,0.0
120.84929077838704,111.45465489386001,0.029635183223930384,0.0,120.34257112863374,109.58603665258462,0.3955827333300606,0.0,120.91164359500458,110.65965106995426,0.5847036741150398,0.0,121.55779321476166,110.31024680926441,0.6070766171638904,0.0
121.1917923591726,111.1070936179405,-0.24972132404105177,0.0,120.84929077838704,111.45465489386001,0.029635183223930384,0.0,120.34257112863374,109.58603665258462,0.3955827333300606,0.0,120.91164359500458,110.65965106995426,0.5847036741150398,0.0
121.18715792250774,111.06733931294133,-0.2161536943408406,0.0,121.1917923591726,111.1070936179405,-0.24972132404105177,0.0,120.84929077838704,111.45465489386001,0.029635183223930384,0.0,120.34257112863374,109.58603665258462,0.3955827333300606,0.0
120.57955031446497,110.83208461950156,-0.444635341039555,0.0,121.18715792250774,111.06733931294133,-0.2161536943408406,0.0,121.1917923591726,111.1070936179405,-0.24972132404105177,0.0,120.84929077838704,111.45465489386001,0.029635183223930384,0.0
121.08463677304854,112.29398219811867,-0.7121311641702261,0.0,120.57955031446497,110.83208461950156,-0.444635341039555,0.0,121.18715792250774,111.06733931294133,-0.2161536943408406,0.0,121.1917923591726,111.1070936179405,-0.24972132404105177,0.0
121.88959371906309,112.2813094417543,-0.5164898174902325,0.0,121.08463677304854,112.29398219811867,-0.7121311641702261,0.0,120.57955031446497,110.83208461950156,-0.444635341039555,0.0,121.18715792250774,111.06733931294133,-0.2161536943408406,0.0
121.99433882629185,113.12654738136166,-0.5406804627026136,0.0,121.88959371906309,112.2813094417543,-0.5164898174902325,0.0,121.08463677304854,112.29398219811867,-0.7121311641702261,0.0,120.57955031446497,110.83208461950156,-0.444635341039555,0.0
121.60132156245716,111.40825106587602,0.3194521241292534,0.0,121.99433882629185,113.12654738136166,-0.5406804627026136,0.0,121.88959371906309,112.2813094417543,-0.5164898174902325,0.0,121.08463677304854,112.29398219811867,-0.7121311641702261,0.0
121.69102142860051,112.24623808301592,-1.0699232048931033,0.0,121.60132156245716,111.40825106587602,0.3194521241292534,0.0,121.99433882629185,113.12654738136166,-0.5406804627026136,0.0,121.88959371906309,112.2813094417543,-0.5164898174902325,0.0
121.11825561304063,111.03008978745851,-0.31018513795325187,0.0,121.69102142860051,112.24623808301592,-1.0699232048931033,0.0,121.60132156245716,111.40825106587602,0.3194521241292534,0.0,121.99433882629185,113.12654738136166,-0.5406804627026136,0.0
121.85019918591402,111.46771322875759,0.374894485886213,0.0,121.11825561304063,111.03008978745851,-0.31018513795325187,0.0,121.69102142860051,112.24623808301592,-1.0699232048931033,0.0,121.60132156245716,111.40825106587602,0.3194521241292534,0.0
121.86654511926015,113.09072793471668,-0.7367795274951043,0.0,121.85019918591402,111.46771322875759,0.374894485886213,0.0,121.11825561304063,111.03008978745851,-0.31018513795325187,0.0,121.69102142860051,112.24623808301592,-1.0699232048931033,0.0
121.03548472512766,111.47345828807684,-0.7607674190362579,0.0,121.86654511926015,113.09072793471668,-0.7367795274951043,0.0,121.85019918591402,111.46771322875759,0.374894485886213,0.0,121.11825561304063,111.03008978745851,-0.31018513795325187,0.0
121.08458896420133,111.86923271357924,-0.7943343682269021,0.0,121.03548472512766,111.47345828807684,-0.7607674190362579,0.0,121.86654511926015,113.09072793471668,-0.7367795274951043,0.0,121.85019918591402,111.46771322875759,0.374894485886213,0.0
121.40414558992896,113.90352673098457,-1.3392233419404325,0.0,121.08458896420133,111.86923271357924,-0.7943343682269021,0.0,121.03548472512766,111.47345828807684,-0.7607674190362579,0.0,121.86654511926015,113.09072793471668,-0.7367795274951043,0.0
121.33651814880565,112.40549025299515,-1.4602870173477838,0.0,121.40414558992896,113.90352673098457,-1.3392233419404325,0.0,121.08458896420133,111.86923271357924,-0.7943343682269021,0.0,121.03548472512766,111.47345828807684,-0.7607674190362579,0.0
121.28046186728298,113.01609582082895,-1.7235175366111415,0.0,121.33651814880565,112.40549025299515,-1.4602870173477838,0.0,121.40414558992896,113.90352673098457,-1.3392233419404325,0.0,121.08458896420133,111.86923271357924,-0.7943343682269021,0.0
120.87342450583188,110.77487768941745,-0.5026788075771019,0.0,121.28046186728298,113.01609582082895,-1.7235175366111415,0.0,121.33651814880565,112.40549025299515,-1.4602870173477838,0.0,121.40414558992896,113.90352673098457,-1.3392233419404325,0.0
121.3884887073913,111.87042781630063,0.06569615051204902,0.0,120.87342450583188,110.77487768941745,-0.5026788075771019,0.0,121.28046186728298,113.01609582082895,-1.7235175366111415,0.0,121.33651814880565,112.40549025299515,-1.4602870173477838,0.0
121.18243380377992,112.08245124247122,0.6883344679067186,0.0,121.3884887073913,111.87042781630063,0.06569615051204902,0.0,120.87342450583188,110.77487768941745,-0.5026788075771019,0.0,121.28046186728298,113.01609582082895,-1.7235175366111415,0.0
120.40026345837848,109.34921792285888,0.9115036063469926,0.0,121.18243380377992,112.08245124247122,0.6883344679067186,0.0,121.3884887073913,111.87042781630063,0.06569615051204902,0.0,120.87342450583188,110.77487768941745,-0.5026788075771019,0.0
120.61914764119817,110.30868880338824,0.1646769994689795,0.0,120.40026345837848,109.34921792285888,0.9115036063469926,0.0,121.18243380377992,112.08245124247122,0.6883344679067186,0.0,121.3884887073913,111.87042781630063,0.06569615051204902,0.0
121.3686669079765,112.34452125534443,-0.13051853356470322,0.0,120.61914764119817,110.30868880338824,0.1646769994689795,0.0,120.40026345837848,109.34921792285888,0.9115036063469926,0.0,121.18243380377992,112.08245124247122,0.6883344679067186,0.0
121.31811422583112,111.66709154500225,0.14027245376219644,0.0,121.3686669079765,112.34452125534443,-0.13051853356470322,0.0,120.61914764119817,110.30868880338824,0.1646769994689795,0.0,120.40026345837848,109.34921792285888,0.9115036063469926,0.0
122.34992573309319,111.47116280266945,-0.4988459414362155,0.0,121.31811422583112,111.66709154500225,0.14027245376219644,0.0,121.3686669079765,112.34452125534443,-0.13051853356470322,0.0,120.61914764119817,110.30868880338824,0.1646769994689795,0.0
122.46157658903985,112.65695943417953,-0.04257753806277842,0.0,122.34992573309319,111.47116280266945,-0.4988459414362155,0.0,121.31811422583112,111.66709154500225,0.14027245376219644,0.0,121.3686669079765,112.34452125534443,-0.13051853356470322,0.0
122.52305056219524,112.31179580353643,-0.15422472952929026,0.0,122.46157658903985,112.65695943417953,-0.04257753806277842,0.0,122.34992573309319,111.47116280266945,-0.4988459414362155,0.0,121.31811422583112,111.66709154500225,0.14027245376219644,0.0
122.30708124927932,112.94320135036173,-0.31079018739823094,0.0,122.52305056219524,112.31179580353643,-0.15422472952929026,0.0,122.46157658903985,112.65695943417953,-0.04257753806277842,0.0,122.34992573309319,111.47116280266945,-0.4988459414362155,0.0
122.15676829978966,113.09507191503309,0.10684783418316099,0.0,122.30708124927932,112.94320135036173,-0.31079018739823094,0.0,122.52305056219524,112.31179580353643,-0.15422472952929026,0.0,122.46157658903985,112.65695943417953,-0.04257753806277842,0.0
122.00459701167293,111.78211621198133,0.3076099230895487,0.0,122.15676829978966,113.09507191503309,0.10684783418316099,0.0,122.30708124927932,112.94320135036173,-0.31079018739823094,0.0,122.52305056219524,112.31179580353643,-0.15422472952929026,0.0
121.85636480196955,111.92356222655053,0.06560485556209902,0.0,122.00459701167293,111.78211621198133,0.3076099230895487,0.0,122.15676829978966,113.09507191503309,0.10684783418316099,0.0,122.30708124927932,112.94320135036173,-0.31079018739823094,0.0
122.16393895804676,111.73172929124911,0.6321487861318033,0.0,121.85636480196955,111.92356222655053,0.06560485556209902,0.0,122.00459701167293,111.78211621198133,0.3076099230895487,0.0,122.15676829978966,113.09507191503309,0.10684783418316099,0.0
121.67488466562833,111.76701771827601,-0.034812634894506034,0.0,122.16393895804676,111.73172929124911,0.6321487861318033,0.0,121.85636480196955,111.92356222655053,0.06560485556209902,0.0,122.00459701167293,111.78211621198133,0.3076099230895487,0.0
121.25959372353287,110.84734189215354,0.28011769555652705,0.0,121.67488466562833,111.76701771827601,-0.034812634894506034,0.0,122.16393895804676,111.73172929124911,0.6321487861318033,0.0,121.85636480196955,111.92356222655053,0.06560485556209902,0.0
120.92224454178927,110.47665823198676,0.5206447854294135,0.0,121.25959372353287,110.84734189215354,0.28011769555652705,0.0,121.67488466562833,111.76701771827601,-0.034812634894506034,0.0,122.16393895804676,111.73172929124911,0.6321487861318033,0.0
122.13534274619585,112.50560322148297,0.2617426086865357,0.0,120.92224454178927,110.47665823198676,0.5206447854294135,0.0,121.25959372353287,110.84734189215354,0.28011769555652705,0.0,121.67488466562833,111.76701771827601,-0.034812634894506034,0.0
122.38497456903289,111.76942157518164,0.37246059807028753,0.0,122.13534274619585,112.50560322148297,0.2617426086865357,0.0,120.92224454178927,110.47665823198676,0.5206447854294135,0.0,121.25959372353287,110.84734189215354,0.28011769555652705,0.0
122.37629718733001,113.67857137472765,-0.32758830973642145,0.0,122.38497456903289,111.76942157518164,0.37246059807028753,0.0,122.13534274619585,112.50560322148297,0.2617426086865357,0.0,120.92224454178927,110.47665823198676,0.5206447854294135,0.0
121.74382725845324,112.56906312528108,0.1999428618143133,0.0,122.37629718733001,113.67857137472765,-0.32758830973642145,0.0,122.38497456903289,111.76942157518164,0.37246059807028753,0.0,122.13534274619585,112.50560322148297,0.2617426086865357,0.0
122.12246441002767,111.68537094144696,0.06750322122995614,0.0,121.74382725845324,112.56906312528108,0.1999428618143133,0.0,122.37629718733001,113.67857137472765,-0.32758830973642145,0.0,122.38497456903289,111.76942157518164,0.37246059807028753,0.0
122.03999372850961,111.9938425257175,-0.20735893327555485,0.0,122.12246441002767,111.68537094144696,0.06750322122995614,0.0,121.74382725845324,112.56906312528108,0.1999428618143133,0.0,122.37629718733001,113.67857137472765,-0.32758830973642145,0.0
122.14816708815393,111.81824730439294,0.35861746629800073,0.0,122.03999372850961,111.9938425257175,-0.20735893327555485,0.0,122.12246441002767,111.68537094144696,0.06750322122995614,0.0,121.74382725845324,112.56906312528108,0.1999428618143133,0.0
121.61149848224842,112.37450060685893,-0.06527787223297904,0.0,122.14816708815393,111.81824730439294,0.35861746629800073,0.0,122.03999372850961,111.9938425257175,-0.20735893327555485,0.0,122.12246441002767,111.68537094144696,0.06750322122995614,0.0
121.7274407558974,112.83784917220262,-0.756452945968163,0.0,121.61149848224842,112.37450060685893,-0.06527787223297904,0.0,122.14816708815393,111.81824730439294,0.35861746629800073,0.0,122.03999372850961,111.9938425257175,-0.20735893327555485,0.0
121.518374590234,113.03322490761371,-1.3834769435364822,0.0,121.7274407558974,112.83784917220262,-0.756452945968163,0.0,121.61149848224842,112.37450060685893,-0.06527787223297904,0.0,122.14816708815393,111.81824730439294,0.35861746629800073,0.0
121.19219801476186,112.79392157820527,-0.8037765791563659,0.0,121.518374590234,113.03322490761371,-1.3834769435364822,0.0,121.7274407558974,112.83784917220262,-0.756452945968163,0.0,121.61149848224842,112.37450060685893,-0.06527787223297904,0.0
121.6554038726513,113.30815414123614,-1.2832359395732342,0.0,121.19219801476186,112.79392157820527,-0.8037765791563659,0.0,121.518374590234,113.03322490761371,-1.3834769435364822,0.0,121.7274407558974,112.83784917220262,-0.756452945968163,0.0
121.01363606597823,110.83666255755631,-0.1491916606664051,0.0,121.6554038726513,113.30815414123614,-1.2832359395732342,0.0,121.19219801476186,112.79392157820527,-0.8037765791563659,0.0,121.518374590234,113.03322490761371,-1.3834769435364822,0.0
121.49615592135538,111.94282127168574,-1.160318032474985,0.0,121.01363606597823,110.83666255755631,-0.1491916606664051,0.0,121.6554038726513,113.30815414123614,-1.2832359395732342,0.0,121.19219801476186,112.79392157820527,-0.8037765791563659,0.0
121.92826725995486,112.21801087811909,-0.08002624183496898,0.0,121.49615592135538,111.94282127168574,-1.160318032474985,0.0,121.01363606597823,110.83666255755631,-0.1491916606664051,0.0,121.6554038726513,113.30815414123614,-1.2832359395732342,0.0
121.54645577719319,111.12672385990183,0.04148774013333402,0.0,121.92826725995486,112.21801087811909,-0.08002624183496898,0.0,121.49615592135538,111.94282127168574,-1.160318032474985,0.0,121.01363606597823,110.83666255755631,-0.1491916606664051,0.0
121.21751482974496,112.18971122886722,-0.015166363828528977,0.0,121.54645577719319,111.12672385990183,0.04148774013333402,0.0,121.92826725995486,112.21801087811909,-0.08002624183496898,0.0,121.49615592135538,111.94282127168574,-1.160318032474985,0.0
121.29976730711167,111.25463432102217,-0.28459263446729804,0.0,121.21751482974496,112.18971122886722,-0.015166363828528977,0.0,121.54645577719319,111.12672385990183,0.04148774013333402,0.0,121.92826725995486,112.21801087811909,-0.08002624183496898,0.0
121.5803123219356,112.01039257969714,-0.028106050397803006,0.0,121.29976730711167,111.25463432102217,-0.28459263446729804,0.0,121.21751482974496,112.18971122886722,-0.015166363828528977,0.0,121.54645577719319,111.12672385990183,0.04148774013333402,0.0
121.61280084998337,111.50043023315999,-0.04130219153066659,0.0,121.5803123219356,112.01039257969714,-0.028106050397803006,0.0,121.29976730711167,111.25463432102217,-0.28459263446729804,0.0,121.21751482974496,112.18971122886722,-0.015166363828528977,0.0
121.93024624668175,111.5355132680179,0.5186091877837274,0.0,121.61280084998337,111.50043023315999,-0.04130219153066659,0.0,121.5803123219356,112.01039257969714,-0.028106050397803006,0.0,121.29976730711167,111.25463432102217,-0.28459263446729804,0.0
122.84028307865391,111.70807489920401,0.4720011745580018,0.0,121.93024624668175,111.5355132680179,0.5186091877837274,0.0,121.61280084998337,111.50043023315999,-0.04130219153066659,0.0,121.5803123219356,112.01039257969714,-0.028106050397803006,0.0
122.39918550300824,112.38365150680082,0.45275182037734024,0.0,122.84028307865391,111.70807489920401,0.4720011745580018,0.0,121.93024624668175,111.5355132680179,0.5186091877837274,0.0,121.61280084998337,111.50043023315999,-0.04130219153066659,0.0
121.5109222304797,111.01672373150382,0.1803953501949443,0.0,122.39918550300824,112.38365150680082,0.45275182037734024,0.0,122.84028307865391,111.70807489920401,0.4720011745580018,0.0,121.93024624668175,111.5355132680179,0.5186091877837274,0.0
122.01952767879186,112.04343794214466,0.1158434682954217,0.0,121.5109222304797,111.01672373150382,0.1803953501949443,0.0,122.39918550300824,112.38365150680082,0.45275182037734024,0.0,122.84028307865391,111.70807489920401,0.4720011745580018,0.0
122.82442912095347,112.65700620087588,0.24657565908236695,0.0,122.01952767879186,112.04343794214466,0.1158434682954217,0.0,121.5109222304797,111.01672373150382,0.1803953501949443,0.0,122.39918550300824,112.38365150680082,0.45275182037734024,0.0
122.77946661667261,113.52921723231464,-0.6578236690624192,0.0,122.82442912095347,112.65700620087588,0.24657565908236695,0.0,122.01952767879186,112.04343794214466,0.1158434682954217,0.0,121.5109222304797,111.01672373150382,0.1803953501949443,0.0
121.99860909117501,113.62179728972487,-1.200351646302792,0.0,122.77946661667261,113.52921723231464,-0.6578236690624192,0.0,122.82442912095347,112.65700620087588,0.24657565908236695,0.0,122.01952767879186,112.04343794214466,0.1158434682954217,0.0
121.91157728921257,112.50727604219682,-0.5886492700308761,0.0,121.99860909117501,113.62179728972487,-1.200351646302792,0.0,122.77946661667261,113.52921723231464,-0.6578236690624192,0.0,122.82442912095347,112.65700620087588,0.24657565908236695,0.0
121.38015195129826,111.79696275931988,-0.38548669696072996,0.0,121.91157728921257,112.50727604219682,-0.5886492700308761,0.0,121.99860909117501,113.62179728972487,-1.200351646302792,0.0,122.77946661667261,113.52921723231464,-0.6578236690624192,0.0
121.8205345361362,112.10029543767772,-0.40038102574492357,0.0,121.38015195129826,111.79696275931988,-0.38548669696072996,0.0,121.91157728921257,112.50727604219682,-0.5886492700308761,0.0,121.99860909117501,113.62179728972487,-1.200351646302792,0.0
121.20699110809419,111.47582638931101,-0.3110878540632423,0.0,121.8205345361362,112.10029543767772,-0.40038102574492357,0.0,121.38015195129826,111.79696275931988,-0.38548669696072996,0.0,121.91157728921257,112.50727604219682,-0.5886492700308761,0.0
121.2683089383553,110.94439109411891,-0.07507943056975833,0.0,121.20699110809419,111.47582638931101,-0.3110878540632423,0.0,121.8205345361362,112.10029543767772,-0.40038102574492357,0.0,121.38015195129826,111.79696275931988,-0.38548669696072996,0.0
120.97054169876948,110.83873077535628,-0.32994338461048744,0.0,121.2683089383553,110.94439109411891,-0.07507943056975833,0.0,121.20699110809419,111.47582638931101,-0.3110878540632423,0.0,121.8205345361362,112.10029543767772,-0.40038102574492357,0.0
121.21992834763608,112.39834707893954,-0.6531070703895463,0.0,120.97054169876948,110.83873077535628,-0.32994338461048744,0.0,121.2683089383553,110.94439109411891,-0.07507943056975833,0.0,121.20699110809419,111.47582638931101,-0.3110878540632423,0.0
121.2316790482063,111.2218558266737,-0.4245630287627962,0.0,121.21992834763608,112.39834707893954,-0.6531070703895463,0.0,120.97054169876948,110.83873077535628,-0.32994338461048744,0.0,121.2683089383553,110.94439109411891,-0.07507943056975833,0.0
121.43107051325862,112.85307553863132,-0.828836811817753,0.0,121.2316790482063,111.2218558266737,-0.4245630287627962,0.0,121.21992834763608,112.39834707893954,-0.6531070703895463,0.0,120.97054169876948,110.83873077535628,-0.32994338461048744,0.0
121.56931517306066,111.73433030058871,-0.4589430715969665,0.0,121.43107051325862,112.85307553863132,-0.828836811817753,0.0,121.2316790482063,111.2218558266737,-0.4245630287627962,0.0,121.21992834763608,112.39834707893954,-0.6531070703895463,0.0
121.15875598212784,112.06733284917289,-1.2184462593964933,0.0,121.56931517306066,111.73433030058871,-0.4589430715969665,0.0,121.43107051325862,112.85307553863132,-0.828836811817753,0.0,121.2316790482063,111.2218558266737,-0.4245630287627962,0.0
121.59014422450714,113.00598185919279,-0.4601791888543729,0.0,121.15875598212784,112.06733284917289,-1.2184462593964933,0.0,121.56931517306066,111.73433030058871,-0.4589430715969665,0.0,121.43107051325862,112.85307553863132,-0.828836811817753,0.0
121.6604426708129,111.74579765742519,-0.13184460987697688,0.0,121.59014422450714,113.00598185919279,-0.4601791888543729,0.0,121.15875598212784,112.06733284917289,-1.2184462593964933,0.0,121.56931517306066,111.73433030058871,-0.4589430715969665,0.0
121.26048017985346,111.47218905727826,0.022539179255356312,0.0,121.6604426708129,111.74579765742519,-0.13184460987697688,0.0,121.59014422450714,113.00598185919279,-0.4601791888543729,0.0,121.15875598212784,112.06733284917289,-1.2184462593964933,0.0
122.50985441172014,112.37986020531079,0.509376835377042,0.0,121.26048017985346,111.47218905727826,0.022539179255356312,0.0,121.6604426708129,111.74579765742519,-0.13184460987697688,0.0,121.59014422450714,113.00598185919279,-0.4601791888543729,0.0
122.70655414812266,110.79088929224022,1.240238690532922,0.0,122.50985441172014,112.37986020531079,0.509376835377042,0.0,121.26048017985346,111.47218905727826,0.022539179255356312,0.0,121.6604426708129,111.74579765742519,-0.13184460987697688,0.0
122.52118082145651,111.34864440683978,1.4993759849354027,0.0,122.70655414812266,110.79088929224022,1.240238690532922,0.0,122.50985441172014,112.37986020531079,0.509376835377042,0.0,121.26048017985346,111.47218905727826,0.022539179255356312,0.0
123.06508636276408,113.1892111550406,0.2790636722824995,0.0,122.52118082145651,111.34864440683978,1.4993759849354027,0.0,122.70655414812266,110.79088929224022,1.240238690532922,0.0,122.50985441172014,112.37986020531079,0.509376835377042,0.0
123.67051656297868,114.04920663851797,-0.4165375455418512,0.0,123.06508636276408,113.1892111550406,0.2790636722824995,0.0,122.52118082145651,111.34864440683978,1.4993759849354027,0.0,122.70655414812266,110.79088929224022,1.240238690532922,0.0
123.18913934916132,113.49198380129343,-0.6456393252813204,0.0,123.67051656297868,114.04920663851797,-0.4165375455418512,0.0,123.06508636276408,113.1892111550406,0.2790636722824995,0.0,122.52118082145651,111.34864440683978,1.4993759849354027,0.0
123.04409115346687,113.61838138159155,-0.5034659351196394,0.0,123.18913934916132,113.49198380129343,-0.6456393252813204,0.0,123.67051656297868,114.04920663851797,-0.4165375455418512,0.0,123.06508636276408,113.1892111550406,0.2790636722824995,0.0
122.34593677668637,111.9066947417129,-0.14394323786115004,0.0,123.04409115346687,113.61838138159155,-0.5034659351196394,0.0,123.18913934916132,113.49198380129343,-0.6456393252813204,0.0,123.67051656297868,114.04920663851797,-0.4165375455418512,0.0
122.18335820254373,112.39589686842734,-0.47802649686565285,0.0,122.34593677668637,111.9066947417129,-0.14394323786115004,0.0,123.04409115346687,113.61838138159155,-0.5034659351196394,0.0,123.18913934916132,113.49198380129343,-0.6456393252813204,0.0
121.97928391561817,113.35742739073785,-0.28903781525398314,0.0,122.18335820254373,112.39589686842734,-0.47802649686565285,0.0,122.34593677668637,111.9066947417129,-0.14394323786115004,0.0,123.04409115346687,113.61838138159155,-0.5034659351196394,0.0
122.03062656123684,112.90428176137021,-0.6089217183798478,0.0,121.97928391561817,113.35742739073785,-0.28903781525398314,0.0,122.18335820254373,112.39589686842734,-0.47802649686565285,0.0,122.34593677668637,111.9066947417129,-0.14394323786115004,0.0
122.1306577352516,113.20447506112731,-0.7928962761998524,0.0,122.03062656123684,112.90428176137021,-0.6089217183798478,0.0,121.97928391561817,113.35742739073785,-0.28903781525398314,0.0,122.18335820254373,112.39589686842734,-0.47802649686565285,0.0
122.31384957903033,113.4118166716996,-1.337647569383993,0.0,122.1306577352516,113.20447506112731,-0.7928962761998524,0.0,122.03062656123684,112.90428176137021,-0.6089217183798478,0.0,121.97928391561817,113.35742739073785,-0.28903781525398314,0.0
122.21685126765406,115.06099447440374,-1.5317346785626467,0.0,122.31384957903033,113.4118166716996,-1.337647569383993,0.0,122.1306577352516,113.20447506112731,-0.7928962761998524,0.0,122.03062656123684,112.90428176137021,-0.6089217183798478,0.0
121.55883184880354,112.18555704010296,-1.9012300456582842,0.0,122.21685126765406,115.06099447440374,-1.5317346785626467,0.0,122.31384957903033,113.4118166716996,-1.337647569383993,0.0,122.1306577352516,113.20447506112731,-0.7928962761998524,0.0
121.13396337656559,112.87737099213376,-2.0089206630152936,0.0,121.55883184880354,112.18555704010296,-1.9012300456582842,0.0,122.21685126765406,115.06099447440374,-1.5317346785626467,0.0,122.31384957903033,113.4118166716996,-1.337647569383993,0.0
121.0320695523935,112.037946782543,-1.0803156321083152,0.0,121.13396337656559,112.87737099213376,-2.0089206630152936,0.0,121.55883184880354,112.18555704010296,-1.9012300456582842,0.0,122.21685126765406,115.06099447440374,-1.5317346785626467,0.0
121.0925018489129,111.84066994080592,-1.3389519501026237,0.0,121.0320695523935,112.037946782543,-1.0803156321083152,0.0,121.13396337656559,112.87737099213376,-2.0089206630152936,0.0,121.55883184880354,112.18555704010296,-1.9012300456582842,0.0
121.87641090409859,110.4595544053557,0.24502947233659644,0.0,121.0925018489129,111.84066994080592,-1.3389519501026237,0.0,121.0320695523935,112.037946782543,-1.0803156321083152,0.0,121.13396337656559,112.87737099213376,-2.0089206630152936,0.0
121.39386859274535,110.51581274214143,0.44268252830972177,0.0,121.87641090409859,110.4595544053557,0.24502947233659644,0.0,121.0925018489129,111.84066994080592,-1.3389519501026237,0.0,121.0320695523935,112.037946782543,-1.0803156321083152,0.0
121.41184369690237,110.49087306417138,0.4465640844952144,0.0,121.39386859274535,110.51581274214143,0.44268252830972177,0.0,121.87641090409859,110.4595544053557,0.24502947233659644,0.0,121.0925018489129,111.84066994080592,-1.3389519501026237,0.0
122.00538150106267,112.01196411132491,-0.07192762249443524,0.0,121.41184369690237,110.49087306417138,0.4465640844952144,0.0,121.39386859274535,110.51581274214143,0.44268252830972177,0.0,121.87641090409859,110.4595544053557,0.24502947233659644,0.0
121.87186567795536,111.6500157129299,0.29261284170894747,0.0,122.00538150106267,112.01196411132491,-0.07192762249443524,0.0,121.41184369690237,110.49087306417138,0.4465640844952144,0.0,121.39386859274535,110.51581274214143,0.44268252830972177,0.0
122.1077324278076,112.39935878956177,-0.05372863975172898,0.0,121.87186567795536,111.6500157129299,0.29261284170894747,0.0,122.00538150106267,112.01196411132491,-0.07192762249443524,0.0,121.41184369690237,110.49087306417138,0.4465640844952144,0.0
121.99682211501461,112.39185611535058,0.018021995521297532,0.0,122.1077324278076,112.39935878956177,-0.05372863975172898,0.0,121.87186567795536,111.6500157129299,0.29261284170894747,0.0,122.00538150106267,112.01196411132491,-0.07192762249443524,0.0
122.16513996329441,111.21418714759275,1.2944598655514354,0.0,121.99682211501461,112.39185611535058,0.018021995521297532,0.0,122.1077324278076,112.39935878956177,-0.05372863975172898,0.0,121.87186567795536,111.6500157129299,0.29261284170894747,0.0
122.03189399690584,111.71963403649849,0.9875379425788235,0.0,122.16513996329441,111.21418714759275,1.2944598655514354,0.0,121.99682211501461,112.39185611535058,0.018021995521297532,0.0,122.1077324278076,112.39935878956177,-0.05372863975172898,0.0
122.4051280937924,111.07839680192905,1.3646670172058968,0.0,122.03189399690584,111.71963403649849,0.9875379425788235,0.0,122.16513996329441,111.21418714759275,1.2944598655514354,0.0,121.99682211501461,112.39185611535058,0.018021995521297532,0.0
121.56806176377155,111.67025015118298,0.7401454012017739,0.0,122.4051280937924,111.07839680192905,1.3646670172058968,0.0,122.03189399690584,111.71963403649849,0.9875379425788235,0.0,122.16513996329441,111.21418714759275,1.2944598655514354,0.0
121.52980707020211,110.8597267324173,0.5746220757129382,0.0,121.56806176377155,111.67025015118298,0.7401454012017739,0.0,122.4051280937924,111.07839680192905,1.3646670172058968,0.0,122.03189399690584,111.71963403649849,0.9875379425788235,0.0
121.84617012212114,110.51923744775422,1.3450979783881056,0.0,121.52980707020211,110.8597267324173,0.5746220757129382,0.0,121.56806176377155,111.67025015118298,0.7401454012017739,0.0,122.4051280937924,111.07839680192905,1.3646670172058968,0.0
122.17674937795286,111.34068687494295,0.7625948538166007,0.0,121.84617012212114,110.51923744775422,1.3450979783881056,0.0,121.52980707020211,110.8597267324173,0.5746220757129382,0.0,121.56806176377155,111.67025015118298,0.7401454012017739,0.0
122.90536907865838,111.65013470161665,1.5163001620517451,0.0,122.17674937795286,111.34068687494295,0.7625948538166007,0.0,121.84617012212114,110.51923744775422,1.3450979783881056,0.0,121.52980707020211,110.8597267324173,0.5746220757129382,0.0
122.65147642249228,109.54613014003289,1.5669160973691338,0.0,122.90536907865838,111.65013470161665,1.5163001620517451,0.0,122.17674937795286,111.34068687494295,0.7625948538166007,0.0,121.84617012212114,110.51923744775422,1.3450979783881056,0.0
123.27956180088208,111.62720436084376,0.9722994899481734,0.0,122.65147642249228,109.54613014003289,1.5669160973691338,0.0,122.90536907865838,111.65013470161665,1.5163001620517451,0.0,122.17674937795286,111.34068687494295,0.7625948538166007,0.0
122.68354870280764,112.21177649136374,1.0940434614862993,0.0,123.27956180088208,111.62720436084376,0.9722994899481734,0.0,122.65147642249228,109.54613014003289,1.5669160973691338,0.0,122.90536907865838,111.65013470161665,1.5163001620517451,0.0
123.22386616181358,111.74592012409772,1.3615119940024043,0.0,122.68354870280764,112.21177649136374,1.0940434614862993,0.0,123.27956180088208,111.62720436084376,0.9722994899481734,0.0,122.65147642249228,109.54613014003289,1.5669160973691338,0.0
123.37393530289728,112.27782379805541,1.4001145763105216,0.0,123.22386616181358,111.74592012409772,1.3615119940024043,0.0,122.68354870280764,112.21177649136374,1.0940434614862993,0.0,123.27956180088208,111.62720436084376,0.9722994899481734,0.0
122.60362468989449,112.77588525214503,0.3349793011031891,0.0,123.37393530289728,112.27782379805541,1.4001145763105216,0.0,123.22386616181358,111.74592012409772,1.3615119940024043,0.0,122.68354870280764,112.21177649136374,1.0940434614862993,0.0
122.569655534678,113.33527671726986,-0.09558514702988302,0.0,122.60362468989449,112.77588525214503,0.3349793011031891,0.0,123.37393530289728,112.27782379805541,1.4001145763105216,0.0,123.22386616181358,111.74592012409772,1.3615119940024043,0.0
122.41038148140505,112.39450057142508,-0.20022743539965882,0.0,122.569655534678,113.33527671726986,-0.09558514702988302,0.0,122.60362468989449,112.77588525214503,0.3349793011031891,0.0,123.37393530289728,112.27782379805541,1.4001145763105216,0.0
122.5849457551822,113.12303453558673,-0.19739866286975022,0.0,122.41038148140505,112.39450057142508,-0.20022743539965882,0.0,122.569655534678,113.33527671726986,-0.09558514702988302,0.0,122.60362468989449,112.77588525214503,0.3349793011031891,0.0
122.36965458709878,111.73332445660662,0.15241711847953882,0.0,122.5849457551822,113.12303453558673,-0.19739866286975022,0.0,122.41038148140505,112.39450057142508,-0.20022743539965882,0.0,122.569655534678,113.33527671726986,-0.09558514702988302,0.0
122.16903268759422,111.46135738507874,0.210784195250258,0.0,122.36965458709878,111.73332445660662,0.15241711847953882,0.0,122.5849457551822,113.12303453558673,-0.19739866286975022,0.0,122.41038148140505,112.39450057142508,-0.20022743539965882,0.0
122.78968481898033,112.60177244952945,-0.4990448231548442,0.0,122.16903268759422,111.46135738507874,0.210784195250258,0.0,122.36965458709878,111.73332445660662,0.15241711847953882,0.0,122.5849457551822,113.12303453558673,-0.19739866286975022,0.0
122.52440084967003,113.159731165728,-0.20913693302089378,0.0,122.78968481898033,112.60177244952945,-0.4990448231548442,0.0,122.16903268759422,111.46135738507874,0.210784195250258,0.0,122.36965458709878,111.73332445660662,0.15241711847953882,0.0
122.81096680800998,112.43530067643877,0.13798332622519655,0.0,122.52440084967003,113.159731165728,-0.20913693302089378,0.0,122.78968481898033,112.60177244952945,-0.4990448231548442,0.0,122.16903268759422,111.46135738507874,0.210784195250258,0.0
122.54421252718974,111.83770353392293,0.39028188494567717,0.0,122.81096680800998,112.43530067643877,0.13798332622519655,0.0,122.52440084967003,113.159731165728,-0.20913693302089378,0.0,122.78968481898033,112.60177244952945,-0.4990448231548442,0.0
123.23759808621398,112.6220713030321,0.8526158707338527,0.0,122.54421252718974,111.83770353392293,0.39028188494567717,0.0,122.81096680800998,112.43530067643877,0.13798332622519655,0.0,122.52440084967003,113.159731165728,-0.20913693302089378,0.0
122.65387575624922,111.94070796108414,1.0990537738615342,0.0,123.23759808621398,112.6220713030321,0.8526158707338527,0.0,122.54421252718974,111.83770353392293,0.39028188494567717,0.0,122.81096680800998,112.43530067643877,0.13798332622519655,0.0
122.29686524662414,110.38327185503272,1.1088330587034458,0.0,122.65387575624922,111.94070796108414,1.0990537738615342,0.0,123.23759808621398,112.6220713030321,0.8526158707338527,0.0,122.54421252718974,111.83770353392293,0.39028188494567717,0.0
122.99813082315451,112.03239929405507,0.8519835912334333,0.0,122.29686524662414,110.38327185503272,1.1088330587034458,0.0,122.65387575624922,111.94070796108414,1.0990537738615342,0.0,123.23759808621398,112.6220713030321,0.8526158707338527,0.0
122.55665331157641,112.38756302999178,-0.148893593771249,0.0,122.99813082315451,112.03239929405507,0.8519835912334333,0.0,122.29686524662414,110.38327185503272,1.1088330587034458,0.0,122.65387575624922,111.94070796108414,1.0990537738615342,0.0
123.17151677502393,113.48686054638858,0.09569423454929372,0.0,122.55665331157641,112.38756302999178,-0.148893593771249,0.0,122.99813082315451,112.03239929405507,0.8519835912334333,0.0,122.29686524662414,110.38327185503272,1.1088330587034458,0.0
123.296830056871,113.72607305891111,0.18039923122099055,0.0,123.17151677502393,113.48686054638858,0.09569423454929372,0.0,122.55665331157641,112.38756302999178,-0.148893593771249,0.0,122.99813082315451,112.03239929405507,0.8519835912334333,0.0
122.91419846479316,112.91881454846472,0.2801088035744792,0.0,123.296830056871,113.72607305891111,0.18039923122099055,0.0,123.17151677502393,113.48686054638858,0.09569423454929372,0.0,122.55665331157641,112.38756302999178,-0.148893593771249,0.0
121.810378227513,112.28667616625859,-0.41428724505057135,0.0,122.91419846479316,112.91881454846472,0.2801088035744792,0.0,123.296830056871,113.72607305891111,0.18039923122099055,0.0,123.17151677502393,113.48686054638858,0.09569423454929372,0.0
121.77946669180173,113.18353476145498,-0.8719580662445883,0.0,121.810378227513,112.28667616625859,-0.41428724505057135,0.0,122.91419846479316,112.91881454846472,0.2801088035744792,0.0,123.296830056871,113.72607305891111,0.18039923122099055,0.0
121.87199310350036,112.04790553415478,-0.1709900263292189,0.0,121.77946669180173,113.18353476145498,-0.8719580662445883,0.0,121.810378227513,112.28667616625859,-0.41428724505057135,0.0,122.91419846479316,112.91881454846472,0.2801088035744792,0.0
122.41063070462017,113.41145289664615,-0.15656959799170264,0.0,121.87199310350036,112.04790553415478,-0.1709900263292189,0.0,121.77946669180173,113.18353476145498,-0.8719580662445883,0.0,121.810378227513,112.28667616625859,-0.41428724505057135,0.0
123.05285876168487,113.39738780262684,0.21549467029295008,0.0,122.41063070462017,113.41145289664615,-0.15656959799170264,0.0,121.87199310350036,112.04790553415478,-0.1709900263292189,0.0,121.77946669180173,113.18353476145498,-0.8719580662445883,0.0
122.50085137828377,111.97884082984572,0.18655492429959067,0.0,123.05285876168487,113.39738780262684,0.21549467029295008,0.0,122.41063070462017,113.41145289664615,-0.15656959799170264,0.0,121.87199310350036,112.04790553415478,-0.1709900263292189,0.0
122.78530747436899,112.3192902050425,0.16412200918754513,0.0,122.50085137828377,111.97884082984572,0.18655492429959067,0.0,123.05285876168487,113.39738780262684,0.21549467029295008,0.0,122.41063070462017,113.41145289664615,-0.15656959799170264,0.0
122.98206867988962,112.57756755224503,0.600439510338035,0.0,122.78530747436899,112.3192902050425,0.16412200918754513,0.0,122.50085137828377,111.97884082984572,0.18655492429959067,0.0,123.05285876168487,113.39738780262684,0.21549467029295008,0.0
123.24574633295056,113.53229924332729,0.22232924416174105,0.0,122.98206867988962,112.57756755224503,0.600439510338035,0.0,122.78530747436899,112.3192902050425,0.16412200918754513,0.0,122.50085137828377,111.97884082984572,0.18655492429959067,0.0
123.17290773602865,113.46068572799177,0.22592378379988454,0.0,123.24574633295056,113.53229924332729,0.22232924416174105,0.0,122.98206867988962,112.57756755224503,0.600439510338035,0.0,122.78530747436899,112.3192902050425,0.16412200918754513,0.0
121.95735781555034,112.19439055583359,-0.05039861731261361,0.0,123.17290773602865,113.46068572799177,0.22592378379988454,0.0,123.24574633295056,113.53229924332729,0.22232924416174105,0.0,122.98206867988962,112.57756755224503,0.600439510338035,0.0
121.89658061722783,111.83188837897143,-0.2575670075662487,0.0,121.95735781555034,112.19439055583359,-0.05039861731261361,0.0,123.17290773602865,113.46068572799177,0.22592378379988454,0.0,123.24574633295056,113.53229924332729,0.22232924416174105,0.0
121.37579510973148,111.27231193184664,-0.3606396677873186,0.0,121.89658061722783,111.83188837897143,-0.2575670075662487,0.0,121.95735781555034,112.19439055583359,-0.05039861731261361,0.0,123.17290773602865,113.46068572799177,0.22592378379988454,0.0
121.40766444335091,111.8333751595049,-0.17744484841299846,0.0,121.37579510973148,111.27231193184664,-0.3606396677873186,0.0,121.89658061722783,111.83188837897143,-0.2575670075662487,0.0,121.95735781555034,112.19439055583359,-0.05039861731261361,0.0
121.96974271678091,112.92781911933545,-0.38133018956213743,0.0,121.40766444335091,111.8333751595049,-0.17744484841299846,0.0,121.37579510973148,111.27231193184664,-0.3606396677873186,0.0,121.89658061722783,111.83188837897143,-0.2575670075662487,0.0
122.14400607415784,111.68727034408766,0.32281391113705044,0.0,121.96974271678091,112.92781911933545,-0.38133018956213743,0.0,121.40766444335091,111.8333751595049,-0.17744484841299846,0.0,121.37579510973148,111.27231193184664,-0.3606396677873186,0.0
122.62781837347556,113.2286383809886,-0.1890525222001116,0.0,122.14400607415784,111.68727034408766,0.32281391113705044,0.0,121.96974271678091,112.92781911933545,-0.38133018956213743,0.0,121.40766444335091,111.8333751595049,-0.17744484841299846,0.0
122.61708709635586,113.12089125562727,-0.2446778398407688,0.0,122.62781837347556,113.2286383809886,-0.1890525222001116,0.0,122.14400607415784,111.68727034408766,0.32281391113705044,0.0,121.96974271678091,112.92781911933545,-0.38133018956213743,0.0
121.86367449472445,111.6166442505156,-0.4156078010097025,0.0,122.61708709635586,113.12089125562727,-0.2446778398407688,0.0,122.62781837347556,113.2286383809886,-0.1890525222001116,0.0,122.14400607415784,111.68727034408766,0.32281391113705044,0.0
120.73404201264363,109.92948159699162,0.3910027013691044,0.0,121.86367449472445,111.6166442505156,-0.4156078010097025,0.0,122.61708709635586,113.12089125562727,-0.2446778398407688,0.0,122.62781837347556,113.2286383809886,-0.1890525222001116,0.0
121.12965840593195,110.63959170045516,0.4110795493510709,0.0,120.73404201264363,109.92948159699162,0.3910027013691044,0.0,121.86367449472445,111.6166442505156,-0.4156078010097025,0.0,122.61708709635586,113.12089125562727,-0.2446778398407688,0.0
121.24495696381231,111.0361305551535,0.8447859092151742,0.0,121.12965840593195,110.63959170045516,0.4110795493510709,0.0,120.73404201264363,109.92948159699162,0.3910027013691044,0.0,121.86367449472445,111.6166442505156,-0.4156078010097025,0.0
120.96136194532225,110.92261512073324,-0.06695145914634659,0.0,121.24495696381231,111.0361305551535,0.8447859092151742,0.0,121.12965840593195,110.63959170045516,0.4110795493510709,0.0,120.73404201264363,109.92948159699162,0.3910027013691044,0.0
120.42794339236447,109.81665078135316,0.07996396561755215,0.0,120.96136194532225,110.92261512073324,-0.06695145914634659,0.0,121.24495696381231,111.0361305551535,0.8447859092151742,0.0,121.12965840593195,110.63959170045516,0.4110795493510709,0.0
120.46764913716798,110.14667939974498,0.5087865703057602,0.0,120.42794339236447,109.81665078135316,0.07996396561755215,0.0,120.96136194532225,110.92261512073324,-0.06695145914634659,0.0,121.24495696381231,111.0361305551535,0.8447859092151742,0.0
120.79339045913885,109.66966216326315,0.44817125088232035,0.0,120.46764913716798,110.14667939974498,0.5087865703057602,0.0,120.42794339236447,109.81665078135316,0.07996396561755215,0.0,120.96136194532225,110.92261512073324,-0.06695145914634659,0.0
121.47098454363253,109.93333471063488,0.891277188238532,0.0,120.79339045913885,109.66966216326315,0.44817125088232035,0.0,120.46764913716798,110.14667939974498,0.5087865703057602,0.0,120.42794339236447,109.81665078135316,0.07996396561755215,0.0
121.74801464073394,110.46177069912156,0.45437752554063954,0.0,121.47098454363253,109.93333471063488,0.891277188238532,0.0,120.79339045913885,109.66966216326315,0.44817125088232035,0.0,120.46764913716798,110.14667939974498,0.5087865703057602,0.0
122.63189066796483,111.4110933641739,1.0681757405253016,0.0,121.74801464073394,110.46177069912156,0.45437752554063954,0.0,121.47098454363253,109.93333471063488,0.891277188238532,0.0,120.79339045913885,109.66966216326315,0.44817125088232035,0.0
122.09770931576745,109.80002381163462,2.0039896542298665,0.0,122.63189066796483,111.4110933641739,1.0681757405253016,0.0,121.74801464073394,110.46177069912156,0.45437752554063954,0.0,121.47098454363253,109.93333471063488,0.891277188238532,0.0
122.59537162191349,110.46650553458389,1.4217724431640637,0.0,122.09770931576745,109.80002381163462,2.0039896542298665,0.0,122.63189066796483,111.4110933641739,1.0681757405253016,0.0,121.74801464073394,110.46177069912156,0.45437752554063954,0.0
122.53034747829851,111.39198381593317,0.9146666938308652,0.0,122.59537162191349,110.46650553458389,1.4217724431640637,0.0,122.09770931576745,109.80002381163462,2.0039896542298665,0.0,122.63189066796483,111.4110933641739,1.0681757405253016,0.0
122.79238378255668,111.58457524282827,1.4584255936235426,0.0,122.53034747829851,111.39198381593317,0.9146666938308652,0.0,122.59537162191349,110.46650553458389,1.4217724431640637,0.0,122.09770931576745,109.80002381163462,2.0039896542298665,0.0
122.47834509608342,110.74608996658318,1.9565265477641902,0.0,122.79238378255668,111.58457524282827,1.4584255936235426,0.0,122.53034747829851,111.39198381593317,0.9146666938308652,0.0,122.59537162191349,110.46650553458389,1.4217724431640637,0.0
122.94254257036962,111.51947386884805,1.303791224634718,0.0,122.47834509608342,110.74608996658318,1.9565265477641902,0.0,122.79238378255668,111.58457524282827,1.4584255936235426,0.0,122.53034747829851,111.39198381593317,0.9146666938308652,0.0
122.86764702712158,112.67998816693483,0.8329395711598457,0.0,122.94254257036962,111.51947386884805,1.303791224634718,0.0,122.47834509608342,110.74608996658318,1.9565265477641902,0.0,122.79238378255668,111.58457524282827,1.4584255936235426,0.0
122.3591301180754,111.90530022325987,0.5254593524976231,0.0,122.86764702712158,112.67998816693483,0.8329395711598457,0.0,122.94254257036962,111.51947386884805,1.303791224634718,0.0,122.47834509608342,110.74608996658318,1.9565265477641902,0.0
122.28201225646052,111.98559647086441,-0.25185777351904004,0.0,122.3591301180754,111.90530022325987,0.5254593524976231,0.0,122.86764702712158,112.67998816693483,0.8329395711598457,0.0,122.94254257036962,111.51947386884805,1.303791224634718,0.0
122.01715230458845,113.77359142222846,-0.6608121920573311,0.0,122.28201225646052,111.98559647086441,-0.25185777351904004,0.0,122.3591301180754,111.90530022325987,0.5254593524976231,0.0,122.86764702712158,112.67998816693483,0.8329395711598457,0.0
122.23346387112707,112.49694295725172,-1.0307201370218988,0.0,122.01715230458845,113.77359142222846,-0.6608121920573311,0.0,122.28201225646052,111.98559647086441,-0.25185777351904004,0.0,122.3591301180754,111.90530022325987,0.5254593524976231,0.0
121.58525555530811,112.23254333812605,-1.2084748921695834,0.0,122.23346387112707,112.49694295725172,-1.0307201370218988,0.0,122.01715230458845,113.77359142222846,-0.6608121920573311,0.0,122.28201225646052,111.98559647086441,-0.25185777351904004,0.0
121.61221748563946,112.82622215098371,-0.9841223574290573,0.0,121.58525555530811,112.23254333812605,-1.2084748921695834,0.0,122.23346387112707,112.49694295725172,-1.0307201370218988,0.0,122.01715230458845,113.77359142222846,-0.6608121920573311,0.0
121.87381224718979,112.27230735292886,-0.6701905196749856,0.0,121.61221748563946,112.82622215098371,-0.9841223574290573,0.0,121.58525555530811,112.23254333812605,-1.2084748921695834,0.0,122.23346387112707,112.49694295725172,-1.0307201370218988,0.0
121.93104289148035,111.69037119736015,0.23909783066704993,0.0,121.87381224718979,112.27230735292886,-0.6701905196749856,0.0,121.61221748563946,112.82622215098371,-0.9841223574290573,0.0,121.58525555530811,112.23254333812605,-1.2084748921695834,0.0
122.60348548266472,112.29638905428115,-0.30789875583575554,0.0,121.93104289148035,111.69037119736015,0.23909783066704993,0.0,121.87381224718979,112.27230735292886,-0.6701905196749856,0.0,121.61221748563946,112.82622215098371,-0.9841223574290573,0.0
122.86348472520478,112.12630095925013,0.24584219456968742,0.0,122.60348548266472,112.29638905428115,-0.30789875583575554,0.0,121.93104289148035,111.69037119736015,0.23909783066704993,0.0,121.87381224718979,112.27230735292886,-0.6701905196749856,0.0
122.6252662670391,113.23562229508758,0.08967933354299548,0.0,122.86348472520478,112.12630095925013,0.24584219456968742,0.0,122.60348548266472,112.29638905428115,-0.30789875583575554,0.0,121.93104289148035,111.69037119736015,0.23909783066704993,0.0
122.59579971744488,112.25515689870463,0.047011612008179916,0.0,122.6252662670391,113.23562229508758,0.08967933354299548,0.0,122.86348472520478,112.12630095925013,0.24584219456968742,0.0,122.60348548266472,112.29638905428115,-0.30789875583575554,0.0
122.60769790965742,112.33549280078921,0.3750190356898458,0.0,122.59579971744488,112.25515689870463,0.047011612008179916,0.0,122.6252662670391,113.23562229508758,0.08967933354299548,0.0,122.86348472520478,112.12630095925013,0.24584219456968742,0.0
122.64458252853413,112.86451202550435,-0.2613457822292726,0.0,122.60769790965742,112.33549280078921,0.3750190356898458,0.0,122.59579971744488,112.25515689870463,0.047011612008179916,0.0,122.6252662670391,113.23562229508758,0.08967933354299548,0.0
121.6035610855583,111.9855187887346,-0.017871752691392823,0.0,122.64458252853413,112.86451202550435,-0.2613457822292726,0.0,122.60769790965742,112.33549280078921,0.3750190356898458,0.0,122.59579971744488,112.25515689870463,0.047011612008179916,0.0
121.59927198322634,110.65627474671251,0.06892870195341379,0.0,121.6035610855583,111.9855187887346,-0.017871752691392823,0.0,122.64458252853413,112.86451202550435,-0.2613457822292726,0.0,122.60769790965742,112.33549280078921,0.3750190356898458,0.0
121.02692193110501,110.20552242758694,0.30136859356680556,0.0,121.59927198322634,110.65627474671251,0.06892870195341379,0.0,121.6035610855583,111.9855187887346,-0.017871752691392823,0.0,122.64458252853413,112.86451202550435,-0.2613457822292726,0.0
121.86806447557599,111.85227086075511,0.3856791968073535,0.0,121.02692193110501,110.20552242758694,0.30136859356680556,0.0,121.59927198322634,110.65627474671251,0.06892870195341379,0.0,121.6035610855583,111.9855187887346,-0.017871752691392823,0.0
121.91187735872062,111.04298923477441,1.53619342740133,0.0,121.86806447557599,111.85227086075511,0.3856791968073535,0.0,121.02692193110501,110.20552242758694,0.30136859356680556,0.0,121.59927198322634,110.65627474671251,0.06892870195341379,0.0
121.8749465084305,111.157698074124,0.9100847497954061,0.0,121.91187735872062,111.04298923477441,1.53619342740133,0.0,121.86806447557599,111.85227086075511,0.3856791968073535,0.0,121.02692193110501,110.20552242758694,0.30136859356680556,0.0
122.36413990955245,111.68431926417139,0.46256932233541614,0.0,121.8749465084305,111.157698074124,0.9100847497954061,0.0,121.91187735872062,111.04298923477441,1.53619342740133,0.0,121.86806447557599,111.85227086075511,0.3856791968073535,0.0
122.48705117352225,112.30846305689315,0.058485194655950756,0.0,122.36413990955245,111.68431926417139,0.46256932233541614,0.0,121.8749465084305,111.157698074124,0.9100847497954061,0.0,121.91187735872062,111.04298923477441,1.53619342740133,0.0
121.85248045909965,111.45686445057089,-0.23095040385536672,0.0,122.48705117352225,112.30846305689315,0.058485194655950756,0.0,122.36413990955245,111.68431926417139,0.46256932233541614,0.0,121.8749465084305,111.157698074124,0.9100847497954061,0.0
121.84867331879398,111.95716734444113,-0.5034538867375522,0.0,121.85248045909965,111.45686445057089,-0.23095040385536672,0.0,122.48705117352225,112.30846305689315,0.058485194655950756,0.0,122.36413990955245,111.68431926417139,0.46256932233541614,0.0
121.75731585892763,111.08078618988742,0.1917451561637341,0.0,121.84867331879398,111.95716734444113,-0.5034538867375522,0.0,121.85248045909965,111.45686445057089,-0.23095040385536672,0.0,122.48705117352225,112.30846305689315,0.058485194655950756,0.0
121.03327622885774,110.00620027962663,0.8636482489259147,0.0,121.75731585892763,111.08078618988742,0.1917451561637341,0.0,121.84867331879398,111.95716734444113,-0.5034538867375522,0.0,121.85248045909965,111.45686445057089,-0.23095040385536672,0.0
120.92097873411964,111.21008264695911,0.4055454522659937,0.0,121.03327622885774,110.00620027962663,0.8636482489259147,0.0,121.75731585892763,111.08078618988742,0.1917451561637341,0.0,121.84867331879398,111.95716734444113,-0.5034538867375522,0.0
121.08146027787797,111.2710509681907,-0.09174142473931934,0.0,120.92097873411964,111.21008264695911,0.4055454522659937,0.0,121.03327622885774,110.00620027962663,0.8636482489259147,0.0,121.75731585892763,111.08078618988742,0.1917451561637341,0.0
121.2783911733088,110.58603166495277,0.16231463840174656,0.0,121.08146027787797,111.2710509681907,-0.09174142473931934,0.0,120.92097873411964,111.21008264695911,0.4055454522659937,0.0,121.03327622885774,110.00620027962663,0.8636482489259147,0.0
120.73618682192792,110.9082080976093,-0.14625981141908836,0.0,121.2783911733088,110.58603166495277,0.16231463840174656,0.0,121.08146027787797,111.2710509681907,-0.09174142473931934,0.0,120.92097873411964,111.21008264695911,0.4055454522659937,0.0
121.60698324882742,111.15598000477308,0.1994580597424847,0.0,120.73618682192792,110.9082080976093,-0.14625981141908836,0.0,121.2783911733088,110.58603166495277,0.16231463840174656,0.0,121.08146027787797,111.2710509681907,-0.09174142473931934,0.0
121.65677881871054,111.55512501811398,0.26102795821963765,0.0,121.60698324882742,111.15598000477308,0.1994580597424847,0.0,120.73618682192792,110.9082080976093,-0.14625981141908836,0.0,121.2783911733088,110.58603166495277,0.16231463840174656,0.0
121.70571601194194,112.76967162713575,-0.5490496909229059,0.0,121.65677881871054,111.55512501811398,0.26102795821963765,0.0,121.60698324882742,111.15598000477308,0.1994580597424847,0.0,120.73618682192792,110.9082080976093,-0.14625981141908836,0.0
121.97955778049396,111.70671696459036,0.3345128479267061,0.0,121.70571601194194,112.76967162713575,-0.5490496909229059,0.0,121.65677881871054,111.55512501811398,0.26102795821963765,0.0,121.60698324882742,111.15598000477308,0.1994580597424847,0.0
121.67201118025106,110.3519383438456,1.1655491148891257,0.0,121.97955778049396,111.70671696459036,0.3345128479267061,0.0,121.70571601194194,112.76967162713575,-0.5490496909229059,0.0,121.65677881871054,111.55512501811398,0.26102795821963765,0.0
121.98161617629917,111.68341508936075,0.6260449466691075,0.0,121.67201118025106,110.3519383438456,1.1655491148891257,0.0,121.97955778049396,111.70671696459036,0.3345128479267061,0.0,121.70571601194194,112.76967162713575,-0.5490496909229059,0.0
121.82020199597828,111.63107244103935,0.3069851773672939,0.0,121.98161617629917,111.68341508936075,0.6260449466691075,0.0,121.67201118025106,110.3519383438456,1.1655491148891257,0.0,121.97955778049396,111.70671696459036,0.3345128479267061,0.0
121.43219836883068,111.51340915256733,0.3885208372562876,0.0,121.82020199597828,111.63107244103935,0.3069851773672939,0.0,121.98161617629917,111.68341508936075,0.6260449466691075,0.0,121.67201118025106,110.3519383438456,1.1655491148891257,0.0
121.88987220754407,110.85220468396349,0.4780450647985426,0.0,121.43219836883068,111.51340915256733,0.3885208372562876,0.0,121.82020199597828,111.63107244103935,0.3069851773672939,0.0,121.98161617629917,111.68341508936075,0.6260449466691075,0.0
122.65329401038593,112.08881370100465,0.7117081881752494,0.0,121.88987220754407,110.85220468396349,0.4780450647985426,0.0,121.43219836883068,111.51340915256733,0.3885208372562876,0.0,121.82020199597828,111.63107244103935,0.3069851773672939,0.0
122.95246878540569,110.6516221929192,1.5744688199233745,0.0,122.65329401038593,112.08881370100465,0.7117081881752494,0.0,121.88987220754407,110.85220468396349,0.4780450647985426,0.0,121.43219836883068,111.51340915256733,0.3885208372562876,0.0
123.25736912311224,111.32189375565014,1.171101442191675,0.0,122.95246878540569,110.6516221929192,1.5744688199233745,0.0,122.65329401038593,112.08881370100465,0.7117081881752494,0.0,121.88987220754407,110.85220468396349,0.4780450647985426,0.0
122.73375283110934,112.23654328198614,0.5377325314841132,0.0,123.25736912311224,111.32189375565014,1.171101442191675,0.0,122.95246878540569,110.6516221929192,1.5744688199233745,0.0,122.65329401038593,112.08881370100465,0.7117081881752494,0.0
121.76191190718913,112.52560986228278,-0.25947358881997307,0.0,122.73375283110934,112.23654328198614,0.5377325314841132,0.0,123.25736912311224,111.32189375565014,1.171101442191675,0.0,122.95246878540569,110.6516221929192,1.5744688199233745,0.0
122.45123680505385,114.06722963494747,-0.573043891026938,0.0,121.76191190718913,112.52560986228278,-0.25947358881997307,0.0,122.73375283110934,112.23654328198614,0.5377325314841132,0.0,123.25736912311224,111.32189375565014,1.171101442191675,0.0
123.26447241138752,114.47548954715936,-0.47499859925844895,0.0,122.45123680505385,114.06722963494747,-0.573043891026938,0.0,121.76191190718913,112.52560986228278,-0.25947358881997307,0.0,122.73375283110934,112.23654328198614,0.5377325314841132,0.0
123.68999947427619,113.85963683437336,0.5172800523521346,0.0,123.26447241138752,114.47548954715936,-0.47499859925844895,0.0,122.45123680505385,114.06722963494747,-0.573043891026938,0.0,121.76191190718913,112.52560986228278,-0.25947358881997307,0.0
123.16792311451027,112.32366990841592,0.15501839236362197,0.0,123.68999947427619,113.85963683437336,0.5172800523521346,0.0,123.26447241138752,114.47548954715936,-0.47499859925844895,0.0,122.45123680505385,114.06722963494747,-0.573043891026938,0.0
122.35401178229523,112.0601907989714,0.23590868971034684,0.0,123.16792311451027,112.32366990841592,0.15501839236362197,0.0,123.68999947427619,113.85963683437336,0.5172800523521346,0.0,123.26447241138752,114.47548954715936,-0.47499859925844895,0.0
121.78012758591933,111.40480982014142,0.18051550373190145,0.0,122.35401178229523,112.0601907989714,0.23590868971034684,0.0,123.16792311451027,112.32366990841592,0.15501839236362197,0.0,123.68999947427619,113.85963683437336,0.5172800523521346,0.0
121.01300543970528,111.38460690446328,0.7386090397095632,0.0,121.78012758591933,111.40480982014142,0.18051550373190145,0.0,122.35401178229523,112.0601907989714,0.23590868971034684,0.0,123.16792311451027,112.32366990841592,0.15501839236362197,0.0
121.25665100387047,110.00128077377465,1.8543534447044614,0.0,121.01300543970528,111.38460690446328,0.7386090397095632,0.0,121.78012758591933,111.40480982014142,0.18051550373190145,0.0,122.35401178229523,112.0601907989714,0.23590868971034684,0.0
122.27737066191803,110.61578240439147,1.218048369303409,0.0,121.25665100387047,110.00128077377465,1.8543534447044614,0.0,121.01300543970528,111.38460690446328,0.7386090397095632,0.0,121.78012758591933,111.40480982014142,0.18051550373190145,0.0
122.18544810963529,111.31234207926042,0.7297189741836161,0.0,122.27737066191803,110.61578240439147,1.218048369303409,0.0,121.25665100387047,110.00128077377465,1.8543534447044614,0.0,121.01300543970528,111.38460690446328,0.7386090397095632,0.0
122.33441198743743,111.3021590088988,1.105855617881429,0.0,122.18544810963529,111.31234207926042,0.7297189741836161,0.0,122.27737066191803,110.61578240439147,1.218048369303409,0.0,121.25665100387047,110.00128077377465,1.8543534447044614,0.0
122.98164823145045,111.47359681303209,1.225630239118299,0.0,122.33441198743743,111.3021590088988,1.105855617881429,0.0,122.18544810963529,111.31234207926042,0.7297189741836161,0.0,122.27737066191803,110.61578240439147,1.218048369303409,0.0
122.6851035877197,109.96334683048912,1.903857854162656,0.0,122.98164823145045,111.47359681303209,1.225630239118299,0.0,122.33441198743743,111.3021590088988,1.105855617881429,0.0,122.18544810963529,111.31234207926042,0.7297189741836161,0.0
123.57245243404455,111.86792328981997,1.8150503759931067,0.0,122.6851035877197,109.96334683048912,1.903857854162656,0.0,122.98164823145045,111.47359681303209,1.225630239118299,0.0,122.33441198743743,111.3021590088988,1.105855617881429,0.0
124.20891724649607,112.9018380897661,1.2723942554009557,0.0,123.57245243404455,111.86792328981997,1.8150503759931067,0.0,122.6851035877197,109.96334683048912,1.903857854162656,0.0,122.98164823145045,111.47359681303209,1.225630239118299,0.0
123.68767161124595,112.27813033221338,1.3132428196669192,0.0,124.20891724649607,112.9018380897661,1.2723942554009557,0.0,123.57245243404455,111.86792328981997,1.8150503759931067,0.0,122.6851035877197,109.96334683048912,1.903857854162656,0.0
123.14420971444785,110.34320885078586,1.6049460460249894,0.0,123.68767161124595,112.27813033221338,1.3132428196669192,0.0,124.20891724649607,112.9018380897661,1.2723942554009557,0.0,123.57245243404455,111.86792328981997,1.8150503759931067,0.0
123.23448836620372,112.58996857099456,1.6941979274186736,0.0,123.14420971444785,110.34320885078586,1.6049460460249894,0.0,123.68767161124595,112.27813033221338,1.3132428196669192,0.0,124.20891724649607,112.9018380897661,1.2723942554009557,0.0
122.86796053804544,110.91735367316244,1.6089953574885878,0.0,123.23448836620372,112.58996857099456,1.6941979274186736,0.0,123.14420971444785,110.34320885078586,1.6049460460249894,0.0,123.68767161124595,112.27813033221338,1.3132428196669192,0.0
122.1945213783076,110.43138887190167,1.8205336307854472,0.0,122.86796053804544,110.91735367316244,1.6089953574885878,0.0,123.23448836620372,112.58996857099456,1.6941979274186736,0.0,123.14420971444785,110.34320885078586,1.6049460460249894,0.0
122.86900900719499,110.54454844425172,2.041074699851194,0.0,122.1945213783076,110.43138887190167,1.8205336307854472,0.0,122.86796053804544,110.91735367316244,1.6089953574885878,0.0,123.23448836620372,112.58996857099456,1.6941979274186736,0.0
123.33637480791873,111.34112182951637,2.323939255399719,0.0,122.86900900719499,110.54454844425172,2.041074699851194,0.0,122.1945213783076,110.43138887190167,1.8205336307854472,0.0,122.86796053804544,110.91735367316244,1.6089953574885878,0.0
123.19505413319145,111.03603030050607,2.1835063481145967,0.0,123.33637480791873,111.34112182951637,2.323939255399719,0.0,122.86900900719499,110.54454844425172,2.041074699851194,0.0,122.1945213783076,110.43138887190167,1.8205336307854472,0.0
122.40529380580227,110.38634247773624,1.6632460383332501,0.0,123.19505413319145,111.03603030050607,2.1835063481145967,0.0,123.33637480791873,111.34112182951637,2.323939255399719,0.0,122.86900900719499,110.54454844425172,2.041074699851194,0.0
121.86427843595561,108.90386966155043,1.4039536738832616,0.0,122.40529380580227,110.38634247773624,1.6632460383332501,0.0,123.19505413319145,111.03603030050607,2.1835063481145967,0.0,123.33637480791873,111.34112182951637,2.323939255399719,0.0
122.04910397031158,109.91866845324975,1.7264174223607878,0.0,121.86427843595561,108.90386966155043,1.4039536738832616,0.0,122.40529380580227,110.38634247773624,1.6632460383332501,0.0,123.19505413319145,111.03603030050607,2.1835063481145967,0.0
121.8255041182531,111.27687081487332,0.9726661023950123,0.0,122.04910397031158,109.91866845324975,1.7264174223607878,0.0,121.86427843595561,108.90386966155043,1.4039536738832616,0.0,122.40529380580227,110.38634247773624,1.6632460383332501,0.0
121.74036791742738,110.98977822208624,0.9624695363524605,0.0,121.8255041182531,111.27687081487332,0.9726661023950123,0.0,122.04910397031158,109.91866845324975,1.7264174223607878,0.0,121.86427843595561,108.90386966155043,1.4039536738832616,0.0
122.30533892372212,111.95873975499575,0.573306222918288,0.0,121.74036791742738,110.98977822208624,0.9624695363524605,0.0,121.8255041182531,111.27687081487332,0.9726661023950123,0.0,122.04910397031158,109.91866845324975,1.7264174223607878,0.0
122.5615434170127,112.98634761352571,0.4730173898020392,0.0,122.30533892372212,111.95873975499575,0.573306222918288,0.0,121.74036791742738,110.98977822208624,0.9624695363524605,0.0,121.8255041182531,111.27687081487332,0.9726661023950123,0.0
123.12470077259398,112.27210602529942,1.0176398431452807,0.0,122.5615434170127,112.98634761352571,0.4730173898020392,0.0,122.30533892372212,111.95873975499575,0.573306222918288,0.0,121.74036791742738,110.98977822208624,0.9624695363524605,0.0
122.44595505129371,111.16987910185671,0.9096614085261763,0.0,123.12470077259398,112.27210602529942,1.0176398431452807,0.0,122.5615434170127,112.98634761352571,0.4730173898020392,0.0,122.30533892372212,111.95873975499575,0.573306222918288,0.0
122.18177126072348,112.06793991936283,0.7509474008990155,0.0,122.44595505129371,111.16987910185671,0.9096614085261763,0.0,123.12470077259398,112.27210602529942,1.0176398431452807,0.0,122.5615434170127,112.98634761352571,0.4730173898020392,0.0
122.52110610961577,112.07603493386125,-0.07917014977074721,0.0,122.18177126072348,112.06793991936283,0.7509474008990155,0.0,122.44595505129371,111.16987910185671,0.9096614085261763,0.0,123.12470077259398,112.27210602529942,1.0176398431452807,0.0
122.63676948751052,112.08309141377134,0.3097906631970126,0.0,122.52110610961577,112.07603493386125,-0.07917014977074721,0.0,122.18177126072348,112.06793991936283,0.7509474008990155,0.0,122.44595505129371,111.16987910185671,0.9096614085261763,0.0
123.2245511231518,113.02109316300917,0.5705746211281478,0.0,122.63676948751052,112.08309141377134,0.3097906631970126,0.0,122.52110610961577,112.07603493386125,-0.07917014977074721,0.0,122.18177126072348,112.06793991936283,0.7509474008990155,0.0
123.20311939377886,111.73579715389258,1.5380870585552484,0.0,123.2245511231518,113.02109316300917,0.5705746211281478,0.0,122.63676948751052,112.08309141377134,0.3097906631970126,0.0,122.52110610961577,112.07603493386125,-0.07917014977074721,0.0
123.88603537022409,112.01029393703584,1.0765805293676984,0.0,123.20311939377886,111.73579715389258,1.5380870585552484,0.0,123.2245511231518,113.02109316300917,0.5705746211281478,0.0,122.63676948751052,112.08309141377134,0.3097906631970126,0.0
123.75782654451888,112.42021305043983,0.9708395873261283,0.0,123.88603537022409,112.01029393703584,1.0765805293676984,0.0,123.20311939377886,111.73579715389258,1.5380870585552484,0.0,123.2245511231518,113.02109316300917,0.5705746211281478,0.0
123.88822164415973,112.98246630499435,0.9013635117162803,0.0,123.75782654451888,112.42021305043983,0.9708395873261283,0.0,123.88603537022409,112.01029393703584,1.0765805293676984,0.0,123.20311939377886,111.73579715389258,1.5380870585552484,0.0
123.35082726807073,111.95985147729647,1.5098174492547614,0.0,123.88822164415973,112.98246630499435,0.9013635117162803,0.0,123.75782654451888,112.42021305043983,0.9708395873261283,0.0,123.88603537022409,112.01029393703584,1.0765805293676984,0.0
123.0930771017337,111.89456637329755,1.1602061932103331,0.0,123.35082726807073,111.95985147729647,1.5098174492547614,0.0,123.88822164415973,112.98246630499435,0.9013635117162803,0.0,123.75782654451888,112.42021305043983,0.9708395873261283,0.0
123.30526055260079,112.49346661411849,1.0676757174534361,0.0,123.0930771017337,111.89456637329755,1.1602061932103331,0.0,123.35082726807073,111.95985147729647,1.5098174492547614,0.0,123.88822164415973,112.98246630499435,0.9013635117162803,0.0
123.76760307730976,113.66188900134824,1.1580888288210187,0.0,123.30526055260079,112.49346661411849,1.0676757174534361,0.0,123.0930771017337,111.89456637329755,1.1602061932103331,0.0,123.35082726807073,111.95985147729647,1.5098174492547614,0.0
123.79118491952218,111.75032033961983,1.019775624634994,0.0,123.76760307730976,113.66188900134824,1.1580888288210187,0.0,123.30526055260079,112.49346661411849,1.0676757174534361,0.0,123.0930771017337,111.89456637329755,1.1602061932103331,0.0
123.35702415166864,112.68675795963617,0.5926036924327311,0.0,123.79118491952218,111.75032033961983,1.019775624634994,0.0,123.76760307730976,113.66188900134824,1.1580888288210187,0.0,123.30526055260079,112.49346661411849,1.0676757174534361,0.0
123.72647325261612,112.95627166965954,0.5711279503953387,0.0,123.35702415166864,112.68675795963617,0.5926036924327311,0.0,123.79118491952218,111.75032033961983,1.019775624634994,0.0,123.76760307730976,113.66188900134824,1.1580888288210187,0.0
122.31754999235079,111.35278563204304,0.993718235246157,0.0,123.72647325261612,112.95627166965954,0.5711279503953387,0.0,123.35702415166864,112.68675795963617,0.5926036924327311,0.0,123.79118491952218,111.75032033961983,1.019775624634994,0.0
121.5606006381273,111.64644209999818,0.28171693849139556,0.0,122.31754999235079,111.35278563204304,0.993718235246157,0.0,123.72647325261612,112.95627166965954,0.5711279503953387,0.0,123.35702415166864,112.68675795963617,0.5926036924327311,0.0
121.99927850448158,111.8003823570894,0.2918583878665545,0.0,121.5606006381273,111.64644209999818,0.28171693849139556,0.0,122.31754999235079,111.35278563204304,0.993718235246157,0.0,123.72647325261612,112.95627166965954,0.5711279503953387,0.0
121.96253659790301,112.87880767617654,-0.116573697176343,0.0,121.99927850448158,111.8003823570894,0.2918583878665545,0.0,121.5606006381273,111.64644209999818,0.28171693849139556,0.0,122.31754999235079,111.35278563204304,0.993718235246157,0.0
122.33802522302085,110.69521761727285,0.5042643567213468,0.0,121.96253659790301,112.87880767617654,-0.116573697176343,0.0,121.99927850448158,111.8003823570894,0.2918583878665545,0.0,121.5606006381273,111.64644209999818,0.28171693849139556,0.0
122.24176384887747,113.2172018151035,-0.35818196701480987,0.0,122.33802522302085,110.69521761727285,0.5042643567213468,0.0,121.96253659790301,112.87880767617654,-0.116573697176343,0.0,121.99927850448158,111.8003823570894,0.2918583878665545,0.0
122.40455661375748,113.48654625292872,-0.5660064972476421,0.0,122.24176384887747,113.2172018151035,-0.35818196701480987,0.0,122.33802522302085,110.69521761727285,0.5042643567213468,0.0,121.96253659790301,112.87880767617654,-0.116573697176343,0.0
121.89735946417755,112.38168832663663,-0.2641992602658533,0.0,122.40455661375748,113.48654625292872,-0.5660064972476421,0.0,122.24176384887747,113.2172018151035,-0.35818196701480987,0.0,122.33802522302085,110.69521761727285,0.5042643567213468,0.0
122.25133584554611,111.03589537671544,0.5714026064044876,0.0,121.89735946417755,112.38168832663663,-0.2641992602658533,0.0,122.40455661375748,113.48654625292872,-0.5660064972476421,0.0,122.24176384887747,113.2172018151035,-0.35818196701480987,0.0
122.68557239357297,112.2540709393545,0.4242469545870962,0.0,122.25133584554611,111.03589537671544,0.5714026064044876,0.0,121.89735946417755,112.38168832663663,-0.2641992602658533,0.0,122.40455661375748,113.48654625292872,-0.5660064972476421,0.0
123.07706639232325,113.63333649001538,0.0617978003230778,0.0,122.68557239357297,112.2540709393545,0.4242469545870962,0.0,122.25133584554611,111.03589537671544,0.5714026064044876,0.0,121.89735946417755,112.38168832663663,-0.2641992602658533,0.0
123.85646624661985,112.23928029126242,0.9900167749787573,0.0,123.07706639232325,113.63333649001538,0.0617978003230778,0.0,122.68557239357297,112.2540709393545,0.4242469545870962,0.0,122.25133584554611,111.03589537671544,0.5714026064044876,0.0
123.55133100781474,113.11782422464711,0.0680064697748839,0.0,123.85646624661985,112.23928029126242,0.9900167749787573,0.0,123.07706639232325,113.63333649001538,0.0617978003230778,0.0,122.68557239357297,112.2540709393545,0.4242469545870962,0.0
123.27545841283931,114.05123873672125,-1.0449978024901339,0.0,123.55133100781474,113.11782422464711,0.0680064697748839,0.0,123.85646624661985,112.23928029126242,0.9900167749787573,0.0,123.07706639232325,113.63333649001538,0.0617978003230778,0.0
122.23416600320527,112.49228989958524,-0.615991016965441,0.0,123.27545841283931,114.05123873672125,-1.0449978024901339,0.0,123.55133100781474,113.11782422464711,0.0680064697748839,0.0,123.85646624661985,112.23928029126242,0.9900167749787573,0.0
121.94694776497346,111.49358674043086,-0.7438199257486584,0.0,122.23416600320527,112.49228989958524,-0.615991016965441,0.0,123.27545841283931,114.05123873672125,-1.0449978024901339,0.0,123.55133100781474,113.11782422464711,0.0680064697748839,0.0
121.86701040942205,111.88013531106827,-1.1056723491642835,0.0,121.94694776497346,111.49358674043086,-0.7438199257486584,0.0,122.23416600320527,112.49228989958524,-0.615991016965441,0.0,123.27545841283931,114.05123873672125,-1.0449978024901339,0.0
122.35722117839681,113.23093850558021,-0.5303596556817501,0.0,121.86701040942205,111.88013531106827,-1.1056723491642835,0.0,121.94694776497346,111.49358674043086,-0.7438199257486584,0.0,122.23416600320527,112.49228989958524,-0.615991016965441,0.0
122.00548013058089,111.4959250018351,-0.30238736765980073,0.0,122.35722117839681,113.23093850558021,-0.5303596556817501,0.0,121.86701040942205,111.88013531106827,-1.1056723491642835,0.0,121.94694776497346,111.49358674043086,-0.7438199257486584,0.0
122.36755796057933,112.69992307519607,-0.5239492094962048,0.0,122.00548013058089,111.4959250018351,-0.30238736765980073,0.0,122.35722117839681,113.23093850558021,-0.5303596556817501,0.0,121.86701040942205,111.88013531106827,-1.1056723491642835,0.0
122.24071174003677,113.05047539890032,-1.0593115669324111,0.0,122.36755796057933,112.69992307519607,-0.5239492094962048,0.0,122.00548013058089,111.4959250018351,-0.30238736765980073,0.0,122.35722117839681,113.23093850558021,-0.5303596556817501,0.0
122.03915955639111,113.29651556161863,-0.4112205894058566,0.0,122.24071174003677,113.05047539890032,-1.0593115669324111,0.0,122.36755796057933,112.69992307519607,-0.5239492094962048,0.0,122.00548013058089,111.4959250018351,-0.30238736765980073,0.0
122.14411542039767,112.2331841856371,-0.003875882545354814,0.0,122.03915955639111,113.29651556161863,-0.4112205894058566,0.0,122.24071174003677,113.05047539890032,-1.0593115669324111,0.0,122.36755796057933,112.69992307519607,-0.5239492094962048,0.0
121.90167536051143,112.36077579360571,-0.05268863792597531,0.0,122.14411542039767,112.2331841856371,-0.003875882545354814,0.0,122.03915955639111,113.29651556161863,-0.4112205894058566,0.0,122.24071174003677,113.05047539890032,-1.0593115669324111,0.0
121.78245858487553,110.48726158974583,0.8811675876830527,0.0,121.90167536051143,112.36077579360571,-0.05268863792597531,0.0,122.14411542039767,112.2331841856371,-0.003875882545354814,0.0,122.03915955639111,113.29651556161863,-0.4112205894058566,0.0
121.05604334463295,110.35061140744818,0.16989168698336587,0.0,121.78245858487553,110.48726158974583,0.8811675876830527,0.0,121.90167536051143,112.36077579360571,-0.05268863792597531,0.0,122.14411542039767,112.2331841856371,-0.003875882545354814,0.0
121.08347900140308,112.74757141278687,-0.6268492358756768,0.0,121.05604334463295,110.35061140744818,0.16989168698336587,0.0,121.78245858487553,110.48726158974583,0.8811675876830527,0.0,121.90167536051143,112.36077579360571,-0.05268863792597531,0.0
121.03226341453899,111.89071427018229,-0.8474334236411636,0.0,121.08347900140308,112.74757141278687,-0.6268492358756768,0.0,121.05604334463295,110.35061140744818,0.16989168698336587,0.0,121.78245858487553,110.48726158974583,0.8811675876830527,0.0
121.01031408306855,111.15012307776209,-0.7007397470906798,0.0,121.03226341453899,111.89071427018229,-0.8474334236411636,0.0,121.08347900140308,112.74757141278687,-0.6268492358756768,0.0,121.05604334463295,110.35061140744818,0.16989168698336587,0.0
121.41911878099188,111.9513803351598,-0.43892207301119796,0.0,121.01031408306855,111.15012307776209,-0.7007397470906798,0.0,121.03226341453899,111.89071427018229,-0.8474334236411636,0.0,121.08347900140308,112.74757141278687,-0.6268492358756768,0.0
121.86595219804472,111.97317606288064,-0.4717556873371233,0.0,121.41911878099188,111.9513803351598,-0.43892207301119796,0.0,121.01031408306855,111.15012307776209,-0.7007397470906798,0.0,121.03226341453899,111.89071427018229,-0.8474334236411636,0.0
122.00720886177811,112.0330029795771,-0.20137685161255028,0.0,121.86595219804472,111.97317606288064,-0.4717556873371233,0.0,121.41911878099188,111.9513803351598,-0.43892207301119796,0.0,121.01031408306855,111.15012307776209,-0.7007397470906798,0.0
122.45016441026361,113.06620548767256,-0.7868711933852622,0.0,122.00720886177811,112.0330029795771,-0.20137685161255028,0.0,121.86595219804472,111.97317606288064,-0.4717556873371233,0.0,121.41911878099188,111.9513803351598,-0.43892207301119796,0.0
122.6149989371817,112.65827107888742,0.09238534732841985,0.0,122.45016441026361,113.06620548767256,-0.7868711933852622,0.0,122.00720886177811,112.0330029795771,-0.20137685161255028,0.0,121.86595219804472,111.97317606288064,-0.4717556873371233,0.0
122.3006649230214,112.87612263642282,0.03283268866645149,0.0,122.6149989371817,112.65827107888742,0.09238534732841985,0.0,122.45016441026361,113.06620548767256,-0.7868711933852622,0.0,122.00720886177811,112.0330029795771,-0.20137685161255028,0.0
122.00982023353399,111.98567124051928,0.584914066727225,0.0,122.3006649230214,112.87612263642282,0.03283268866645149,0.0,122.6149989371817,112.65827107888742,0.09238534732841985,0.0,122.45016441026361,113.06620548767256,-0.7868711933852622,0.0
122.20377696609573,111.20980678229748,0.6392939265706321,0.0,122.00982023353399,111.98567124051928,0.584914066727225,0.0,122.3006649230214,112.87612263642282,0.03283268866645149,0.0,122.6149989371817,112.65827107888742,0.09238534732841985,0.0
122.4641734969116,111.71463261831875,0.7398117508333977,0.0,122.20377696609573,111.20980678229748,0.6392939265706321,0.0,122.00982023353399,111.98567124051928,0.584914066727225,0.0,122.3006649230214,112.87612263642282,0.03283268866645149,0.0
123.05774742568477,112.25027050720556,0.8767330407828202,0.0,122.4641734969116,111.71463261831875,0.7398117508333977,0.0,122.20377696609573,111.20980678229748,0.6392939265706321,0.0,122.00982023353399,111.98567124051928,0.584914066727225,0.0
123.40709452151576,112.69379883004203,0.9252407126349137,0.0,123.05774742568477,112.25027050720556,0.8767330407828202,0.0,122.4641734969116,111.71463261831875,0.7398117508333977,0.0,122.20377696609573,111.20980678229748,0.6392939265706321,0.0
122.85751151459439,111.94855198729306,1.061553950041703,0.0,123.40709452151576,112.69379883004203,0.9252407126349137,0.0,123.05774742568477,112.25027050720556,0.8767330407828202,0.0,122.4641734969116,111.71463261831875,0.7398117508333977,0.0
122.70178079783722,110.66450547549351,1.5138194250995782,0.0,122.85751151459439,111.94855198729306,1.061553950041703,0.0,123.40709452151576,112.69379883004203,0.9252407126349137,0.0,123.05774742568477,112.25027050720556,0.8767330407828202,0.0
122.90858880469379,111.76689472069742,1.3093161249303977,0.0,122.70178079783722,110.66450547549351,1.5138194250995782,0.0,122.85751151459439,111.94855198729306,1.061553950041703,0.0,123.40709452151576,112.69379883004203,0.9252407126349137,0.0
123.23565814656087,112.50423572447306,1.4019547787385744,0.0,122.90858880469379,111.76689472069742,1.3093161249303977,0.0,122.70178079783722,110.66450547549351,1.5138194250995782,0.0,122.85751151459439,111.94855198729306,1.061553950041703,0.0
123.4575593759828,112.00903751236547,1.076695975847246,0.0,123.23565814656087,112.50423572447306,1.4019547787385744,0.0,122.90858880469379,111.76689472069742,1.3093161249303977,0.0,122.70178079783722,110.66450547549351,1.5138194250995782,0.0
123.1505308925658,111.67155383609563,1.5814153884025333,0.0,123.4575593759828,112.00903751236547,1.076695975847246,0.0,123.23565814656087,112.50423572447306,1.4019547787385744,0.0,122.90858880469379,111.76689472069742,1.3093161249303977,0.0
122.32432865948697,111.38169456702818,0.9269361596923918,0.0,123.1505308925658,111.67155383609563,1.5814153884025333,0.0,123.4575593759828,112.00903751236547,1.076695975847246,0.0,123.23565814656087,112.50423572447306,1.4019547787385744,0.0
121.88789062317832,109.44208232576923,1.6420191442093213,0.0,122.32432865948697,111.38169456702818,0.9269361596923918,0.0,123.1505308925658,111.67155383609563,1.5814153884025333,0.0,123.4575593759828,112.00903751236547,1.076695975847246,0.0
122.10551624644845,110.82226018507839,1.2935363400452853,0.0,121.88789062317832,109.44208232576923,1.6420191442093213,0.0,122.32432865948697,111.38169456702818,0.9269361596923918,0.0,123.1505308925658,111.67155383609563,1.5814153884025333,0.0
122.26545471880739,111.8014213612708,0.31944152097720424,0.0,122.10551624644845,110.82226018507839,1.2935363400452853,0.0,121.88789062317832,109.44208232576923,1.6420191442093213,0.0,122.32432865948697,111.38169456702818,0.9269361596923918,0.0
121.66622025929345,111.9360765807055,0.31960542423715804,0.0,122.26545471880739,111.8014213612708,0.31944152097720424,0.0,122.10551624644845,110.82226018507839,1.2935363400452853,0.0,121.88789062317832,109.44208232576923,1.6420191442093213,0.0
121.75764495438405,111.95232116990724,-0.08484148934771396,0.0,121.66622025929345,111.9360765807055,0.31960542423715804,0.0,122.26545471880739,111.8014213612708,0.31944152097720424,0.0,122.10551624644845,110.82226018507839,1.2935363400452853,0.0
122.14722735454683,111.49001574892634,0.35244858301619086,0.0,121.75764495438405,111.95232116990724,-0.08484148934771396,0.0,121.66622025929345,111.9360765807055,0.31960542423715804,0.0,122.26545471880739,111.8014213612708,0.31944152097720424,0.0
121.52482529083424,112.34686528099311,-0.04435312323824275,0.0,122.14722735454683,111.49001574892634,0.35244858301619086,0.0,121.75764495438405,111.95232116990724,-0.08484148934771396,0.0,121.66622025929345,111.9360765807055,0.31960542423715804,0.0
122.1566202382263,112.31477190686641,-0.25857421519798407,0.0,121.52482529083424,112.34686528099311,-0.04435312323824275,0.0,122.14722735454683,111.49001574892634,0.35244858301619086,0.0,121.75764495438405,111.95232116990724,-0.08484148934771396,0.0
121.887113244034,112.98834744534278,-1.1516297376311528,0.0,122.1566202382263,112.31477190686641,-0.25857421519798407,0.0,121.52482529083424,112.34686528099311,-0.04435312323824275,0.0,122.14722735454683,111.49001574892634,0.35244858301619086,0.0
122.45919665754165,113.58600987947739,-1.1474569497294607,0.0,121.887113244034,112.98834744534278,-1.1516297376311528,0.0,122.1566202382263,112.31477190686641,-0.25857421519798407,0.0,121.52482529083424,112.34686528099311,-0.04435312323824275,0.0
122.01910934710183,113.63043512087077,-2.1299052230980466,0.0,122.45919665754165,113.58600987947739,-1.1474569497294607,0.0,121.887113244034,112.98834744534278,-1.1516297376311528,0.0,122.1566202382263,112.31477190686641,-0.25857421519798407,0.0
121.41480182819004,113.74345816098707,-2.4958755902212992,0.0,122.01910934710183,113.63043512087077,-2.1299052230980466,0.0,122.45919665754165,113.58600987947739,-1.1474569497294607,0.0,121.887113244034,112.98834744534278,-1.1516297376311528,0.0
121.29419057893793,112.17164777386463,-1.6164931441048906,0.0,121.41480182819004,113.74345816098707,-2.4958755902212992,0.0,122.01910934710183,113.63043512087077,-2.1299052230980466,0.0,122.45919665754165,113.58600987947739,-1.1474569497294607,0.0
121.35040375421325,112.7474929479688,-0.9002944359584966,0.0,121.29419057893793,112.17164777386463,-1.6164931441048906,0.0,121.41480182819004,113.74345816098707,-2.4958755902212992,0.0,122.01910934710183,113.63043512087077,-2.1299052230980466,0.0
121.29914840549677,111.73869288976195,-0.5075067678743149,0.0,121.35040375421325,112.7474929479688,-0.9002944359584966,0.0,121.29419057893793,112.17164777386463,-1.6164931441048906,0.0,121.41480182819004,113.74345816098707,-2.4958755902212992,0.0
121.3228142942642,112.1700743869333,-0.8894934858640584,0.0,121.29914840549677,111.73869288976195,-0.5075067678743149,0.0,121.35040375421325,112.7474929479688,-0.9002944359584966,0.0,121.29419057893793,112.17164777386463,-1.6164931441048906,0.0
121.5826001186357,112.85267783227548,-0.7354504667622368,0.0,121.3228142942642,112.1700743869333,-0.8894934858640584,0.0,121.29914840549677,111.73869288976195,-0.5075067678743149,0.0,121.35040375421325,112.7474929479688,-0.9002944359584966,0.0
121.59513305039513,111.70714719230452,-0.5901616429550737,0.0,121.5826001186357,112.85267783227548,-0.7354504667622368,0.0,121.3228142942642,112.1700743869333,-0.8894934858640584,0.0,121.29914840549677,111.73869288976195,-0.5075067678743149,0.0
121.66533475527467,111.55430976130862,-1.0513116589603304,0.0,121.59513305039513,111.70714719230452,-0.5901616429550737,0.0,121.5826001186357,112.85267783227548,-0.7354504667622368,0.0,121.3228142942642,112.1700743869333,-0.8894934858640584,0.0
120.92643994661152,111.02429316013811,-0.08935017628468911,0.0,121.66533475527467,111.55430976130862,-1.0513116589603304,0.0,121.59513305039513,111.70714719230452,-0.5901616429550737,0.0,121.5826001186357,112.85267783227548,-0.7354504667622368,0.0
121.39808242163267,110.77837087323573,0.3672010042600844,0.0,120.92643994661152,111.02429316013811,-0.08935017628468911,0.0,121.66533475527467,111.55430976130862,-1.0513116589603304,0.0,121.59513305039513,111.70714719230452,-0.5901616429550737,0.0
121.50965827255273,111.28412031815182,0.18327871649323557,0.0,121.39808242163267,110.77837087323573,0.3672010042600844,0.0,120.92643994661152,111.02429316013811,-0.08935017628468911,0.0,121.66533475527467,111.55430976130862,-1.0513116589603304,0.0
122.38384455825766,112.5805710005194,0.16006589269185387,0.0,121.50965827255273,111.28412031815182,0.18327871649323557,0.0,121.39808242163267,110.77837087323573,0.3672010042600844,0.0,120.92643994661152,111.02429316013811,-0.08935017628468911,0.0
121.81274882089568,112.49088484166944,0.23224411812725934,0.0,122.38384455825766,112.5805710005194,0.16006589269185387,0.0,121.50965827255273,111.28412031815182,0.18327871649323557,0.0,121.39808242163267,110.77837087323573,0.3672010042600844,0.0
120.93966995086083,112.12762883211883,-0.8350721397103378,0.0,121.81274882089568,112.49088484166944,0.23224411812725934,0.0,122.38384455825766,112.5805710005194,0.16006589269185387,0.0,121.50965827255273,111.28412031815182,0.18327871649323557,0.0
121.41560850283665,112.90323409634107,-0.7916464030285687,0.0,120.93966995086083,112.12762883211883,-0.8350721397103378,0.0,121.81274882089568,112.49088484166944,0.23224411812725934,0.0,122.38384455825766,112.5805710005194,0.16006589269185387,0.0
121.7139403819583,111.83619858935052,-0.9743092464217542,0.0,121.41560850283665,112.90323409634107,-0.7916464030285687,0.0,120.93966995086083,112.12762883211883,-0.8350721397103378,0.0,121.81274882089568,112.49088484166944,0.23224411812725934,0.0
121.23813826937975,112.57595051842623,-1.2802574020848612,0.0,121.7139403819583,111.83619858935052,-0.9743092464217542,0.0,121.41560850283665,112.90323409634107,-0.7916464030285687,0.0,120.93966995086083,112.12762883211883,-0.8350721397103378,0.0
120.62738128701909,111.96509701965354,-1.1647560681108664,0.0,121.23813826937975,112.57595051842623,-1.2802574020848612,0.0,121.7139403819583,111.83619858935052,-0.9743092464217542,0.0,121.41560850283665,112.90323409634107,-0.7916464030285687,0.0
121.70588967716563,111.29427435583568,-0.03296159106393193,0.0,120.62738128701909,111.96509701965354,-1.1647560681108664,0.0,121.23813826937975,112.57595051842623,-1.2802574020848612,0.0,121.7139403819583,111.83619858935052,-0.9743092464217542,0.0
122.43659596890822,112.70341936255375,0.2940521577823594,0.0,121.70588967716563,111.29427435583568,-0.03296159106393193,0.0,120.62738128701909,111.96509701965354,-1.1647560681108664,0.0,121.23813826937975,112.57595051842623,-1.2802574020848612,0.0
121.12748514894298,111.56126493661077,-0.050347768665510884,0.0,122.43659596890822,112.70341936255375,0.2940521577823594,0.0,121.70588967716563,111.29427435583568,-0.03296159106393193,0.0,120.62738128701909,111.96509701965354,-1.1647560681108664,0.0
121.13036101909015,110.85031170872017,0.24601317574567058,0.0,121.12748514894298,111.56126493661077,-0.050347768665510884,0.0,122.43659596890822,112.70341936255375,0.2940521577823594,0.0,121.70588967716563,111.29427435583568,-0.03296159106393193,0.0
122.19707474323252,110.78620198863123,0.8964882588895375,0.0,121.13036101909015,110.85031170872017,0.24601317574567058,0.0,121.12748514894298,111.56126493661077,-0.050347768665510884,0.0,122.43659596890822,112.70341936255375,0.2940521577823594,0.0
121.99156763262353,110.56121766147109,1.1795074485680144,0.0,122.19707474323252,110.78620198863123,0.8964882588895375,0.0,121.13036101909015,110.85031170872017,0.24601317574567058,0.0,121.12748514894298,111.56126493661077,-0.050347768665510884,0.0
121.81221635698964,110.7146326419172,0.9734211438144986,0.0,121.99156763262353,110.56121766147109,1.1795074485680144,0.0,122.19707474323252,110.78620198863123,0.8964882588895375,0.0,121.13036101909015,110.85031170872017,0.24601317574567058,0.0
121.74581884901701,111.25149145520021,0.455268526198812,0.0,121.81221635698964,110.7146326419172,0.9734211438144986,0.0,121.99156763262353,110.56121766147109,1.1795074485680144,0.0,122.19707474323252,110.78620198863123,0.8964882588895375,0.0
121.31607505962475,110.40263065409553,0.7133264777658446,0.0,121.74581884901701,111.25149145520021,0.455268526198812,0.0,121.81221635698964,110.7146326419172,0.9734211438144986,0.0,121.99156763262353,110.56121766147109,1.1795074485680144,0.0
120.7084606590097,109.84023033152155,0.7674038749235506,0.0,121.31607505962475,110.40263065409553,0.7133264777658446,0.0,121.74581884901701,111.25149145520021,0.455268526198812,0.0,121.81221635698964,110.7146326419172,0.9734211438144986,0.0
121.5432084392413,110.99667486667704,1.0615197099527067,0.0,120.7084606590097,109.84023033152155,0.7674038749235506,0.0,121.31607505962475,110.40263065409553,0.7133264777658446,0.0,121.74581884901701,111.25149145520021,0.455268526198812,0.0
120.83103844023829,109.64119716061856,1.1668016688031502,0.0,121.5432084392413,110.99667486667704,1.0615197099527067,0.0,120.7084606590097,109.84023033152155,0.7674038749235506,0.0,121.31607505962475,110.40263065409553,0.7133264777658446,0.0
121.27098585372113,110.34961249047782,1.4582176927021877,0.0,120.83103844023829,109.64119716061856,1.1668016688031502,0.0,121.5432084392413,110.99667486667704,1.0615197099527067,0.0,120.7084606590097,109.84023033152155,0.7674038749235506,0.0
121.91147935271174,110.97198153287988,0.8989565483814663,0.0,121.27098585372113,110.34961249047782,1.4582176927021877,0.0,120.83103844023829,109.64119716061856,1.1668016688031502,0.0,121.5432084392413,110.99667486667704,1.0615197099527067,0.0
121.29566404548355,110.15812574470536,1.377862271522336,0.0,121.91147935271174,110.97198153287988,0.8989565483814663,0.0,121.27098585372113,110.34961249047782,1.4582176927021877,0.0,120.83103844023829,109.64119716061856,1.1668016688031502,0.0
121.14089148251152,108.670111051556,1.2010896195640688,0.0,121.29566404548355,110.15812574470536,1.377862271522336,0.0,121.91147935271174,110.97198153287988,0.8989565483814663,0.0,121.27098585372113,110.34961249047782,1.4582176927021877,0.0
122.01736240686613,110.03880746677808,1.9985021319638878,0.0,121.14089148251152,108.670111051556,1.2010896195640688,0.0,121.29566404548355,110.15812574470536,1.377862271522336,0.0,121.91147935271174,110.97198153287988,0.8989565483814663,0.0
122.2932763678821,111.74118835448655,1.2542077965263263,0.0,122.01736240686613,110.03880746677808,1.9985021319638878,0.0,121.14089148251152,108.670111051556,1.2010896195640688,0.0,121.29566404548355,110.15812574470536,1.377862271522336,0.0
122.01542013575191,110.21116210228672,1.8713481388036857,0.0,122.2932763678821,111.74118835448655,1.2542077965263263,0.0,122.01736240686613,110.03880746677808,1.9985021319638878,0.0,121.14089148251152,108.670111051556,1.2010896195640688,0.0
122.67261549910647,110.81690222351324,1.5960339027742725,0.0,122.01542013575191,110.21116210228672,1.8713481388036857,0.0,122.2932763678821,111.74118835448655,1.2542077965263263,0.0,122.01736240686613,110.03880746677808,1.9985021319638878,0.0
123.17214311017787,111.38434301668943,0.9511181204121939,0.0,122.67261549910647,110.81690222351324,1.5960339027742725,0.0,122.01542013575191,110.21116210228672,1.8713481388036857,0.0,122.2932763678821,111.74118835448655,1.2542077965263263,0.0
123.03185914630171,112.80763376696848,0.5189515793025944,0.0,123.17214311017787,111.38434301668943,0.9511181204121939,0.0,122.67261549910647,110.81690222351324,1.5960339027742725,0.0,122.01542013575191,110.21116210228672,1.8713481388036857,0.0
122.33199608021064,112.86822245787758,0.2549876093449155,0.0,123.03185914630171,112.80763376696848,0.5189515793025944,0.0,123.17214311017787,111.38434301668943,0.9511181204121939,0.0,122.67261549910647,110.81690222351324,1.5960339027742725,0.0
122.09533056262119,111.2708389962288,0.4160730606768906,0.0,122.33199608021064,112.86822245787758,0.2549876093449155,0.0,123.03185914630171,112.80763376696848,0.5189515793025944,0.0,123.17214311017787,111.38434301668943,0.9511181204121939,0.0
122.20443491814774,112.30045807853827,0.5942761925592623,0.0,122.09533056262119,111.2708389962288,0.4160730606768906,0.0,122.33199608021064,112.86822245787758,0.2549876093449155,0.0,123.03185914630171,112.80763376696848,0.5189515793025944,0.0
122.06454779191493,112.09405456059059,0.1885709520781204,0.0,122.20443491814774,112.30045807853827,0.5942761925592623,0.0,122.09533056262119,111.2708389962288,0.4160730606768906,0.0,122.33199608021064,112.86822245787758,0.2549876093449155,0.0
122.49677169884592,112.48690247606939,0.13867946553200491,0.0,122.06454779191493,112.09405456059059,0.1885709520781204,0.0,122.20443491814774,112.30045807853827,0.5942761925592623,0.0,122.09533056262119,111.2708389962288,0.4160730606768906,0.0
121.70466040026298,110.55739837518149,1.1820787517315359,0.0,122.49677169884592,112.48690247606939,0.13867946553200491,0.0,122.06454779191493,112.09405456059059,0.1885709520781204,0.0,122.20443491814774,112.30045807853827,0.5942761925592623,0.0
121.16599752040563,109.01198070543288,1.8094345864355845,0.0,121.70466040026298,110.55739837518149,1.1820787517315359,0.0,122.49677169884592,112.48690247606939,0.13867946553200491,0.0,122.06454779191493,112.09405456059059,0.1885709520781204,0.0
121.51374113353128,110.189848770689,1.6657095039854837,0.0,121.16599752040563,109.01198070543288,1.8094345864355845,0.0,121.70466040026298,110.55739837518149,1.1820787517315359,0.0,122.49677169884592,112.48690247606939,0.13867946553200491,0.0
121.45329136736288,110.23858665117382,1.3515693422724873,0.0,121.51374113353128,110.189848770689,1.6657095039854837,0.0,121.16599752040563,109.01198070543288,1.8094345864355845,0.0,121.70466040026298,110.55739837518149,1.1820787517315359,0.0
121.338871985311,110.20473602460856,1.1412711371771205,0.0,121.45329136736288,110.23858665117382,1.3515693422724873,0.0,121.51374113353128,110.189848770689,1.6657095039854837,0.0,121.16599752040563,109.01198070543288,1.8094345864355845,0.0
120.71599806895706,109.42142319409075,1.2197758961069047,0.0,121.338871985311,110.20473602460856,1.1412711371771205,0.0,121.45329136736288,110.23858665117382,1.3515693422724873,0.0,121.51374113353128,110.189848770689,1.6657095039854837,0.0
121.05546502728264,110.54212700564233,0.4644244342863211,0.0,120.71599806895706,109.42142319409075,1.2197758961069047,0.0,121.338871985311,110.20473602460856,1.1412711371771205,0.0,121.45329136736288,110.23858665117382,1.3515693422724873,0.0
121.27717826299255,110.81632409666386,0.24285127871738432,0.0,121.05546502728264,110.54212700564233,0.4644244342863211,0.0,120.71599806895706,109.42142319409075,1.2197758961069047,0.0,121.338871985311,110.20473602460856,1.1412711371771205,0.0
121.75007384610734,111.96816510525136,-0.6400110139648872,0.0,121.27717826299255,110.81632409666386,0.24285127871738432,0.0,121.05546502728264,110.54212700564233,0.4644244342863211,0.0,120.71599806895706,109.42142319409075,1.2197758961069047,0.0
121.8368648893754,111.95294508141919,-0.31239724986927014,0.0,121.75007384610734,111.96816510525136,-0.6400110139648872,0.0,121.27717826299255,110.81632409666386,0.24285127871738432,0.0,121.05546502728264,110.54212700564233,0.4644244342863211,0.0
121.8268700180625,111.52639708635192,0.07368016995595439,0.0,121.8368648893754,111.95294508141919,-0.31239724986927014,0.0,121.75007384610734,111.96816510525136,-0.6400110139648872,0.0,121.27717826299255,110.81632409666386,0.24285127871738432,0.0
122.3821983799212,113.35595905847939,-0.1826490951849235,0.0,121.8268700180625,111.52639708635192,0.07368016995595439,0.0,121.8368648893754,111.95294508141919,-0.31239724986927014,0.0,121.75007384610734,111.96816510525136,-0.6400110139648872,0.0
121.69792804758733,111.0319400925074,0.6408741054970776,0.0,122.3821983799212,113.35595905847939,-0.1826490951849235,0.0,121.8268700180625,111.52639708635192,0.07368016995595439,0.0,121.8368648893754,111.95294508141919,-0.31239724986927014,0.0
122.0319195798462,111.89234935294894,-0.10018354710350852,0.0,121.69792804758733,111.0319400925074,0.6408741054970776,0.0,122.3821983799212,113.35595905847939,-0.1826490951849235,0.0,121.8268700180625,111.52639708635192,0.07368016995595439,0.0
121.20720847376589,111.6550721542684,-0.8123342777877169,0.0,122.0319195798462,111.89234935294894,-0.10018354710350852,0.0,121.69792804758733,111.0319400925074,0.6408741054970776,0.0,122.3821983799212,113.35595905847939,-0.1826490951849235,0.0
120.95466189905615,111.83847879912324,-0.5376415129501876,0.0,121.20720847376589,111.6550721542684,-0.8123342777877169,0.0,122.0319195798462,111.89234935294894,-0.10018354710350852,0.0,121.69792804758733,111.0319400925074,0.6408741054970776,0.0
120.61485406486509,110.85093776136353,0.09343594094592717,0.0,120.95466189905615,111.83847879912324,-0.5376415129501876,0.0,121.20720847376589,111.6550721542684,-0.8123342777877169,0.0,122.0319195798462,111.89234935294894,-0.10018354710350852,0.0
121.34698822158117,110.7173259607373,0.9167125984856761,0.0,120.61485406486509,110.85093776136353,0.09343594094592717,0.0,120.95466189905615,111.83847879912324,-0.5376415129501876,0.0,121.20720847376589,111.6550721542684,-0.8123342777877169,0.0
121.50808781460212,110.73595291730237,0.5039279473540709,0.0,121.34698822158117,110.7173259607373,0.9167125984856761,0.0,120.61485406486509,110.85093776136353,0.09343594094592717,0.0,120.95466189905615,111.83847879912324,-0.5376415129501876,0.0
121.68827599475074,110.22885269268969,0.9424827745989045,0.0,121.50808781460212,110.73595291730237,0.5039279473540709,0.0,121.34698822158117,110.7173259607373,0.9167125984856761,0.0,120.61485406486509,110.85093776136353,0.09343594094592717,0.0
121.26076609380954,110.72976416252652,0.73473198492877,0.0,121.68827599475074,110.22885269268969,0.9424827745989045,0.0,121.50808781460212,110.73595291730237,0.5039279473540709,0.0,121.34698822158117,110.7173259607373,0.9167125984856761,0.0
121.33956074459094,110.3841076498048,0.5014719379726063,0.0,121.26076609380954,110.72976416252652,0.73473198492877,0.0,121.68827599475074,110.22885269268969,0.9424827745989045,0.0,121.50808781460212,110.73595291730237,0.5039279473540709,0.0
121.17633649066988,110.27158906696616,0.8430075191214212,0.0,121.33956074459094,110.3841076498048,0.5014719379726063,0.0,121.26076609380954,110.72976416252652,0.73473198492877,0.0,121.68827599475074,110.22885269268969,0.9424827745989045,0.0
121.59973136024679,110.66130679432419,1.0005674545038468,0.0,121.17633649066988,110.27158906696616,0.8430075191214212,0.0,121.33956074459094,110.3841076498048,0.5014719379726063,0.0,121.26076609380954,110.72976416252652,0.73473198492877,0.0
121.21863600861118,111.3120702384092,0.012257885110952715,0.0,121.59973136024679,110.66130679432419,1.0005674545038468,0.0,121.17633649066988,110.27158906696616,0.8430075191214212,0.0,121.33956074459094,110.3841076498048,0.5014719379726063,0.0
122.0913096169087,110.9699274516559,0.74807648295171,0.0,121.21863600861118,111.3120702384092,0.012257885110952715,0.0,121.59973136024679,110.66130679432419,1.0005674545038468,0.0,121.17633649066988,110.27158906696616,0.8430075191214212,0.0
121.34078310219653,109.8894873303679,1.2885068634350938,0.0,122.0913096169087,110.9699274516559,0.74807648295171,0.0,121.21863600861118,111.3120702384092,0.012257885110952715,0.0,121.59973136024679,110.66130679432419,1.0005674545038468,0.0
121.20206038878077,109.34612353496362,0.7180241399933103,0.0,121.34078310219653,109.8894873303679,1.2885068634350938,0.0,122.0913096169087,110.9699274516559,0.74807648295171,0.0,121.21863600861118,111.3120702384092,0.012257885110952715,0.0
122.20719905130323,111.86099029408857,0.7723210787133528,0.0,121.20206038878077,109.34612353496362,0.7180241399933103,0.0,121.34078310219653,109.8894873303679,1.2885068634350938,0.0,122.0913096169087,110.9699274516559,0.74807648295171,0.0
122.00417714992183,110.88025434279481,0.8648719561120516,0.0,122.20719905130323,111.86099029408857,0.7723210787133528,0.0,121.20206038878077,109.34612353496362,0.7180241399933103,0.0,121.34078310219653,109.8894873303679,1.2885068634350938,0.0
121.40360389036196,110.8459699474661,0.8222344478015948,0.0,122.00417714992183,110.88025434279481,0.8648719561120516,0.0,122.20719905130323,111.86099029408857,0.7723210787133528,0.0,121.20206038878077,109.34612353496362,0.7180241399933103,0.0
121.64744615995201,111.69945467212776,0.3826349813185658,0.0,121.40360389036196,110.8459699474661,0.8222344478015948,0.0,122.00417714992183,110.88025434279481,0.8648719561120516,0.0,122.20719905130323,111.86099029408857,0.7723210787133528,0.0
121.50333708903119,111.5384743564629,-0.02970369891417307,0.0,121.64744615995201,111.69945467212776,0.3826349813185658,0.0,121.40360389036196,110.8459699474661,0.8222344478015948,0.0,122.00417714992183,110.88025434279481,0.8648719561120516,0.0
121.22508700539963,111.19295076032319,-0.0365399946270611,0.0,121.50333708903119,111.5384743564629,-0.02970369891417307,0.0,121.64744615995201,111.69945467212776,0.3826349813185658,0.0,121.40360389036196,110.8459699474661,0.8222344478015948,0.0
120.98375729856501,108.9675380071069,0.5571325139280334,0.0,121.22508700539963,111.19295076032319,-0.0365399946270611,0.0,121.50333708903119,111.5384743564629,-0.02970369891417307,0.0,121.64744615995201,111.69945467212776,0.3826349813185658,0.0
122.57377552447133,111.94834234387324,0.7175060884396429,0.0,120.98375729856501,108.9675380071069,0.5571325139280334,0.0,121.22508700539963,111.19295076032319,-0.0365399946270611,0.0,121.50333708903119,111.5384743564629,-0.02970369891417307,0.0
122.30897608236505,112.48536774239875,0.3886977047086614,0.0,122.57377552447133,111.94834234387324,0.7175060884396429,0.0,120.98375729856501,108.9675380071069,0.5571325139280334,0.0,121.22508700539963,111.19295076032319,-0.0365399946270611,0.0
121.3581550758262,110.52484219798794,0.6968075190911015,0.0,122.30897608236505,112.48536774239875,0.3886977047086614,0.0,122.57377552447133,111.94834234387324,0.7175060884396429,0.0,120.98375729856501,108.9675380071069,0.5571325139280334,0.0
122.13159207092663,114.03573738474196,-0.8668252950421566,0.0,121.3581550758262,110.52484219798794,0.6968075190911015,0.0,122.30897608236505,112.48536774239875,0.3886977047086614,0.0,122.57377552447133,111.94834234387324,0.7175060884396429,0.0
122.38338697184678,112.54844274899659,-0.11907738584767358,0.0,122.13159207092663,114.03573738474196,-0.8668252950421566,0.0,121.3581550758262,110.52484219798794,0.6968075190911015,0.0,122.30897608236505,112.48536774239875,0.3886977047086614,0.0
121.88154386106815,112.83865001798776,-0.9651187980671887,0.0,122.38338697184678,112.54844274899659,-0.11907738584767358,0.0,122.13159207092663,114.03573738474196,-0.8668252950421566,0.0,121.3581550758262,110.52484219798794,0.6968075190911015,0.0
121.43892836059746,111.99494367828015,-0.9533155091553172,0.0,121.88154386106815,112.83865001798776,-0.9651187980671887,0.0,122.38338697184678,112.54844274899659,-0.11907738584767358,0.0,122.13159207092663,114.03573738474196,-0.8668252950421566,0.0
121.85342407148659,112.68910030141001,-1.3224873546373257,0.0,121.43892836059746,111.99494367828015,-0.9533155091553172,0.0,121.88154386106815,112.83865001798776,-0.9651187980671887,0.0,122.38338697184678,112.54844274899659,-0.11907738584767358,0.0
121.67754697323176,113.63466240425592,-1.7053306215703135,0.0,121.85342407148659,112.68910030141001,-1.3224873546373257,0.0,121.43892836059746,111.99494367828015,-0.9533155091553172,0.0,121.88154386106815,112.83865001798776,-0.9651187980671887,0.0
120.79627691792263,111.65543502880459,-0.7838511035669911,0.0,121.67754697323176,113.63466240425592,-1.7053306215703135,0.0,121.85342407148659,112.68910030141001,-1.3224873546373257,0.0,121.43892836059746,111.99494367828015,-0.9533155091553172,0.0
121.87470659209495,113.11869849090982,-0.8609314835095385,0.0,120.79627691792263,111.65543502880459,-0.7838511035669911,0.0,121.67754697323176,113.63466240425592,-1.7053306215703135,0.0,121.85342407148659,112.68910030141001,-1.3224873546373257,0.0
121.64647030133398,112.7259948246801,-0.515493245942273,0.0,121.87470659209495,113.11869849090982,-0.8609314835095385,0.0,120.79627691792263,111.65543502880459,-0.7838511035669911,0.0,121.67754697323176,113.63466240425592,-1.7053306215703135,0.0
122.42944450903165,112.71035200553476,-0.43585488619341045,0.0,121.64647030133398,112.7259948246801,-0.515493245942273,0.0,121.87470659209495,113.11869849090982,-0.8609314835095385,0.0,120.79627691792263,111.65543502880459,-0.7838511035669911,0.0
122.90040502164392,113.64736129128542,-0.11016349534316766,0.0,122.42944450903165,112.71035200553476,-0.43585488619341045,0.0,121.64647030133398,112.7259948246801,-0.515493245942273,0.0,121.87470659209495,113.11869849090982,-0.8609314835095385,0.0
122.19711198097355,112.45414528200388,-0.04971985074440645,0.0,122.90040502164392,113.64736129128542,-0.11016349534316766,0.0,122.42944450903165,112.71035200553476,-0.43585488619341045,0.0,121.64647030133398,112.7259948246801,-0.515493245942273,0.0
122.58603958888423,113.76489856152367,-0.68127199268981,0.0,122.19711198097355,112.45414528200388,-0.04971985074440645,0.0,122.90040502164392,113.64736129128542,-0.11016349534316766,0.0,122.42944450903165,112.71035200553476,-0.43585488619341045,0.0
122.14715073010608,111.91919332138923,-0.04688418442827802,0.0,122.58603958888423,113.76489856152367,-0.68127199268981,0.0,122.19711198097355,112.45414528200388,-0.04971985074440645,0.0,122.90040502164392,113.64736129128542,-0.11016349534316766,0.0
121.25255882019847,110.63622940968853,-0.28438563912327863,0.0,122.14715073010608,111.91919332138923,-0.04688418442827802,0.0,122.58603958888423,113.76489856152367,-0.68127199268981,0.0,122.19711198097355,112.45414528200388,-0.04971985074440645,0.0
121.1494460005202,112.80603945255038,-1.0057994606284986,0.0,121.25255882019847,110.63622940968853,-0.28438563912327863,0.0,122.14715073010608,111.91919332138923,-0.04688418442827802,0.0,122.58603958888423,113.76489856152367,-0.68127199268981,0.0
121.44868117312626,113.39388756356081,-1.0186971489857553,0.0,121.1494460005202,112.80603945255038,-1.0057994606284986,0.0,121.25255882019847,110.63622940968853,-0.28438563912327863,0.0,122.14715073010608,111.91919332138923,-0.04688418442827802,0.0
121.35354814397668,111.48056941052317,-0.06457782387144884,0.0,121.44868117312626,113.39388756356081,-1.0186971489857553,0.0,121.1494460005202,112.80603945255038,-1.0057994606284986,0.0,121.25255882019847,110.63622940968853,-0.28438563912327863,0.0
121.37940878115784,110.99811127121936,0.37344861195958734,0.0,121.35354814397668,111.48056941052317,-0.06457782387144884,0.0,121.44868117312626,113.39388756356081,-1.0186971489857553,0.0,121.1494460005202,112.80603945255038,-1.0057994606284986,0.0
122.08285540112162,111.84909292537921,0.12443282236374029,0.0,121.37940878115784,110.99811127121936,0.37344861195958734,0.0,121.35354814397668,111.48056941052317,-0.06457782387144884,0.0,121.44868117312626,113.39388756356081,-1.0186971489857553,0.0
122.09963730328388,112.3978801551693,-0.07508259426822216,0.0,122.08285540112162,111.84909292537921,0.12443282236374029,0.0,121.37940878115784,110.99811127121936,0.37344861195958734,0.0,121.35354814397668,111.48056941052317,-0.06457782387144884,0.0
121.65904811853605,111.980251368972,-0.22088360102326904,0.0,122.09963730328388,112.3978801551693,-0.07508259426822216,0.0,122.08285540112162,111.84909292537921,0.12443282236374029,0.0,121.37940878115784,110.99811127121936,0.37344861195958734,0.0
122.1243093071182,111.0788869908861,0.8616671109618053,0.0,121.65904811853605,111.980251368972,-0.22088360102326904,0.0,122.09963730328388,112.3978801551693,-0.07508259426822216,0.0,122.08285540112162,111.84909292537921,0.12443282236374029,0.0
122.25553435450674,110.85501749329907,0.8803014148852208,0.0,122.1243093071182,111.0788869908861,0.8616671109618053,0.0,121.65904811853605,111.980251368972,-0.22088360102326904,0.0,122.09963730328388,112.3978801551693,-0.07508259426822216,0.0
120.99115424894438,111.04941667859981,0.9192619555037116,0.0,122.25553435450674,110.85501749329907,0.8803014148852208,0.0,122.1243093071182,111.0788869908861,0.8616671109618053,0.0,121.65904811853605,111.980251368972,-0.22088360102326904,0.0
121.48609898536799,110.42001741346482,1.2505512914188905,0.0,120.99115424894438,111.04941667859981,0.9192619555037116,0.0,122.25553435450674,110.85501749329907,0.8803014148852208,0.0,122.1243093071182,111.0788869908861,0.8616671109618053,0.0
121.85345765965086,110.62671765003194,1.1198356126483693,0.0,121.48609898536799,110.42001741346482,1.2505512914188905,0.0,120.99115424894438,111.04941667859981,0.9192619555037116,0.0,122.25553435450674,110.85501749329907,0.8803014148852208,0.0
121.91256634357741,111.60520697867443,0.766347417208344,0.0,121.85345765965086,110.62671765003194,1.1198356126483693,0.0,121.48609898536799,110.42001741346482,1.2505512914188905,0.0,120.99115424894438,111.04941667859981,0.9192619555037116,0.0
122.42374072062107,111.04325289551323,0.5149030092241861,0.0,121.91256634357741,111.60520697867443,0.766347417208344,0.0,121.85345765965086,110.62671765003194,1.1198356126483693,0.0,121.48609898536799,110.42001741346482,1.2505512914188905,0.0
122.00544440591572,111.94702756835775,0.3761217776723169,0.0,122.42374072062107,111.04325289551323,0.5149030092241861,0.0,121.91256634357741,111.60520697867443,0.766347417208344,0.0,121.85345765965086,110.62671765003194,1.1198356126483693,0.0
122.1768451592019,111.9152051988226,0.28228630388293274,0.0,122.00544440591572,111.94702756835775,0.3761217776723169,0.0,122.42374072062107,111.04325289551323,0.5149030092241861,0.0,121.91256634357741,111.60520697867443,0.766347417208344,0.0
121.429884938043,110.562230074697,0.5896438149248362,0.0,122.1768451592019,111.9152051988226,0.28228630388293274,0.0,122.00544440591572,111.94702756835775,0.3761217776723169,0.0,122.42374072062107,111.04325289551323,0.5149030092241861,0.0
121.7691004020533,111.56705480161074,0.49768799484351867,0.0,121.429884938043,110.562230074697,0.5896438149248362,0.0,122.1768451592019,111.9152051988226,0.28228630388293274,0.0,122.00544440591572,111.94702756835775,0.3761217776723169,0.0
122.74654225232534,112.90535834174491,0.7644704344826045,0.0,121.7691004020533,111.56705480161074,0.49768799484351867,0.0,121.429884938043,110.562230074697,0.5896438149248362,0.0,122.1768451592019,111.9152051988226,0.28228630388293274,0.0
122.11204777650494,111.75515698243143,0.5712180575317926,0.0,122.74654225232534,112.90535834174491,0.7644704344826045,0.0,121.7691004020533,111.56705480161074,0.49768799484351867,0.0,121.429884938043,110.562230074697,0.5896438149248362,0.0
121.77170263920706,110.76069032006004,0.49629204118347936,0.0,122.11204777650494,111.75515698243143,0.5712180575317926,0.0,122.74654225232534,112.90535834174491,0.7644704344826045,0.0,121.7691004020533,111.56705480161074,0.49768799484351867,0.0
121.45126540598504,112.22177967869686,-0.6020667093192703,0.0,121.77170263920706,110.76069032006004,0.49629204118347936,0.0,122.11204777650494,111.75515698243143,0.5712180575317926,0.0,122.74654225232534,112.90535834174491,0.7644704344826045,0.0
121.62254867014013,112.06925535097378,-0.023489530104175538,0.0,121.45126540598504,112.22177967869686,-0.6020667093192703,0.0,121.77170263920706,110.76069032006004,0.49629204118347936,0.0,122.11204777650494,111.75515698243143,0.5712180575317926,0.0
121.23560498630106,110.61831626768404,0.15445261386565592,0.0,121.62254867014013,112.06925535097378,-0.023489530104175538,0.0,121.45126540598504,112.22177967869686,-0.6020667093192703,0.0,121.77170263920706,110.76069032006004,0.49629204118347936,0.0
121.6399682507494,111.1827885527386,0.6225671460223509,0.0,121.23560498630106,110.61831626768404,0.15445261386565592,0.0,121.62254867014013,112.06925535097378,-0.023489530104175538,0.0,121.45126540598504,112.22177967869686,-0.6020667093192703,0.0
122.07155890893229,113.27671328803635,-0.950073972278964,0.0,121.6399682507494,111.1827885527386,0.6225671460223509,0.0,121.23560498630106,110.61831626768404,0.15445261386565592,0.0,121.62254867014013,112.06925535097378,-0.023489530104175538,0.0
122.32606051889778,111.96720429949892,0.2841281745671925,0.0,122.07155890893229,113.27671328803635,-0.950073972278964,0.0,121.6399682507494,111.1827885527386,0.6225671460223509,0.0,121.23560498630106,110.61831626768404,0.15445261386565592,0.0
121.43217604173188,110.88929321134631,0.15750772557616716,0.0,122.32606051889778,111.96720429949892,0.2841281745671925,0.0,122.07155890893229,113.27671328803635,-0.950073972278964,0.0,121.6399682507494,111.1827885527386,0.6225671460223509,0.0
122.13035465114248,110.25940029644653,0.680097588829692,0.0,121.43217604173188,110.88929321134631,0.15750772557616716,0.0,122.32606051889778,111.96720429949892,0.2841281745671925,0.0,122.07155890893229,113.27671328803635,-0.950073972278964,0.0
122.56652817724506,112.12878501591535,0.024125107500988174,0.0,122.13035465114248,110.25940029644653,0.680097588829692,0.0,121.43217604173188,110.88929321134631,0.15750772557616716,0.0,122.32606051889778,111.96720429949892,0.2841281745671925,0.0
122.8700795991005,111.96447257737424,0.32568703853207537,0.0,122.56652817724506,112.12878501591535,0.024125107500988174,0.0,122.13035465114248,110.25940029644653,0.680097588829692,0.0,121.43217604173188,110.88929321134631,0.15750772557616716,0.0
122.81574070580528,113.3348819560604,-0.2661581507611678,0.0,122.8700795991005,111.96447257737424,0.32568703853207537,0.0,122.56652817724506,112.12878501591535,0.024125107500988174,0.0,122.13035465114248,110.25940029644653,0.680097588829692,0.0
122.67695235147592,113.71469740541747,-0.5248110009568367,0.0,122.81574070580528,113.3348819560604,-0.2661581507611678,0.0,122.8700795991005,111.96447257737424,0.32568703853207537,0.0,122.56652817724506,112.12878501591535,0.024125107500988174,0.0
123.03445067408838,112.4661181231109,0.5371668761679236,0.0,122.67695235147592,113.71469740541747,-0.5248110009568367,0.0,122.81574070580528,113.3348819560604,-0.2661581507611678,0.0,122.8700795991005,111.96447257737424,0.32568703853207537,0.0
123.72258680569672,113.33460954751425,0.33439230055266556,0.0,123.03445067408838,112.4661181231109,0.5371668761679236,0.0,122.67695235147592,113.71469740541747,-0.5248110009568367,0.0,122.81574070580528,113.3348819560604,-0.2661581507611678,0.0
122.85085515065946,113.01388124430977,0.37623027703199385,0.0,123.72258680569672,113.33460954751425,0.33439230055266556,0.0,123.03445067408838,112.4661181231109,0.5371668761679236,0.0,122.67695235147592,113.71469740541747,-0.5248110009568367,0.0
123.19253843764366,112.54416761562567,0.7360180869699722,0.0,122.85085515065946,113.01388124430977,0.37623027703199385,0.0,123.72258680569672,113.33460954751425,0.33439230055266556,0.0,123.03445067408838,112.4661181231109,0.5371668761679236,0.0
122.91689324936408,111.88057903494223,0.83665541356228,0.0,123.19253843764366,112.54416761562567,0.7360180869699722,0.0,122.85085515065946,113.01388124430977,0.37623027703199385,0.0,123.72258680569672,113.33460954751425,0.33439230055266556,0.0
122.68087104526046,111.75614056432983,0.7445337834216122,0.0,122.91689324936408,111.88057903494223,0.83665541356228,0.0,123.19253843764366,112.54416761562567,0.7360180869699722,0.0,122.85085515065946,113.01388124430977,0.37623027703199385,0.0
121.83613720357188,110.8058857489093,0.7781075279704026,0.0,122.68087104526046,111.75614056432983,0.7445337834216122,0.0,122.91689324936408,111.88057903494223,0.83665541356228,0.0,123.19253843764366,112.54416761562567,0.7360180869699722,0.0
121.83333225438383,109.86365607431964,1.8241938149954597,0.0,121.83613720357188,110.8058857489093,0.7781075279704026,0.0,122.68087104526046,111.75614056432983,0.7445337834216122,0.0,122.91689324936408,111.88057903494223,0.83665541356228,0.0
121.4541765625858,110.27713523874124,1.430545653479575,0.0,121.83333225438383,109.86365607431964,1.8241938149954597,0.0,121.83613720357188,110.8058857489093,0.7781075279704026,0.0,122.68087104526046,111.75614056432983,0.7445337834216122,0.0
121.41030078281572,110.422265049999,1.244986046141144,0.0,121.4541765625858,110.27713523874124,1.430545653479575,0.0,121.83333225438383,109.86365607431964,1.8241938149954597,0.0,121.83613720357188,110.8058857489093,0.7781075279704026,0.0
121.07165662015191,110.14981628423212,1.5213160349167212,0.0,121.41030078281572,110.422265049999,1.244986046141144,0.0,121.4541765625858,110.27713523874124,1.430545653479575,0.0,121.83333225438383,109.86365607431964,1.8241938149954597,0.0
121.2056964458717,108.54349313186677,1.769815794412369,0.0,121.07165662015191,110.14981628423212,1.5213160349167212,0.0,121.41030078281572,110.422265049999,1.244986046141144,0.0,121.4541765625858,110.27713523874124,1.430545653479575,0.0
121.29743488258728,109.28134191196753,2.0093677883100853,0.0,121.2056964458717,108.54349313186677,1.769815794412369,0.0,121.07165662015191,110.14981628423212,1.5213160349167212,0.0,121.41030078281572,110.422265049999,1.244986046141144,0.0
121.59718762474047,109.7827548109752,1.9268593416626607,0.0,121.29743488258728,109.28134191196753,2.0093677883100853,0.0,121.2056964458717,108.54349313186677,1.769815794412369,0.0,121.07165662015191,110.14981628423212,1.5213160349167212,0.0
120.94824249281777,110.44265351657913,0.9699850169648869,0.0,121.59718762474047,109.7827548109752,1.9268593416626607,0.0,121.29743488258728,109.28134191196753,2.0093677883100853,0.0,121.2056964458717,108.54349313186677,1.769815794412369,0.0
120.6560586256437,107.59552589475734,1.5927037797224575,0.0,120.94824249281777,110.44265351657913,0.9699850169648869,0.0,121.59718762474047,109.7827548109752,1.9268593416626607,0.0,121.29743488258728,109.28134191196753,2.0093677883100853,0.0
121.15620985851245,110.99188354735529,0.700990327268622,0.0,120.6560586256437,107.59552589475734,1.5927037797224575,0.0,120.94824249281777,110.44265351657913,0.9699850169648869,0.0,121.59718762474047,109.7827548109752,1.9268593416626607,0.0
121.00107917129189,110.50339313966052,0.7121099944344143,0.0,121.15620985851245,110.99188354735529,0.700990327268622,0.0,120.6560586256437,107.59552589475734,1.5927037797224575,0.0,120.94824249281777,110.44265351657913,0.9699850169648869,0.0
121.76966824436431,111.36919975568344,0.1925500705378525,0.0,121.00107917129189,110.50339313966052,0.7121099944344143,0.0,121.15620985851245,110.99188354735529,0.700990327268622,0.0,120.6560586256437,107.59552589475734,1.5927037797224575,0.0
121.9518793569517,111.5298019909458,0.12197088313378573,0.0,121.76966824436431,111.36919975568344,0.1925500705378525,0.0,121.00107917129189,110.50339313966052,0.7121099944344143,0.0,121.15620985851245,110.99188354735529,0.700990327268622,0.0
122.28755310250276,111.54662916323613,0.2619579116587688,0.0,121.9518793569517,111.5298019909458,0.12197088313378573,0.0,121.76966824436431,111.36919975568344,0.1925500705378525,0.0,121.00107917129189,110.50339313966052,0.7121099944344143,0.0
122.95151533500905,111.67746614407227,0.37024493705215156,0.0,122.28755310250276,111.54662916323613,0.2619579116587688,0.0,121.9518793569517,111.5298019909458,0.12197088313378573,0.0,121.76966824436431,111.36919975568344,0.1925500705378525,0.0
122.61368439983661,111.85344924534687,0.5071563267593636,0.0,122.95151533500905,111.67746614407227,0.37024493705215156,0.0,122.28755310250276,111.54662916323613,0.2619579116587688,0.0,121.9518793569517,111.5298019909458,0.12197088313378573,0.0
122.22660231615129,111.5420370201978,1.2125806959368144,0.0,122.61368439983661,111.85344924534687,0.5071563267593636,0.0,122.95151533500905,111.67746614407227,0.37024493705215156,0.0,122.28755310250276,111.54662916323613,0.2619579116587688,0.0
122.63862009806451,111.57026095311895,1.1968317075064414,0.0,122.22660231615129,111.5420370201978,1.2125806959368144,0.0,122.61368439983661,111.85344924534687,0.5071563267593636,0.0,122.95151533500905,111.67746614407227,0.37024493705215156,0.0
122.77630287823553,111.78699964361871,0.8353870483598289,0.0,122.63862009806451,111.57026095311895,1.1968317075064414,0.0,122.22660231615129,111.5420370201978,1.2125806959368144,0.0,122.61368439983661,111.85344924534687,0.5071563267593636,0.0
122.6062861522448,110.42181990865984,1.1503532228320419,0.0,122.77630287823553,111.78699964361871,0.8353870483598289,0.0,122.63862009806451,111.57026095311895,1.1968317075064414,0.0,122.22660231615129,111.5420370201978,1.2125806959368144,0.0
123.1633939613806,112.3472788778648,1.5150178227279538,0.0,122.6062861522448,110.42181990865984,1.1503532228320419,0.0,122.77630287823553,111.78699964361871,0.8353870483598289,0.0,122.63862009806451,111.57026095311895,1.1968317075064414,0.0
122.84244566128177,111.64294705805528,0.598210350613867,0.0,123.1633939613806,112.3472788778648,1.5150178227279538,0.0,122.6062861522448,110.42181990865984,1.1503532228320419,0.0,122.77630287823553,111.78699964361871,0.8353870483598289,0.0
122.69876630744075,111.83154080725151,0.7772683154160226,0.0,122.84244566128177,111.64294705805528,0.598210350613867,0.0,123.1633939613806,112.3472788778648,1.5150178227279538,0.0,122.6062861522448,110.42181990865984,1.1503532228320419,0.0
122.6087525580237,111.21743626692071,0.9724010234882672,0.0,122.69876630744075,111.83154080725151,0.7772683154160226,0.0,122.84244566128177,111.64294705805528,0.598210350613867,0.0,123.1633939613806,112.3472788778648,1.5150178227279538,0.0
122.04629731848507,111.46815560969247,0.6291390671106178,0.0,122.6087525580237,111.21743626692071,0.9724010234882672,0.0,122.69876630744075,111.83154080725151,0.7772683154160226,0.0,122.84244566128177,111.64294705805528,0.598210350613867,0.0
122.1088837779003,111.33893543261914,1.191164660344304,0.0,122.04629731848507,111.46815560969247,0.6291390671106178,0.0,122.6087525580237,111.21743626692071,0.9724010234882672,0.0,122.69876630744075,111.83154080725151,0.7772683154160226,0.0
122.80776583546904,111.55442551100919,0.8779039347591799,0.0,122.1088837779003,111.33893543261914,1.191164660344304,0.0,122.04629731848507,111.46815560969247,0.6291390671106178,0.0,122.6087525580237,111.21743626692071,0.9724010234882672,0.0
122.8793458766363,111.78701898854038,0.7651113745431151,0.0,122.80776583546904,111.55442551100919,0.8779039347591799,0.0,122.1088837779003,111.33893543261914,1.191164660344304,0.0,122.04629731848507,111.46815560969247,0.6291390671106178,0.0
122.73294047431105,111.72135880394865,0.5255531874925573,0.0,122.8793458766363,111.78701898854038,0.7651113745431151,0.0,122.80776583546904,111.55442551100919,0.8779039347591799,0.0,122.1088837779003,111.33893543261914,1.191164660344304,0.0
122.50147402540075,112.07989426930527,0.4282320737847796,0.0,122.73294047431105,111.72135880394865,0.5255531874925573,0.0,122.8793458766363,111.78701898854038,0.7651113745431151,0.0,122.80776583546904,111.55442551100919,0.8779039347591799,0.0
122.51556151401886,113.02102441009856,-0.20555188441977718,0.0,122.50147402540075,112.07989426930527,0.4282320737847796,0.0,122.73294047431105,111.72135880394865,0.5255531874925573,0.0,122.8793458766363,111.78701898854038,0.7651113745431151,0.0
122.67060905061184,114.3344694969567,-0.884466948832969,0.0,122.51556151401886,113.02102441009856,-0.20555188441977718,0.0,122.50147402540075,112.07989426930527,0.4282320737847796,0.0,122.73294047431105,111.72135880394865,0.5255531874925573,0.0
122.82483327263348,112.32546766601766,0.0896789725461109,0.0,122.67060905061184,114.3344694969567,-0.884466948832969,0.0,122.51556151401886,113.02102441009856,-0.20555188441977718,0.0,122.50147402540075,112.07989426930527,0.4282320737847796,0.0
122.46375671376266,112.60354946866292,-0.3517374961222752,0.0,122.82483327263348,112.32546766601766,0.0896789725461109,0.0,122.67060905061184,114.3344694969567,-0.884466948832969,0.0,122.51556151401886,113.02102441009856,-0.20555188441977718,0.0
122.44799742253552,113.70797491059344,-0.7770861716259737,0.0,122.46375671376266,112.60354946866292,-0.3517374961222752,0.0,122.82483327263348,112.32546766601766,0.0896789725461109,0.0,122.67060905061184,114.3344694969567,-0.884466948832969,0.0
122.47617644482384,114.44382727557479,-1.6983639941026363,0.0,122.44799742253552,113.70797491059344,-0.7770861716259737,0.0,122.46375671376266,112.60354946866292,-0.3517374961222752,0.0,122.82483327263348,112.32546766601766,0.0896789725461109,0.0
121.79215817937185,113.70370965447441,-1.6781720691268602,0.0,122.47617644482384,114.44382727557479,-1.6983639941026363,0.0,122.44799742253552,113.70797491059344,-0.7770861716259737,0.0,122.46375671376266,112.60354946866292,-0.3517374961222752,0.0
121.79101245303764,114.53658722103407,-2.0040825520052374,0.0,121.79215817937185,113.70370965447441,-1.6781720691268602,0.0,122.47617644482384,114.44382727557479,-1.6983639941026363,0.0,122.44799742253552,113.70797491059344,-0.7770861716259737,0.0
120.75486003455904,111.94595969439763,-0.7822584615360054,0.0,121.79101245303764,114.53658722103407,-2.0040825520052374,0.0,121.79215817937185,113.70370965447441,-1.6781720691268602,0.0,122.47617644482384,114.44382727557479,-1.6983639941026363,0.0
121.24834686896172,111.9361602719224,-0.12089822455748733,0.0,120.75486003455904,111.94595969439763,-0.7822584615360054,0.0,121.79101245303764,114.53658722103407,-2.0040825520052374,0.0,121.79215817937185,113.70370965447441,-1.6781720691268602,0.0
121.71094986623025,112.35798312440909,-0.44079375223485173,0.0,121.24834686896172,111.9361602719224,-0.12089822455748733,0.0,120.75486003455904,111.94595969439763,-0.7822584615360054,0.0,121.79101245303764,114.53658722103407,-2.0040825520052374,0.0
122.1549949175842,111.75076076586473,0.773582900884273,0.0,121.71094986623025,112.35798312440909,-0.44079375223485173,0.0,121.24834686896172,111.9361602719224,-0.12089822455748733,0.0,120.75486003455904,111.94595969439763,-0.7822584615360054,0.0
121.94408079825817,111.64783419448833,1.1097490642032155,0.0,122.1549949175842,111.75076076586473,0.773582900884273,0.0,121.71094986623025,112.35798312440909,-0.44079375223485173,0.0,121.24834686896172,111.9361602719224,-0.12089822455748733,0.0
122.18725903796496,110.45058036307199,0.7253835596082612,0.0,121.94408079825817,111.64783419448833,1.1097490642032155,0.0,122.1549949175842,111.75076076586473,0.773582900884273,0.0,121.71094986623025,112.35798312440909,-0.44079375223485173,0.0
122.81869321041027,112.86181885464583,-0.6693960097501775,0.0,122.18725903796496,110.45058036307199,0.7253835596082612,0.0,121.94408079825817,111.64783419448833,1.1097490642032155,0.0,122.1549949175842,111.75076076586473,0.773582900884273,0.0
123.30748726748631,113.08704249975108,0.6099544784952288,0.0,122.81869321041027,112.86181885464583,-0.6693960097501775,0.0,122.18725903796496,110.45058036307199,0.7253835596082612,0.0,121.94408079825817,111.64783419448833,1.1097490642032155,0.0
122.97892653977412,113.04953849203295,-0.206822650585615,0.0,123.30748726748631,113.08704249975108,0.6099544784952288,0.0,122.81869321041027,112.86181885464583,-0.6693960097501775,0.0,122.18725903796496,110.45058036307199,0.7253835596082612,0.0
122.77507599974503,113.55450094878134,-0.988157493946938,0.0,122.97892653977412,113.04953849203295,-0.206822650585615,0.0,123.30748726748631,113.08704249975108,0.6099544784952288,0.0,122.81869321041027,112.86181885464583,-0.6693960097501775,0.0
123.13460140911901,112.81829926088497,-0.27924077915273027,0.0,122.77507599974503,113.55450094878134,-0.988157493946938,0.0,122.97892653977412,113.04953849203295,-0.206822650585615,0.0,123.30748726748631,113.08704249975108,0.6099544784952288,0.0
122.1777515933238,111.59057052680637,0.9964835798474522,0.0,123.13460140911901,112.81829926088497,-0.27924077915273027,0.0,122.77507599974503,113.55450094878134,-0.988157493946938,0.0,122.97892653977412,113.04953849203295,-0.206822650585615,0.0
122.07850689197787,110.04313022685346,1.4893232731332209,0.0,122.1777515933238,111.59057052680637,0.9964835798474522,0.0,123.13460140911901,112.81829926088497,-0.27924077915273027,0.0,122.77507599974503,113.55450094878134,-0.988157493946938,0.0
122.75291787397347,111.55345734754417,1.4734131785327564,0.0,122.07850689197787,110.04313022685346,1.4893232731332209,0.0,122.1777515933238,111.59057052680637,0.9964835798474522,0.0,123.13460140911901,112.81829926088497,-0.27924077915273027,0.0
123.07651751961896,112.26834100804444,1.476107713658848,0.0,122.75291787397347,111.55345734754417,1.4734131785327564,0.0,122.07850689197787,110.04313022685346,1.4893232731332209,0.0,122.1777515933238,111.59057052680637,0.9964835798474522,0.0
123.08983715811321,111.12017492813874,1.6075939503172325,0.0,123.07651751961896,112.26834100804444,1.476107713658848,0.0,122.75291787397347,111.55345734754417,1.4734131785327564,0.0,122.07850689197787,110.04313022685346,1.4893232731332209,0.0
122.22333281636733,109.91241414915893,1.6655394551471687,0.0,123.08983715811321,111.12017492813874,1.6075939503172325,0.0,123.07651751961896,112.26834100804444,1.476107713658848,0.0,122.75291787397347,111.55345734754417,1.4734131785327564,0.0
122.27815259496826,109.5111708321005,1.473027276102423,0.0,122.22333281636733,109.91241414915893,1.6655394551471687,0.0,123.08983715811321,111.12017492813874,1.6075939503172325,0.0,123.07651751961896,112.26834100804444,1.476107713658848,0.0
121.96104510939551,111.33038536908279,1.2305223728578765,0.0,122.27815259496826,109.5111708321005,1.473027276102423,0.0,122.22333281636733,109.91241414915893,1.6655394551471687,0.0,123.08983715811321,111.12017492813874,1.6075939503172325,0.0
122.18998533120845,110.88740415433153,0.95312133433654,0.0,121.96104510939551,111.33038536908279,1.2305223728578765,0.0,122.27815259496826,109.5111708321005,1.473027276102423,0.0,122.22333281636733,109.91241414915893,1.6655394551471687,0.0
121.76794821916789,111.58733406802878,0.38551477303589393,0.0,122.18998533120845,110.88740415433153,0.95312133433654,0.0,121.96104510939551,111.33038536908279,1.2305223728578765,0.0,122.27815259496826,109.5111708321005,1.473027276102423,0.0
121.36141386629512,110.8016602310378,0.16807427999532815,0.0,121.76794821916789,111.58733406802878,0.38551477303589393,0.0,122.18998533120845,110.88740415433153,0.95312133433654,0.0,121.96104510939551,111.33038536908279,1.2305223728578765,0.0
120.46127168215088,111.90853544086795,-0.7120189831014302,0.0,121.36141386629512,110.8016602310378,0.16807427999532815,0.0,121.76794821916789,111.58733406802878,0.38551477303589393,0.0,122.18998533120845,110.88740415433153,0.95312133433654,0.0
121.34991542268826,112.60008531041603,-0.6187849998785191,0.0,120.46127168215088,111.90853544086795,-0.7120189831014302,0.0,121.36141386629512,110.8016602310378,0.16807427999532815,0.0,121.76794821916789,111.58733406802878,0.38551477303589393,0.0
121.24874669921525,112.62600766427676,-0.989323553478274,0.0,121.34991542268826,112.60008531041603,-0.6187849998785191,0.0,120.46127168215088,111.90853544086795,-0.7120189831014302,0.0,121.36141386629512,110.8016602310378,0.16807427999532815,0.0
121.44036350218633,112.74413498074279,-1.3432535013905047,0.0,121.24874669921525,112.62600766427676,-0.989323553478274,0.0,121.34991542268826,112.60008531041603,-0.6187849998785191,0.0,120.46127168215088,111.90853544086795,-0.7120189831014302,0.0
121.51039231006833,112.81558866887315,-0.9846557255356646,0.0,121.44036350218633,112.74413498074279,-1.3432535013905047,0.0,121.24874669921525,112.62600766427676,-0.989323553478274,0.0,121.34991542268826,112.60008531041603,-0.6187849998785191,0.0
121.12998768410424,110.89218394940374,-0.09172343725623211,0.0,121.51039231006833,112.81558866887315,-0.9846557255356646,0.0,121.44036350218633,112.74413498074279,-1.3432535013905047,0.0,121.24874669921525,112.62600766427676,-0.989323553478274,0.0
120.78039908064338,109.88117221831826,0.3857795531961708,0.0,121.12998768410424,110.89218394940374,-0.09172343725623211,0.0,121.51039231006833,112.81558866887315,-0.9846557255356646,0.0,121.44036350218633,112.74413498074279,-1.3432535013905047,0.0
120.58363791150904,110.76047580014105,-0.47662665925465186,0.0,120.78039908064338,109.88117221831826,0.3857795531961708,0.0,121.12998768410424,110.89218394940374,-0.09172343725623211,0.0,121.51039231006833,112.81558866887315,-0.9846557255356646,0.0
120.57332383904726,110.6400454149057,-0.8761153956888903,0.0,120.58363791150904,110.76047580014105,-0.47662665925465186,0.0,120.78039908064338,109.88117221831826,0.3857795531961708,0.0,121.12998768410424,110.89218394940374,-0.09172343725623211,0.0
121.08650716605072,111.10910057388006,-0.23050672255700433,0.0,120.57332383904726,110.6400454149057,-0.8761153956888903,0.0,120.58363791150904,110.76047580014105,-0.47662665925465186,0.0,120.78039908064338,109.88117221831826,0.3857795531961708,0.0
120.86394479007718,112.14804222006202,-0.6756490748147583,0.0,121.08650716605072,111.10910057388006,-0.23050672255700433,0.0,120.57332383904726,110.6400454149057,-0.8761153956888903,0.0,120.58363791150904,110.76047580014105,-0.47662665925465186,0.0
121.96747025614762,111.93861783422875,-0.652835834850319,0.0,120.86394479007718,112.14804222006202,-0.6756490748147583,0.0,121.08650716605072,111.10910057388006,-0.23050672255700433,0.0,120.57332383904726,110.6400454149057,-0.8761153956888903,0.0
122.43815303433917,112.98797377051014,-0.24724261836797934,0.0,121.96747025614762,111.93861783422875,-0.652835834850319,0.0,120.86394479007718,112.14804222006202,-0.6756490748147583,0.0,121.08650716605072,111.10910057388006,-0.23050672255700433,0.0
122.70796604637145,112.93472311865486,-0.6819663221262011,0.0,122.43815303433917,112.98797377051014,-0.24724261836797934,0.0,121.96747025614762,111.93861783422875,-0.652835834850319,0.0,120.86394479007718,112.14804222006202,-0.6756490748147583,0.0
122.49642140575531,112.20243960210576,-0.4928853046279809,0.0,122.70796604637145,112.93472311865486,-0.6819663221262011,0.0,122.43815303433917,112.98797377051014,-0.24724261836797934,0.0,121.96747025614762,111.93861783422875,-0.652835834850319,0.0
123.05964632683303,113.8926233126293,-1.061320991161487,0.0,122.49642140575531,112.20243960210576,-0.4928853046279809,0.0,122.70796604637145,112.93472311865486,-0.6819663221262011,0.0,122.43815303433917,112.98797377051014,-0.24724261836797934,0.0
122.61316499507765,114.51098501656477,-1.1497406149047964,0.0,123.05964632683303,113.8926233126293,-1.061320991161487,0.0,122.49642140575531,112.20243960210576,-0.4928853046279809,0.0,122.70796604637145,112.93472311865486,-0.6819663221262011,0.0
122.39423896055202,113.61324656865946,-0.7599015248525687,0.0,122.61316499507765,114.51098501656477,-1.1497406149047964,0.0,123.05964632683303,113.8926233126293,-1.061320991161487,0.0,122.49642140575531,112.20243960210576,-0.4928853046279809,0.0
122.3459296625295,113.0889755157348,-1.4044180866478895,0.0,122.39423896055202,113.61324656865946,-0.7599015248525687,0.0,122.61316499507765,114.51098501656477,-1.1497406149047964,0.0,123.05964632683303,113.8926233126293,-1.061320991161487,0.0
122.55072602679742,113.53858446995696,-0.9032971003381121,0.0,122.3459296625295,113.0889755157348,-1.4044180866478895,0.0,122.39423896055202,113.61324656865946,-0.7599015248525687,0.0,122.61316499507765,114.51098501656477,-1.1497406149047964,0.0
122.68990606697743,113.38257587924016,-0.7324565797338303,0.0,122.55072602679742,113.53858446995696,-0.9032971003381121,0.0,122.3459296625295,113.0889755157348,-1.4044180866478895,0.0,122.39423896055202,113.61324656865946,-0.7599015248525687,0.0
122.30271124803313,112.23301932652984,-0.3097202865784904,0.0,122.68990606697743,113.38257587924016,-0.7324565797338303,0.0,122.55072602679742,113.53858446995696,-0.9032971003381121,0.0,122.3459296625295,113.0889755157348,-1.4044180866478895,0.0
121.9869421449086,111.7745998760989,-0.1358191622304616,0.0,122.30271124803313,112.23301932652984,-0.3097202865784904,0.0,122.68990606697743,113.38257587924016,-0.7324565797338303,0.0,122.55072602679742,113.53858446995696,-0.9032971003381121,0.0
122.32871041340256,111.61589562200726,0.5734148852025528,0.0,121.9869421449086,111.7745998760989,-0.1358191622304616,0.0,122.30271124803313,112.23301932652984,-0.3097202865784904,0.0,122.68990606697743,113.38257587924016,-0.7324565797338303,0.0
122.61089249653472,112.19388252265895,0.5213441594859959,0.0,122.32871041340256,111.61589562200726,0.5734148852025528,0.0,121.9869421449086,111.7745998760989,-0.1358191622304616,0.0,122.30271124803313,112.23301932652984,-0.3097202865784904,0.0
122.28032414430889,112.23428581014892,0.20237255702617024,0.0,122.61089249653472,112.19388252265895,0.5213441594859959,0.0,122.32871041340256,111.61589562200726,0.5734148852025528,0.0,121.9869421449086,111.7745998760989,-0.1358191622304616,0.0
121.48882389628288,110.83682768650016,0.2230467971370781,0.0,122.28032414430889,112.23428581014892,0.20237255702617024,0.0,122.61089249653472,112.19388252265895,0.5213441594859959,0.0,122.32871041340256,111.61589562200726,0.5734148852025528,0.0
121.54642345705741,110.81955223929569,0.4500864522278564,0.0,121.48882389628288,110.83682768650016,0.2230467971370781,0.0,122.28032414430889,112.23428581014892,0.20237255702617024,0.0,122.61089249653472,112.19388252265895,0.5213441594859959,0.0
121.9635182141816,111.70766901754533,0.38449919694513734,0.0,121.54642345705741,110.81955223929569,0.4500864522278564,0.0,121.48882389628288,110.83682768650016,0.2230467971370781,0.0,122.28032414430889,112.23428581014892,0.20237255702617024,0.0
122.87330529765515,112.00435393800055,0.3278952031580511,0.0,121.9635182141816,111.70766901754533,0.38449919694513734,0.0,121.54642345705741,110.81955223929569,0.4500864522278564,0.0,121.48882389628288,110.83682768650016,0.2230467971370781,0.0
122.08762420953019,112.24082094847205,-0.08867968137693677,0.0,122.87330529765515,112.00435393800055,0.3278952031580511,0.0,121.9635182141816,111.70766901754533,0.38449919694513734,0.0,121.54642345705741,110.81955223929569,0.4500864522278564,0.0
121.82419283491112,112.65241812595534,-0.4023942038770235,0.0,122.08762420953019,112.24082094847205,-0.08867968137693677,0.0,122.87330529765515,112.00435393800055,0.3278952031580511,0.0,121.9635182141816,111.70766901754533,0.38449919694513734,0.0
121.6138260188034,113.01652936725651,-1.0232179990014656,0.0,121.82419283491112,112.65241812595534,-0.4023942038770235,0.0,122.08762420953019,112.24082094847205,-0.08867968137693677,0.0,122.87330529765515,112.00435393800055,0.3278952031580511,0.0
122.33076729759081,112.76392374335339,0.056213972392297196,0.0,121.6138260188034,113.01652936725651,-1.0232179990014656,0.0,121.82419283491112,112.65241812595534,-0.4023942038770235,0.0,122.08762420953019,112.24082094847205,-0.08867968137693677,0.0
122.20141410994205,112.91457955802571,-0.5769604397818048,0.0,122.33076729759081,112.76392374335339,0.056213972392297196,0.0,121.6138260188034,113.01652936725651,-1.0232179990014656,0.0,121.82419283491112,112.65241812595534,-0.4023942038770235,0.0
121.71229530256166,111.90345411411698,-0.8080209507233975,0.0,122.20141410994205,112.91457955802571,-0.5769604397818048,0.0,122.33076729759081,112.76392374335339,0.056213972392297196,0.0,121.6138260188034,113.01652936725651,-1.0232179990014656,0.0
121.97978617553935,113.38795415941792,-1.0056203933633168,0.0,121.71229530256166,111.90345411411698,-0.8080209507233975,0.0,122.20141410994205,112.91457955802571,-0.5769604397818048,0.0,122.33076729759081,112.76392374335339,0.056213972392297196,0.0
121.77939987440529,112.04219612011468,-0.3570341262184328,0.0,121.97978617553935,113.38795415941792,-1.0056203933633168,0.0,121.71229530256166,111.90345411411698,-0.8080209507233975,0.0,122.20141410994205,112.91457955802571,-0.5769604397818048,0.0
121.21262278304621,111.97406959598072,-0.43310214012076015,0.0,121.77939987440529,112.04219612011468,-0.3570341262184328,0.0,121.97978617553935,113.38795415941792,-1.0056203933633168,0.0,121.71229530256166,111.90345411411698,-0.8080209507233975,0.0
120.98197458378965,110.83473978018506,0.27738932424025875,0.0,121.21262278304621,111.97406959598072,-0.43310214012076015,0.0,121.77939987440529,112.04219612011468,-0.3570341262184328,0.0,121.97978617553935,113.38795415941792,-1.0056203933633168,0.0
122.00867421076849,112.87852866949083,-0.11483385272972724,0.0,120.98197458378965,110.83473978018506,0.27738932424025875,0.0,121.21262278304621,111.97406959598072,-0.43310214012076015,0.0,121.77939987440529,112.04219612011468,-0.3570341262184328,0.0
122.18658287967335,112.2492219953235,0.047629998928119185,0.0,122.00867421076849,112.87852866949083,-0.11483385272972724,0.0,120.98197458378965,110.83473978018506,0.27738932424025875,0.0,121.21262278304621,111.97406959598072,-0.43310214012076015,0.0
122.17078592437663,112.6472081417665,-0.3795695274873833,0.0,122.18658287967335,112.2492219953235,0.047629998928119185,0.0,122.00867421076849,112.87852866949083,-0.11483385272972724,0.0,120.98197458378965,110.83473978018506,0.27738932424025875,0.0
122.06060477837241,111.02154186445779,0.7689189418967874,0.0,122.17078592437663,112.6472081417665,-0.3795695274873833,0.0,122.18658287967335,112.2492219953235,0.047629998928119185,0.0,122.00867421076849,112.87852866949083,-0.11483385272972724,0.0
122.191625775037,112.05864937440666,0.02133594400267358,0.0,122.06060477837241,111.02154186445779,0.7689189418967874,0.0,122.17078592437663,112.6472081417665,-0.3795695274873833,0.0,122.18658287967335,112.2492219953235,0.047629998928119185,0.0
122.25910261468842,112.6863195668488,0.1719791103156526,0.0,122.191625775037,112.05864937440666,0.02133594400267358,0.0,122.06060477837241,111.02154186445779,0.7689189418967874,0.0,122.17078592437663,112.6472081417665,-0.3795695274873833,0.0
122.3839952841823,111.38742443344194,0.45447172871857133,0.0,122.25910261468842,112.6863195668488,0.1719791103156526,0.0,122.191625775037,112.05864937440666,0.02133594400267358,0.0,122.06060477837241,111.02154186445779,0.7689189418967874,0.0
122.37942875721458,111.70380030540298,0.5704769317006062,0.0,122.3839952841823,111.38742443344194,0.45447172871857133,0.0,122.25910261468842,112.6863195668488,0.1719791103156526,0.0,122.191625775037,112.05864937440666,0.02133594400267358,0.0
122.72484657014282,112.26191209563245,0.36373771592163084,0.0,122.37942875721458,111.70380030540298,0.5704769317006062,0.0,122.3839952841823,111.38742443344194,0.45447172871857133,0.0,122.25910261468842,112.6863195668488,0.1719791103156526,0.0
122.57381320135573,112.35232455517772,0.22607982287059164,0.0,122.72484657014282,112.26191209563245,0.36373771592163084,0.0,122.37942875721458,111.70380030540298,0.5704769317006062,0.0,122.3839952841823,111.38742443344194,0.45447172871857133,0.0
121.96883398746857,112.02494311679362,0.20276959428602814,0.0,122.57381320135573,112.35232455517772,0.22607982287059164,0.0,122.72484657014282,112.26191209563245,0.36373771592163084,0.0,122.37942875721458,111.70380030540298,0.5704769317006062,0.0
121.6940347969037,111.49641895241476,0.08871467461457823,0.0,121.96883398746857,112.02494311679362,0.20276959428602814,0.0,122.57381320135573,112.35232455517772,0.22607982287059164,0.0,122.72484657014282,112.26191209563245,0.36373771592163084,0.0
120.86214644436265,110.07144092830924,0.5529112980891174,0.0,121.6940347969037,111.49641895241476,0.08871467461457823,0.0,121.96883398746857,112.02494311679362,0.20276959428602814,0.0,122.57381320135573,112.35232455517772,0.22607982287059164,0.0
122.13031699827718,111.45617430468295,1.5475905392669695,0.0,120.86214644436265,110.07144092830924,0.5529112980891174,0.0,121.6940347969037,111.49641895241476,0.08871467461457823,0.0,121.96883398746857,112.02494311679362,0.20276959428602814,0.0
122.54297923867612,111.8530331184395,0.959326538909659,0.0,122.13031699827718,111.45617430468295,1.5475905392669695,0.0,120.86214644436265,110.07144092830924,0.5529112980891174,0.0,121.6940347969037,111.49641895241476,0.08871467461457823,0.0
122.01628805350771,112.06120179737133,0.08255974133818833,0.0,122.54297923867612,111.8530331184395,0.959326538909659,0.0,122.13031699827718,111.45617430468295,1.5475905392669695,0.0,120.86214644436265,110.07144092830924,0.5529112980891174,0.0
121.88534059209023,111.73534852034814,0.02190676889492326,0.0,122.01628805350771,112.06120179737133,0.08255974133818833,0.0,122.54297923867612,111.8530331184395,0.959326538909659,0.0,122.13031699827718,111.45617430468295,1.5475905392669695,0.0
121.70003430087077,109.79599871396411,1.3073800839430978,0.0,121.88534059209023,111.73534852034814,0.02190676889492326,0.0,122.01628805350771,112.06120179737133,0.08255974133818833,0.0,122.54297923867612,111.8530331184395,0.959326538909659,0.0
122.51829606207356,112.26009968620235,0.644066783169613,0.0,121.70003430087077,109.79599871396411,1.3073800839430978,0.0,121.88534059209023,111.73534852034814,0.02190676889492326,0.0,122.01628805350771,112.06120179737133,0.08255974133818833,0.0
121.77046648839604,110.68463558254723,1.334811829257724,0.0,122.51829606207356,112.26009968620235,0.644066783169613,0.0,121.70003430087077,109.79599871396411,1.3073800839430978,0.0,121.88534059209023,111.73534852034814,0.02190676889492326,0.0
121.95822177226884,110.30778895714772,1.9066998704443996,0.0,121.77046648839604,110.68463558254723,1.334811829257724,0.0,122.51829606207356,112.26009968620235,0.644066783169613,0.0,121.70003430087077,109.79599871396411,1.3073800839430978,0.0
121.95686056719535,111.1090585867461,1.2485657755015225,0.0,121.95822177226884,110.30778895714772,1.9066998704443996,0.0,121.77046648839604,110.68463558254723,1.334811829257724,0.0,122.51829606207356,112.26009968620235,0.644066783169613,0.0
122.41370982355498,111.30395891111726,1.2833441599938558,0.0,121.95686056719535,111.1090585867461,1.2485657755015225,0.0,121.95822177226884,110.30778895714772,1.9066998704443996,0.0,121.77046648839604,110.68463558254723,1.334811829257724,0.0
122.37169236424695,110.14541761469363,1.8408736395593537,0.0,122.41370982355498,111.30395891111726,1.2833441599938558,0.0,121.95686056719535,111.1090585867461,1.2485657755015225,0.0,121.95822177226884,110.30778895714772,1.9066998704443996,0.0
121.48196220737469,110.72574491390316,1.2831350411537397,0.0,122.37169236424695,110.14541761469363,1.8408736395593537,0.0,122.41370982355498,111.30395891111726,1.2833441599938558,0.0,121.95686056719535,111.1090585867461,1.2485657755015225,0.0
121.53994485819139,110.4013198077431,0.924717852871811,0.0,121.48196220737469,110.72574491390316,1.2831350411537397,0.0,122.37169236424695,110.14541761469363,1.8408736395593537,0.0,122.41370982355498,111.30395891111726,1.2833441599938558,0.0
121.1674037267592,111.56942101644523,0.4489338253231269,0.0,121.53994485819139,110.4013198077431,0.924717852871811,0.0,121.48196220737469,110.72574491390316,1.2831350411537397,0.0,122.37169236424695,110.14541761469363,1.8408736395593537,0.0
121.38311213287638,111.8120124361854,-0.14823130508793186,0.0,121.1674037267592,111.56942101644523,0.4489338253231269,0.0,121.53994485819139,110.4013198077431,0.924717852871811,0.0,121.48196220737469,110.72574491390316,1.2831350411537397,0.0
122.18398076307206,112.79194922978436,-0.44322381660334903,0.0,121.38311213287638,111.8120124361854,-0.14823130508793186,0.0,121.1674037267592,111.56942101644523,0.4489338253231269,0.0,121.53994485819139,110.4013198077431,0.924717852871811,0.0
121.30572954364874,111.4348488938555,-0.9665491866638075,0.0,122.18398076307206,112.79194922978436,-0.44322381660334903,0.0,121.38311213287638,111.8120124361854,-0.14823130508793186,0.0,121.1674037267592,111.56942101644523,0.4489338253231269,0.0
121.04742126556205,111.94102003313978,-0.756197615201433,0.0,121.30572954364874,111.4348488938555,-0.9665491866638075,0.0,122.18398076307206,112.79194922978436,-0.44322381660334903,0.0,121.38311213287638,111.8120124361854,-0.14823130508793186,0.0
120.91148782222581,113.00205426664172,-0.9899447076904674,0.0,121.04742126556205,111.94102003313978,-0.756197615201433,0.0,121.30572954364874,111.4348488938555,-0.9665491866638075,0.0,122.18398076307206,112.79194922978436,-0.44322381660334903,0.0
120.90918985418064,112.58369711786827,-0.6750628102570001,0.0,120.91148782222581,113.00205426664172,-0.9899447076904674,0.0,121.04742126556205,111.94102003313978,-0.756197615201433,0.0,121.30572954364874,111.4348488938555,-0.9665491866638075,0.0
121.45939576332422,112.7603790414583,-1.3179980713074138,0.0,120.90918985418064,112.58369711786827,-0.6750628102570001,0.0,120.91148782222581,113.00205426664172,-0.9899447076904674,0.0,121.04742126556205,111.94102003313978,-0.756197615201433,0.0
121.4777531011681,112.05982601421186,-0.8889583409387025,0.0,121.45939576332422,112.7603790414583,-1.3179980713074138,0.0,120.90918985418064,112.58369711786827,-0.6750628102570001,0.0,120.91148782222581,113.00205426664172,-0.9899447076904674,0.0
121.79501917203626,111.90169343516914,-0.2944021919464997,0.0,121.4777531011681,112.05982601421186,-0.8889583409387025,0.0,121.45939576332422,112.7603790414583,-1.3179980713074138,0.0,120.90918985418064,112.58369711786827,-0.6750628102570001,0.0
121.49114151396762,112.63974603591004,-1.2323895748429274,0.0,121.79501917203626,111.90169343516914,-0.2944021919464997,0.0,121.4777531011681,112.05982601421186,-0.8889583409387025,0.0,121.45939576332422,112.7603790414583,-1.3179980713074138,0.0
121.71141686197447,111.92917043817215,-0.798883374950556,0.0,121.49114151396762,112.63974603591004,-1.2323895748429274,0.0,121.79501917203626,111.90169343516914,-0.2944021919464997,0.0,121.4777531011681,112.05982601421186,-0.8889583409387025,0.0
122.1364561088703,112.43152392296267,-0.02527220372379868,0.0,121.71141686197447,111.92917043817215,-0.798883374950556,0.0,121.49114151396762,112.63974603591004,-1.2323895748429274,0.0,121.79501917203626,111.90169343516914,-0.2944021919464997,0.0
121.74679615477346,111.92437914908473,-0.6250382723246417,0.0,122.1364561088703,112.43152392296267,-0.02527220372379868,0.0,121.71141686197447,111.92917043817215,-0.798883374950556,0.0,121.49114151396762,112.63974603591004,-1.2323895748429274,0.0
122.15631275273746,112.63606461969152,0.3362555755591383,0.0,121.74679615477346,111.92437914908473,-0.6250382723246417,0.0,122.1364561088703,112.43152392296267,-0.02527220372379868,0.0,121.71141686197447,111.92917043817215,-0.798883374950556,0.0
122.14527484665412,112.11923479799285,0.4785139651303333,0.0,122.15631275273746,112.63606461969152,0.3362555755591383,0.0,121.74679615477346,111.92437914908473,-0.6250382723246417,0.0,122.1364561088703,112.43152392296267,-0.02527220372379868,0.0
122.56694211895464,113.44015757219549,0.0303052442250622,0.0,122.14527484665412,112.11923479799285,0.4785139651303333,0.0,122.15631275273746,112.63606461969152,0.3362555755591383,0.0,121.74679615477346,111.92437914908473,-0.6250382723246417,0.0
122.32932437660575,112.47038737038946,-0.003640343448803242,0.0,122.56694211895464,113.44015757219549,0.0303052442250622,0.0,122.14527484665412,112.11923479799285,0.4785139651303333,0.0,122.15631275273746,112.63606461969152,0.3362555755591383,0.0
122.44451224524676,112.1913916723781,0.2762511815018186,0.0,122.32932437660575,112.47038737038946,-0.003640343448803242,0.0,122.56694211895464,113.44015757219549,0.0303052442250622,0.0,122.14527484665412,112.11923479799285,0.4785139651303333,0.0
122.33438990448494,112.01833551746401,0.25900364090766065,0.0,122.44451224524676,112.1913916723781,0.2762511815018186,0.0,122.32932437660575,112.47038737038946,-0.003640343448803242,0.0,122.56694211895464,113.44015757219549,0.0303052442250622,0.0
122.23312563984506,111.72560305445216,0.47658090894931315,0.0,122.33438990448494,112.01833551746401,0.25900364090766065,0.0,122.44451224524676,112.1913916723781,0.2762511815018186,0.0,122.32932437660575,112.47038737038946,-0.003640343448803242,0.0
122.27506979928533,112.81791853407142,-0.07907206938023259,0.0,122.23312563984506,111.72560305445216,0.47658090894931315,0.0,122.33438990448494,112.01833551746401,0.25900364090766065,0.0,122.44451224524676,112.1913916723781,0.2762511815018186,0.0
122.46169018167247,112.53538784736523,0.02142275651385292,0.0,122.27506979928533,112.81791853407142,-0.07907206938023259,0.0,122.23312563984506,111.72560305445216,0.47658090894931315,0.0,122.33438990448494,112.01833551746401,0.25900364090766065,0.0
121.6882357814274,113.12667815897169,-0.6897190432414078,0.0,122.46169018167247,112.53538784736523,0.02142275651385292,0.0,122.27506979928533,112.81791853407142,-0.07907206938023259,0.0,122.23312563984506,111.72560305445216,0.47658090894931315,0.0
122.44868261015789,112.37445638785928,-0.6073882652674765,0.0,121.6882357814274,113.12667815897169,-0.6897190432414078,0.0,122.46169018167247,112.53538784736523,0.02142275651385292,0.0,122.27506979928533,112.81791853407142,-0.07907206938023259,0.0
121.40441018512537,112.49408765452077,-0.9378644329463761,0.0,122.44868261015789,112.37445638785928,-0.6073882652674765,0.0,121.6882357814274,113.12667815897169,-0.6897190432414078,0.0,122.46169018167247,112.53538784736523,0.02142275651385292,0.0
121.15523534702112,112.51773492419494,-1.118056517651984,0.0,121.40441018512537,112.49408765452077,-0.9378644329463761,0.0,122.44868261015789,112.37445638785928,-0.6073882652674765,0.0,121.6882357814274,113.12667815897169,-0.6897190432414078,0.0
121.33614982773308,110.81807829002742,-0.2763986265163686,0.0,121.15523534702112,112.51773492419494,-1.118056517651984,0.0,121.40441018512537,112.49408765452077,-0.9378644329463761,0.0,122.44868261015789,112.37445638785928,-0.6073882652674765,0.0
121.67644618223326,111.97303328992382,0.32453615908403965,0.0,121.33614982773308,110.81807829002742,-0.2763986265163686,0.0,121.15523534702112,112.51773492419494,-1.118056517651984,0.0,121.40441018512537,112.49408765452077,-0.9378644329463761,0.0
122.5041080297072,112.50270359900236,0.5641979877208203,0.0,121.67644618223326,111.97303328992382,0.32453615908403965,0.0,121.33614982773308,110.81807829002742,-0.2763986265163686,0.0,121.15523534702112,112.51773492419494,-1.118056517651984,0.0
121.46856692564143,112.11147508023535,-0.09479799215963325,0.0,122.5041080297072,112.50270359900236,0.5641979877208203,0.0,121.67644618223326,111.97303328992382,0.32453615908403965,0.0,121.33614982773308,110.81807829002742,-0.2763986265163686,0.0
121.34057862937813,111.60855693880299,-0.23404261857510755,0.0,121.46856692564143,112.11147508023535,-0.09479799215963325,0.0,122.5041080297072,112.50270359900236,0.5641979877208203,0.0,121.67644618223326,111.97303328992382,0.32453615908403965,0.0
120.51505017914313,109.87991960919484,0.41931475512950567,0.0,121.34057862937813,111.60855693880299,-0.23404261857510755,0.0,121.46856692564143,112.11147508023535,-0.09479799215963325,0.0,122.5041080297072,112.50270359900236,0.5641979877208203,0.0
120.92062717144643,110.14447917646396,0.40631026092355693,0.0,120.51505017914313,109.87991960919484,0.41931475512950567,0.0,121.34057862937813,111.60855693880299,-0.23404261857510755,0.0,121.46856692564143,112.11147508023535,-0.09479799215963325,0.0
121.43893243931525,108.66822180183809,1.4847129787296927,0.0,120.92062717144643,110.14447917646396,0.40631026092355693,0.0,120.51505017914313,109.87991960919484,0.41931475512950567,0.0,121.34057862937813,111.60855693880299,-0.23404261857510755,0.0
122.34240902506367,112.08269594948314,1.3844293026809402,0.0,121.43893243931525,108.66822180183809,1.4847129787296927,0.0,120.92062717144643,110.14447917646396,0.40631026092355693,0.0,120.51505017914313,109.87991960919484,0.41931475512950567,0.0
122.39013465737645,110.88219886242447,1.2035680003897682,0.0,122.34240902506367,112.08269594948314,1.3844293026809402,0.0,121.43893243931525,108.66822180183809,1.4847129787296927,0.0,120.92062717144643,110.14447917646396,0.40631026092355693,0.0
122.81962555687484,112.28989467495038,0.8082961682105638,0.0,122.39013465737645,110.88219886242447,1.2035680003897682,0.0,122.34240902506367,112.08269594948314,1.3844293026809402,0.0,121.43893243931525,108.66822180183809,1.4847129787296927,0.0
122.92250378751922,112.50230397500403,0.7134073869595923,0.0,122.81962555687484,112.28989467495038,0.8082961682105638,0.0,122.39013465737645,110.88219886242447,1.2035680003897682,0.0,122.34240902506367,112.08269594948314,1.3844293026809402,0.0
122.50438969321459,112.31978476596413,0.49449099137740193,0.0,122.92250378751922,112.50230397500403,0.7134073869595923,0.0,122.81962555687484,112.28989467495038,0.8082961682105638,0.0,122.39013465737645,110.88219886242447,1.2035680003897682,0.0
121.72742332950261,111.43216103346037,0.7496471314462168,0.0,122.50438969321459,112.31978476596413,0.49449099137740193,0.0,122.92250378751922,112.50230397500403,0.7134073869595923,0.0,122.81962555687484,112.28989467495038,0.8082961682105638,0.0
122.01472035884838,110.09438907799242,1.0780688635542655,0.0,121.72742332950261,111.43216103346037,0.7496471314462168,0.0,122.50438969321459,112.31978476596413,0.49449099137740193,0.0,122.92250378751922,112.50230397500403,0.7134073869595923,0.0
121.34310069496271,110.45249167086632,0.4694603605894377,0.0,122.01472035884838,110.09438907799242,1.0780688635542655,0.0,121.72742332950261,111.43216103346037,0.7496471314462168,0.0,122.50438969321459,112.31978476596413,0.49449099137740193,0.0
122.10301103081294,112.38146122984159,-0.29004818830733886,0.0,121.34310069496271,110.45249167086632,0.4694603605894377,0.0,122.01472035884838,110.09438907799242,1.0780688635542655,0.0,121.72742332950261,111.43216103346037,0.7496471314462168,0.0
121.97871057674689,112.45334393770091,-1.1501412371975195,0.0,122.10301103081294,112.38146122984159,-0.29004818830733886,0.0,121.34310069496271,110.45249167086632,0.4694603605894377,0.0,122.01472035884838,110.09438907799242,1.0780688635542655,0.0
122.48517912067206,113.90756092962323,-0.6661173263017437,0.0,121.97871057674689,112.45334393770091,-1.1501412371975195,0.0,122.10301103081294,112.38146122984159,-0.29004818830733886,0.0,121.34310069496271,110.45249167086632,0.4694603605894377,0.0
122.05765675522073,113.80758648501453,-1.0845771641283317,0.0,122.48517912067206,113.90756092962323,-0.6661173263017437,0.0,121.97871057674689,112.45334393770091,-1.1501412371975195,0.0,122.10301103081294,112.38146122984159,-0.29004818830733886,0.0
122.02752024065074,115.060611134527,-1.944107027778907,0.0,122.05765675522073,113.80758648501453,-1.0845771641283317,0.0,122.48517912067206,113.90756092962323,-0.6661173263017437,0.0,121.97871057674689,112.45334393770091,-1.1501412371975195,0.0
122.0391956587495,113.74989924876886,-1.3609963199576436,0.0,122.02752024065074,115.060611134527,-1.944107027778907,0.0,122.05765675522073,113.80758648501453,-1.0845771641283317,0.0,122.48517912067206,113.90756092962323,-0.6661173263017437,0.0
122.0197733964755,111.78122143037285,0.15770270275028042,0.0,122.0391956587495,113.74989924876886,-1.3609963199576436,0.0,122.02752024065074,115.060611134527,-1.944107027778907,0.0,122.05765675522073,113.80758648501453,-1.0845771641283317,0.0
121.81734929547802,111.64279330008159,0.12312670643027766,0.0,122.0197733964755,111.78122143037285,0.15770270275028042,0.0,122.0391956587495,113.74989924876886,-1.3609963199576436,0.0,122.02752024065074,115.060611134527,-1.944107027778907,0.0
122.0759317438216,111.48351403592162,0.5177467523700431,0.0,121.81734929547802,111.64279330008159,0.12312670643027766,0.0,122.0197733964755,111.78122143037285,0.15770270275028042,0.0,122.0391956587495,113.74989924876886,-1.3609963199576436,0.0
121.6048980443786,111.85531437874184,0.455112081169817,0.0,122.0759317438216,111.48351403592162,0.5177467523700431,0.0,121.81734929547802,111.64279330008159,0.12312670643027766,0.0,122.0197733964755,111.78122143037285,0.15770270275028042,0.0
121.15715417286259,110.44093196321526,0.3146448383402823,0.0,121.6048980443786,111.85531437874184,0.455112081169817,0.0,122.0759317438216,111.48351403592162,0.5177467523700431,0.0,121.81734929547802,111.64279330008159,0.12312670643027766,0.0
121.9892287414455,111.15816087015989,0.7112541121661101,0.0,121.15715417286259,110.44093196321526,0.3146448383402823,0.0,121.6048980443786,111.85531437874184,0.455112081169817,0.0,122.0759317438216,111.48351403592162,0.5177467523700431,0.0
122.37570156716288,111.58530840879132,0.42386601763856246,0.0,121.9892287414455,111.15816087015989,0.7112541121661101,0.0,121.15715417286259,110.44093196321526,0.3146448383402823,0.0,121.6048980443786,111.85531437874184,0.455112081169817,0.0
122.29507376395144,112.76866588159965,0.4727889711468015,0.0,122.37570156716288,111.58530840879132,0.42386601763856246,0.0,121.9892287414455,111.15816087015989,0.7112541121661101,0.0,121.15715417286259,110.44093196321526,0.3146448383402823,0.0
123.05082997895597,112.3560044695416,0.539080080015448,0.0,122.29507376395144,112.76866588159965,0.4727889711468015,0.0,122.37570156716288,111.58530840879132,0.42386601763856246,0.0,121.9892287414455,111.15816087015989,0.7112541121661101,0.0
122.64947431872757,113.14613810149547,0.09721883719083407,0.0,123.05082997895597,112.3560044695416,0.539080080015448,0.0,122.29507376395144,112.76866588159965,0.4727889711468015,0.0,122.37570156716288,111.58530840879132,0.42386601763856246,0.0
123.14255980560837,112.76742518736313,0.5737962445209287,0.0,122.64947431872757,113.14613810149547,0.09721883719083407,0.0,123.05082997895597,112.3560044695416,0.539080080015448,0.0,122.29507376395144,112.76866588159965,0.4727889711468015,0.0
122.98454463359901,112.34580506701175,0.3715571172690387,0.0,123.14255980560837,112.76742518736313,0.5737962445209287,0.0,122.64947431872757,113.14613810149547,0.09721883719083407,0.0,123.05082997895597,112.3560044695416,0.539080080015448,0.0
122.26048221685798,112.29556229966119,-0.08062688593119138,0.0,122.98454463359901,112.34580506701175,0.3715571172690387,0.0,123.14255980560837,112.76742518736313,0.5737962445209287,0.0,122.64947431872757,113.14613810149547,0.09721883719083407,0.0
123.0679095624089,113.28992613925834,0.20375341304024866,0.0,122.26048221685798,112.29556229966119,-0.08062688593119138,0.0,122.98454463359901,112.34580506701175,0.3715571172690387,0.0,123.14255980560837,112.76742518736313,0.5737962445209287,0.0
123.27193175154343,113.55502643391455,-0.2862312604633197,0.0,123.0679095624089,113.28992613925834,0.20375341304024866,0.0,122.26048221685798,112.29556229966119,-0.08062688593119138,0.0,122.98454463359901,112.34580506701175,0.3715571172690387,0.0
122.86476360129957,113.84542568860752,-0.21489442968609165,0.0,123.27193175154343,113.55502643391455,-0.2862312604633197,0.0,123.0679095624089,113.28992613925834,0.20375341304024866,0.0,122.26048221685798,112.29556229966119,-0.08062688593119138,0.0
123.02412327961959,112.62546462374141,-0.1764750420709751,0.0,122.86476360129957,113.84542568860752,-0.21489442968609165,0.0,123.27193175154343,113.55502643391455,-0.2862312604633197,0.0,123.0679095624089,113.28992613925834,0.20375341304024866,0.0
122.60228875587835,112.30316301636748,0.40176774925900893,0.0,123.02412327961959,112.62546462374141,-0.1764750420709751,0.0,122.86476360129957,113.84542568860752,-0.21489442968609165,0.0,123.27193175154343,113.55502643391455,-0.2862312604633197,0.0
122.90695946345828,111.78892117548341,0.5587633158471835,0.0,122.60228875587835,112.30316301636748,0.40176774925900893,0.0,123.02412327961959,112.62546462374141,-0.1764750420709751,0.0,122.86476360129957,113.84542568860752,-0.21489442968609165,0.0
121.56056176629762,111.38933043654046,0.4344971733051749,0.0,122.90695946345828,111.78892117548341,0.5587633158471835,0.0,122.60228875587835,112.30316301636748,0.40176774925900893,0.0,123.02412327961959,112.62546462374141,-0.1764750420709751,0.0
121.20312703894557,110.70843414490457,0.7564808882442835,0.0,121.56056176629762,111.38933043654046,0.4344971733051749,0.0,122.90695946345828,111.78892117548341,0.5587633158471835,0.0,122.60228875587835,112.30316301636748,0.40176774925900893,0.0
121.90289643608496,110.98470134429974,1.3002884851040837,0.0,121.20312703894557,110.70843414490457,0.7564808882442835,0.0,121.56056176629762,111.38933043654046,0.4344971733051749,0.0,122.90695946345828,111.78892117548341,0.5587633158471835,0.0
121.89081002391791,110.13358711681212,1.3191359412591983,0.0,121.90289643608496,110.98470134429974,1.3002884851040837,0.0,121.20312703894557,110.70843414490457,0.7564808882442835,0.0,121.56056176629762,111.38933043654046,0.4344971733051749,0.0
122.04924537218281,111.343475887918,1.060485062929049,0.0,121.89081002391791,110.13358711681212,1.3191359412591983,0.0,121.90289643608496,110.98470134429974,1.3002884851040837,0.0,121.20312703894557,110.70843414490457,0.7564808882442835,0.0
121.4207065230546,110.90593887267883,0.1924699341681595,0.0,122.04924537218281,111.343475887918,1.060485062929049,0.0,121.89081002391791,110.13358711681212,1.3191359412591983,0.0,121.90289643608496,110.98470134429974,1.3002884851040837,0.0
122.41143653537415,112.98124361841195,-0.3785808842031587,0.0,121.4207065230546,110.90593887267883,0.1924699341681595,0.0,122.04924537218281,111.343475887918,1.060485062929049,0.0,121.89081002391791,110.13358711681212,1.3191359412591983,0.0
122.81165820446083,114.25511691394652,-0.45547705953986084,0.0,122.41143653537415,112.98124361841195,-0.3785808842031587,0.0,121.4207065230546,110.90593887267883,0.1924699341681595,0.0,122.04924537218281,111.343475887918,1.060485062929049,0.0
122.47739925261979,113.43169403522452,-0.6691377487115302,0.0,122.81165820446083,114.25511691394652,-0.45547705953986084,0.0,122.41143653537415,112.98124361841195,-0.3785808842031587,0.0,121.4207065230546,110.90593887267883,0.1924699341681595,0.0
122.11300378645906,113.33135374410244,-0.6287958504619472,0.0,122.47739925261979,113.43169403522452,-0.6691377487115302,0.0,122.81165820446083,114.25511691394652,-0.45547705953986084,0.0,122.41143653537415,112.98124361841195,-0.3785808842031587,0.0
122.55458780197439,113.01234815805424,-0.47471171792100414,0.0,122.11300378645906,113.33135374410244,-0.6287958504619472,0.0,122.47739925261979,113.43169403522452,-0.6691377487115302,0.0,122.81165820446083,114.25511691394652,-0.45547705953986084,0.0
123.33276106991829,114.04288793491398,-0.11492299715843796,0.0,122.55458780197439,113.01234815805424,-0.47471171792100414,0.0,122.11300378645906,113.33135374410244,-0.6287958504619472,0.0,122.47739925261979,113.43169403522452,-0.6691377487115302,0.0
123.48559902097179,113.14979925737077,-0.127187786756296,0.0,123.33276106991829,114.04288793491398,-0.11492299715843796,0.0,122.55458780197439,113.01234815805424,-0.47471171792100414,0.0,122.11300378645906,113.33135374410244,-0.6287958504619472,0.0
124.17064636532601,114.07468370299446,0.14150059250806415,0.0,123.48559902097179,113.14979925737077,-0.127187786756296,0.0,123.33276106991829,114.04288793491398,-0.11492299715843796,0.0,122.55458780197439,113.01234815805424,-0.47471171792100414,0.0
123.21730801136329,113.16066832733117,0.14543768141151145,0.0,124.17064636532601,114.07468370299446,0.14150059250806415,0.0,123.48559902097179,113.14979925737077,-0.127187786756296,0.0,123.33276106991829,114.04288793491398,-0.11492299715843796,0.0
122.51141060988908,113.05484767904304,-0.8713831380477265,0.0,123.21730801136329,113.16066832733117,0.14543768141151145,0.0,124.17064636532601,114.07468370299446,0.14150059250806415,0.0,123.48559902097179,113.14979925737077,-0.127187786756296,0.0
121.79087323035152,112.47569397066118,-1.1667742073475584,0.0,122.51141060988908,113.05484767904304,-0.8713831380477265,0.0,123.21730801136329,113.16066832733117,0.14543768141151145,0.0,124.17064636532601,114.07468370299446,0.14150059250806415,0.0
122.00266979345217,113.01818231307584,-1.0054631437388544,0.0,121.79087323035152,112.47569397066118,-1.1667742073475584,0.0,122.51141060988908,113.05484767904304,-0.8713831380477265,0.0,123.21730801136329,113.16066832733117,0.14543768141151145,0.0
122.00018734081392,113.7950053770002,-1.4092178864116374,0.0,122.00266979345217,113.01818231307584,-1.0054631437388544,0.0,121.79087323035152,112.47569397066118,-1.1667742073475584,0.0,122.51141060988908,113.05484767904304,-0.8713831380477265,0.0
121.84614721267218,113.56054196485945,-0.8274099441312077,0.0,122.00018734081392,113.7950053770002,-1.4092178864116374,0.0,122.00266979345217,113.01818231307584,-1.0054631437388544,0.0,121.79087323035152,112.47569397066118,-1.1667742073475584,0.0
122.25673163173035,112.49630904938104,0.1034474608668825,0.0,121.84614721267218,113.56054196485945,-0.8274099441312077,0.0,122.00018734081392,113.7950053770002,-1.4092178864116374,0.0,122.00266979345217,113.01818231307584,-1.0054631437388544,0.0
122.80069166338335,112.41715889216516,0.6921388945421644,0.0,122.25673163173035,112.49630904938104,0.1034474608668825,0.0,121.84614721267218,113.56054196485945,-0.8274099441312077,0.0,122.00018734081392,113.7950053770002,-1.4092178864116374,0.0
121.90737909180619,111.40686068514145,0.44698968016862756,0.0,122.80069166338335,112.41715889216516,0.6921388945421644,0.0,122.25673163173035,112.49630904938104,0.1034474608668825,0.0,121.84614721267218,113.56054196485945,-0.8274099441312077,0.0
121.68946316961328,110.7590817976224,1.102954812559878,0.0,121.90737909180619,111.40686068514145,0.44698968016862756,0.0,122.80069166338335,112.41715889216516,0.6921388945421644,0.0,122.25673163173035,112.49630904938104,0.1034474608668825,0.0
122.21588146284371,110.91521739816903,0.9566975786489583,0.0,121.68946316961328,110.7590817976224,1.102954812559878,0.0,121.90737909180619,111.40686068514145,0.44698968016862756,0.0,122.80069166338335,112.41715889216516,0.6921388945421644,0.0
121.95557333374468,111.66524989201989,0.596815077360147,0.0,122.21588146284371,110.91521739816903,0.9566975786489583,0.0,121.68946316961328,110.7590817976224,1.102954812559878,0.0,121.90737909180619,111.40686068514145,0.44698968016862756,0.0
121.59282584395355,111.45059569726234,0.1707507301176478,0.0,121.95557333374468,111.66524989201989,0.596815077360147,0.0,122.21588146284371,110.91521739816903,0.9566975786489583,0.0,121.68946316961328,110.7590817976224,1.102954812559878,0.0
122.20228320200997,111.6249237395615,-0.014634259149945927,0.0,121.59282584395355,111.45059569726234,0.1707507301176478,0.0,121.95557333374468,111.66524989201989,0.596815077360147,0.0,122.21588146284371,110.91521739816903,0.9566975786489583,0.0
121.53841177739555,111.57329498700861,-0.2057958165905711,0.0,122.20228320200997,111.6249237395615,-0.014634259149945927,0.0,121.59282584395355,111.45059569726234,0.1707507301176478,0.0,121.95557333374468,111.66524989201989,0.596815077360147,0.0
121.4994925260709,111.60893983899993,-0.07942854208471306,0.0,121.53841177739555,111.57329498700861,-0.2057958165905711,0.0,122.20228320200997,111.6249237395615,-0.014634259149945927,0.0,121.59282584395355,111.45059569726234,0.1707507301176478,0.0
121.7616234576701,112.04585152178055,0.016744156857161838,0.0,121.4994925260709,111.60893983899993,-0.07942854208471306,0.0,121.53841177739555,111.57329498700861,-0.2057958165905711,0.0,122.20228320200997,111.6249237395615,-0.014634259149945927,0.0
121.53076565813456,111.83246302092957,0.014918335562436704,0.0,121.7616234576701,112.04585152178055,0.016744156857161838,0.0,121.4994925260709,111.60893983899993,-0.07942854208471306,0.0,121.53841177739555,111.57329498700861,-0.2057958165905711,0.0
122.0061382960539,112.20104116920675,0.2304037533231243,0.0,121.53076565813456,111.83246302092957,0.014918335562436704,0.0,121.7616234576701,112.04585152178055,0.016744156857161838,0.0,121.4994925260709,111.60893983899993,-0.07942854208471306,0.0
121.75802789009758,111.24888518293736,0.7796461400516701,0.0,122.0061382960539,112.20104116920675,0.2304037533231243,0.0,121.53076565813456,111.83246302092957,0.014918335562436704,0.0,121.7616234576701,112.04585152178055,0.016744156857161838,0.0
122.55671276548355,111.08038586634939,1.0984939797619981,0.0,121.75802789009758,111.24888518293736,0.7796461400516701,0.0,122.0061382960539,112.20104116920675,0.2304037533231243,0.0,121.53076565813456,111.83246302092957,0.014918335562436704,0.0
122.3654925398437,112.34009047590519,0.13634619958464678,0.0,122.55671276548355,111.08038586634939,1.0984939797619981,0.0,121.75802789009758,111.24888518293736,0.7796461400516701,0.0,122.0061382960539,112.20104116920675,0.2304037533231243,0.0
122.51037199343233,114.35314213590621,-1.16788360778326,0.0,122.3654925398437,112.34009047590519,0.13634619958464678,0.0,122.55671276548355,111.08038586634939,1.0984939797619981,0.0,121.75802789009758,111.24888518293736,0.7796461400516701,0.0
122.76395853050802,112.34702081458511,-0.4671469306069711,0.0,122.51037199343233,114.35314213590621,-1.16788360778326,0.0,122.3654925398437,112.34009047590519,0.13634619958464678,0.0,122.55671276548355,111.08038586634939,1.0984939797619981,0.0
122.24051248393175,113.13768678205244,-1.0571568936932874,0.0,122.76395853050802,112.34702081458511,-0.4671469306069711,0.0,122.51037199343233,114.35314213590621,-1.16788360778326,0.0,122.3654925398437,112.34009047590519,0.13634619958464678,0.0
121.1262740161996,112.78785393235717,-0.9581082159009716,0.0,122.24051248393175,113.13768678205244,-1.0571568936932874,0.0,122.76395853050802,112.34702081458511,-0.4671469306069711,0.0,122.51037199343233,114.35314213590621,-1.16788360778326,0.0
121.43121305983149,113.00368060920235,-1.3515430857504571,0.0,121.1262740161996,112.78785393235717,-0.9581082159009716,0.0,122.24051248393175,113.13768678205244,-1.0571568936932874,0.0,122.76395853050802,112.34702081458511,-0.4671469306069711,0.0
121.50931004440841,113.43609154038458,-1.9822246873903755,0.0,121.43121305983149,113.00368060920235,-1.3515430857504571,0.0,121.1262740161996,112.78785393235717,-0.9581082159009716,0.0,122.24051248393175,113.13768678205244,-1.0571568936932874,0.0
121.86878422129166,112.33153656045286,-1.3150483858099065,0.0,121.50931004440841,113.43609154038458,-1.9822246873903755,0.0,121.43121305983149,113.00368060920235,-1.3515430857504571,0.0,121.1262740161996,112.78785393235717,-0.9581082159009716,0.0
121.73375025996249,112.96026761758858,-0.6724611284966018,0.0,121.86878422129166,112.33153656045286,-1.3150483858099065,0.0,121.50931004440841,113.43609154038458,-1.9822246873903755,0.0,121.43121305983149,113.00368060920235,-1.3515430857504571,0.0
121.5760725441862,111.91427628766888,-0.8262241031606412,0.0,121.73375025996249,112.96026761758858,-0.6724611284966018,0.0,121.86878422129166,112.33153656045286,-1.3150483858099065,0.0,121.50931004440841,113.43609154038458,-1.9822246873903755,0.0
122.57357779055627,113.83033500567106,-1.956500428600968,0.0,121.5760725441862,111.91427628766888,-0.8262241031606412,0.0,121.73375025996249,112.96026761758858,-0.6724611284966018,0.0,121.86878422129166,112.33153656045286,-1.3150483858099065,0.0
121.63338353877373,113.78603325831804,-1.8383225670070158,0.0,122.57357779055627,113.83033500567106,-1.956500428600968,0.0,121.5760725441862,111.91427628766888,-0.8262241031606412,0.0,121.73375025996249,112.96026761758858,-0.6724611284966018,0.0
122.00286326398513,113.41637612431958,-1.2747560509043394,0.0,121.63338353877373,113.78603325831804,-1.8383225670070158,0.0,122.57357779055627,113.83033500567106,-1.956500428600968,0.0,121.5760725441862,111.91427628766888,-0.8262241031606412,0.0
121.62011325681576,113.89752850561317,-1.759260625110536,0.0,122.00286326398513,113.41637612431958,-1.2747560509043394,0.0,121.63338353877373,113.78603325831804,-1.8383225670070158,0.0,122.57357779055627,113.83033500567106,-1.956500428600968,0.0
121.48316984861471,112.90062895935372,-1.315728540198851,0.0,121.62011325681576,113.89752850561317,-1.759260625110536,0.0,122.00286326398513,113.41637612431958,-1.2747560509043394,0.0,121.63338353877373,113.78603325831804,-1.8383225670070158,0.0
121.40386459562757,112.4823973395446,-1.0602377567455787,0.0,121.48316984861471,112.90062895935372,-1.315728540198851,0.0,121.62011325681576,113.89752850561317,-1.759260625110536,0.0,122.00286326398513,113.41637612431958,-1.2747560509043394,0.0
121.15232244437018,111.38104190092491,-0.5585444555959189,0.0,121.40386459562757,112.4823973395446,-1.0602377567455787,0.0,121.48316984861471,112.90062895935372,-1.315728540198851,0.0,121.62011325681576,113.89752850561317,-1.759260625110536,0.0
121.63368797940599,111.47564162416543,-0.3870453802696585,0.0,121.15232244437018,111.38104190092491,-0.5585444555959189,0.0,121.40386459562757,112.4823973395446,-1.0602377567455787,0.0,121.48316984861471,112.90062895935372,-1.315728540198851,0.0
122.32739165823943,113.49761046520675,-0.7961707746565045,0.0,121.63368797940599,111.47564162416543,-0.3870453802696585,0.0,121.15232244437018,111.38104190092491,-0.5585444555959189,0.0,121.40386459562757,112.4823973395446,-1.0602377567455787,0.0
122.4245757020615,113.44688910306746,-0.03865086889295799,0.0,122.32739165823943,113.49761046520675,-0.7961707746565045,0.0,121.63368797940599,111.47564162416543,-0.3870453802696585,0.0,121.15232244437018,111.38104190092491,-0.5585444555959189,0.0
122.36696301542092,112.48777088668686,-0.1101854816278514,0.0,122.4245757020615,113.44688910306746,-0.03865086889295799,0.0,122.32739165823943,113.49761046520675,-0.7961707746565045,0.0,121.63368797940599,111.47564162416543,-0.3870453802696585,0.0
121.81199863646046,111.76703052653335,-0.10180065505724706,0.0,122.36696301542092,112.48777088668686,-0.1101854816278514,0.0,122.4245757020615,113.44688910306746,-0.03865086889295799,0.0,122.32739165823943,113.49761046520675,-0.7961707746565045,0.0
122.08270786580344,112.50607352554326,-0.5480745035823957,0.0,121.81199863646046,111.76703052653335,-0.10180065505724706,0.0,122.36696301542092,112.48777088668686,-0.1101854816278514,0.0,122.4245757020615,113.44688910306746,-0.03865086889295799,0.0
123.05063737228247,113.87407472449866,-0.6601007284616718,0.0,122.08270786580344,112.50607352554326,-0.5480745035823957,0.0,121.81199863646046,111.76703052653335,-0.10180065505724706,0.0,122.36696301542092,112.48777088668686,-0.1101854816278514,0.0
122.57595932517226,113.48406521512311,-0.970481939782788,0.0,123.05063737228247,113.87407472449866,-0.6601007284616718,0.0,122.08270786580344,112.50607352554326,-0.5480745035823957,0.0,121.81199863646046,111.76703052653335,-0.10180065505724706,0.0
122.25477986817265,112.35991604578447,-0.8628585817879418,0.0,122.57595932517226,113.48406521512311,-0.970481939782788,0.0,123.05063737228247,113.87407472449866,-0.6601007284616718,0.0,122.08270786580344,112.50607352554326,-0.5480745035823957,0.0
121.94390576381308,111.58747130469101,0.16556737464081817,0.0,122.25477986817265,112.35991604578447,-0.8628585817879418,0.0,122.57595932517226,113.48406521512311,-0.970481939782788,0.0,123.05063737228247,113.87407472449866,-0.6601007284616718,0.0
121.68896042818146,112.42914131243603,-0.5534966717530236,0.0,121.94390576381308,111.58747130469101,0.16556737464081817,0.0,122.25477986817265,112.35991604578447,-0.8628585817879418,0.0,122.57595932517226,113.48406521512311,-0.970481939782788,0.0
120.38431877949004,111.88399572437885,-1.2495780363407896,0.0,121.68896042818146,112.42914131243603,-0.5534966717530236,0.0,121.94390576381308,111.58747130469101,0.16556737464081817,0.0,122.25477986817265,112.35991604578447,-0.8628585817879418,0.0
120.9452595660111,111.29426301017583,-0.2640772653258274,0.0,120.38431877949004,111.88399572437885,-1.2495780363407896,0.0,121.68896042818146,112.42914131243603,-0.5534966717530236,0.0,121.94390576381308,111.58747130469101,0.16556737464081817,0.0
120.8176703629862,110.31522403290748,-0.315923650836595,0.0,120.9452595660111,111.29426301017583,-0.2640772653258274,0.0,120.38431877949004,111.88399572437885,-1.2495780363407896,0.0,121.68896042818146,112.42914131243603,-0.5534966717530236,0.0
120.30005566548091,110.97898131024326,-0.5872752899992343,0.0,120.8176703629862,110.31522403290748,-0.315923650836595,0.0,120.9452595660111,111.29426301017583,-0.2640772653258274,0.0,120.38431877949004,111.88399572437885,-1.2495780363407896,0.0
121.06538214687897,111.02514720744065,0.05013211169865078,0.0,120.30005566548091,110.97898131024326,-0.5872752899992343,0.0,120.8176703629862,110.31522403290748,-0.315923650836595,0.0,120.9452595660111,111.29426301017583,-0.2640772653258274,0.0
120.74867036350794,111.25252922948559,-0.26270208050951144,0.0,121.06538214687897,111.02514720744065,0.05013211169865078,0.0,120.30005566548091,110.97898131024326,-0.5872752899992343,0.0,120.8176703629862,110.31522403290748,-0.315923650836595,0.0
120.94497000706555,109.69263513597872,0.7028431923658589,0.0,120.74867036350794,111.25252922948559,-0.26270208050951144,0.0,121.06538214687897,111.02514720744065,0.05013211169865078,0.0,120.30005566548091,110.97898131024326,-0.5872752899992343,0.0
121.98405238770808,110.10289627077339,0.9012374895623216,0.0,120.94497000706555,109.69263513597872,0.7028431923658589,0.0,120.74867036350794,111.25252922948559,-0.26270208050951144,0.0,121.06538214687897,111.02514720744065,0.05013211169865078,0.0
121.3502390969227,110.64789828463003,0.477034287577006,0.0,121.98405238770808,110.10289627077339,0.9012374895623216,0.0,120.94497000706555,109.69263513597872,0.7028431923658589,0.0,120.74867036350794,111.25252922948559,-0.26270208050951144,0.0
120.84664339016061,109.34497540157355,1.4602815366943567,0.0,121.3502390969227,110.64789828463003,0.477034287577006,0.0,121.98405238770808,110.10289627077339,0.9012374895623216,0.0,120.94497000706555,109.69263513597872,0.7028431923658589,0.0
121.29157692012544,110.40781773568452,0.8653677678538161,0.0,120.84664339016061,109.34497540157355,1.4602815366943567,0.0,121.3502390969227,110.64789828463003,0.477034287577006,0.0,121.98405238770808,110.10289627077339,0.9012374895623216,0.0
122.00149013657169,112.13030163067688,1.0633419002877065,0.0,121.29157692012544,110.40781773568452,0.8653677678538161,0.0,120.84664339016061,109.34497540157355,1.4602815366943567,0.0,121.3502390969227,110.64789828463003,0.477034287577006,0.0
121.31682477382873,109.9439295312529,1.0003198104334112,0.0,122.00149013657169,112.13030163067688,1.0633419002877065,0.0,121.29157692012544,110.40781773568452,0.8653677678538161,0.0,120.84664339016061,109.34497540157355,1.4602815366943567,0.0
121.74591921193694,110.22770951089288,1.451126493046128,0.0,121.31682477382873,109.9439295312529,1.0003198104334112,0.0,122.00149013657169,112.13030163067688,1.0633419002877065,0.0,121.29157692012544,110.40781773568452,0.8653677678538161,0.0
122.18573955279709,110.0299117346664,1.941656792800329,0.0,121.74591921193694,110.22770951089288,1.451126493046128,0.0,121.31682477382873,109.9439295312529,1.0003198104334112,0.0,122.00149013657169,112.13030163067688,1.0633419002877065,0.0
121.21875354378864,110.00515713205735,1.5693275087731466,0.0,122.18573955279709,110.0299117346664,1.941656792800329,0.0,121.74591921193694,110.22770951089288,1.451126493046128,0.0,121.31682477382873,109.9439295312529,1.0003198104334112,0.0
121.81769498628798,111.13117035393111,0.8787530718454257,0.0,121.21875354378864,110.00515713205735,1.5693275087731466,0.0,122.18573955279709,110.0299117346664,1.941656792800329,0.0,121.74591921193694,110.22770951089288,1.451126493046128,0.0
122.31317403046303,111.58569796976869,0.9329885289458988,0.0,121.81769498628798,111.13117035393111,0.8787530718454257,0.0,121.21875354378864,110.00515713205735,1.5693275087731466,0.0,122.18573955279709,110.0299117346664,1.941656792800329,0.0
122.13387016119836,111.21552553088117,0.40753313828066606,0.0,122.31317403046303,111.58569796976869,0.9329885289458988,0.0,121.81769498628798,111.13117035393111,0.8787530718454257,0.0,121.21875354378864,110.00515713205735,1.5693275087731466,0.0
122.75279649610667,111.6094562800204,1.3327201343878443,0.0,122.13387016119836,111.21552553088117,0.40753313828066606,0.0,122.31317403046303,111.58569796976869,0.9329885289458988,0.0,121.81769498628798,111.13117035393111,0.8787530718454257,0.0
123.21833683881246,111.04256290470593,1.1344437730516443,0.0,122.75279649610667,111.6094562800204,1.3327201343878443,0.0,122.13387016119836,111.21552553088117,0.40753313828066606,0.0,122.31317403046303,111.58569796976869,0.9329885289458988,0.0
123.02213781573639,112.08181236344356,0.7248942427852612,0.0,123.21833683881246,111.04256290470593,1.1344437730516443,0.0,122.75279649610667,111.6094562800204,1.3327201343878443,0.0,122.13387016119836,111.21552553088117,0.40753313828066606,0.0
122.56543644598554,112.53102222882274,0.6722555471606632,0.0,123.02213781573639,112.08181236344356,0.7248942427852612,0.0,123.21833683881246,111.04256290470593,1.1344437730516443,0.0,122.75279649610667,111.6094562800204,1.3327201343878443,0.0
121.95803201696556,112.15806387062784,-0.13575870703631765,0.0,122.56543644598554,112.53102222882274,0.6722555471606632,0.0,123.02213781573639,112.08181236344356,0.7248942427852612,0.0,123.21833683881246,111.04256290470593,1.1344437730516443,0.0
121.90631550627737,112.82656705223997,-0.5944139848843799,0.0,121.95803201696556,112.15806387062784,-0.13575870703631765,0.0,122.56543644598554,112.53102222882274,0.6722555471606632,0.0,123.02213781573639,112.08181236344356,0.7248942427852612,0.0
122.1536248489826,113.12614031782786,0.12467576606470876,0.0,121.90631550627737,112.82656705223997,-0.5944139848843799,0.0,121.95803201696556,112.15806387062784,-0.13575870703631765,0.0,122.56543644598554,112.53102222882274,0.6722555471606632,0.0
121.98986942460658,111.41884048118362,-0.22870652663393087,0.0,122.1536248489826,113.12614031782786,0.12467576606470876,0.0,121.90631550627737,112.82656705223997,-0.5944139848843799,0.0,121.95803201696556,112.15806387062784,-0.13575870703631765,0.0
120.92895482378795,111.28380426532604,-0.7064207126481146,0.0,121.98986942460658,111.41884048118362,-0.22870652663393087,0.0,122.1536248489826,113.12614031782786,0.12467576606470876,0.0,121.90631550627737,112.82656705223997,-0.5944139848843799,0.0
121.78667664721274,111.81688318211795,-0.29681019385484864,0.0,120.92895482378795,111.28380426532604,-0.7064207126481146,0.0,121.98986942460658,111.41884048118362,-0.22870652663393087,0.0,122.1536248489826,113.12614031782786,0.12467576606470876,0.0
121.9489125869643,111.51080683456684,0.3554039222476195,0.0,121.78667664721274,111.81688318211795,-0.29681019385484864,0.0,120.92895482378795,111.28380426532604,-0.7064207126481146,0.0,121.98986942460658,111.41884048118362,-0.22870652663393087,0.0
121.77805463968785,111.82526363090344,0.643799793130629,0.0,121.9489125869643,111.51080683456684,0.3554039222476195,0.0,121.78667664721274,111.81688318211795,-0.29681019385484864,0.0,120.92895482378795,111.28380426532604,-0.7064207126481146,0.0
122.27579586794612,111.50454076031639,1.0130636774074113,0.0,121.77805463968785,111.82526363090344,0.643799793130629,0.0,121.9489125869643,111.51080683456684,0.3554039222476195,0.0,121.78667664721274,111.81688318211795,-0.29681019385484864,0.0
122.97676493509518,112.12382115006196,0.43205339764119877,0.0,122.27579586794612,111.50454076031639,1.0130636774074113,0.0,121.77805463968785,111.82526363090344,0.643799793130629,0.0,121.9489125869643,111.51080683456684,0.3554039222476195,0.0
121.367535744595,112.25840837474422,-0.36526261525796283,0.0,122.97676493509518,112.12382115006196,0.43205339764119877,0.0,122.27579586794612,111.50454076031639,1.0130636774074113,0.0,121.77805463968785,111.82526363090344,0.643799793130629,0.0
121.68646573754222,112.49389366189624,0.4584567337713731,0.0,121.367535744595,112.25840837474422,-0.36526261525796283,0.0,122.97676493509518,112.12382115006196,0.43205339764119877,0.0,122.27579586794612,111.50454076031639,1.0130636774074113,0.0
121.08613486458466,110.99426240087908,0.20542546759603061,0.0,121.68646573754222,112.49389366189624,0.4584567337713731,0.0,121.367535744595,112.25840837474422,-0.36526261525796283,0.0,122.97676493509518,112.12382115006196,0.43205339764119877,0.0
121.53987180905617,111.57182672022066,0.038923865849300826,0.0,121.08613486458466,110.99426240087908,0.20542546759603061,0.0,121.68646573754222,112.49389366189624,0.4584567337713731,0.0,121.367535744595,112.25840837474422,-0.36526261525796283,0.0
121.7466780400217,110.98366016821038,0.6952361636039697,0.0,121.53987180905617,111.57182672022066,0.038923865849300826,0.0,121.08613486458466,110.99426240087908,0.20542546759603061,0.0,121.68646573754222,112.49389366189624,0.4584567337713731,0.0
122.16679415057588,110.9682308932351,0.8343039355835058,0.0,121.7466780400217,110.98366016821038,0.6952361636039697,0.0,121.53987180905617,111.57182672022066,0.038923865849300826,0.0,121.08613486458466,110.99426240087908,0.20542546759603061,0.0
121.94716286689956,110.73297292627637,0.8953870345076085,0.0,122.16679415057588,110.9682308932351,0.8343039355835058,0.0,121.7466780400217,110.98366016821038,0.6952361636039697,0.0,121.53987180905617,111.57182672022066,0.038923865849300826,0.0
121.15954287880382,109.23134717612524,1.798810800056629,0.0,121.94716286689956,110.73297292627637,0.8953870345076085,0.0,122.16679415057588,110.9682308932351,0.8343039355835058,0.0,121.7466780400217,110.98366016821038,0.6952361636039697,0.0
121.22685996986634,109.51180475096777,1.1172895248552317,0.0,121.15954287880382,109.23134717612524,1.798810800056629,0.0,121.94716286689956,110.73297292627637,0.8953870345076085,0.0,122.16679415057588,110.9682308932351,0.8343039355835058,0.0
121.63316679346559,111.03489999994744,1.3577516839248038,0.0,121.22685996986634,109.51180475096777,1.1172895248552317,0.0,121.15954287880382,109.23134717612524,1.798810800056629,0.0,121.94716286689956,110.73297292627637,0.8953870345076085,0.0
122.26912337138234,110.90212455455523,1.1147079095883854,0.0,121.63316679346559,111.03489999994744,1.3577516839248038,0.0,121.22685996986634,109.51180475096777,1.1172895248552317,0.0,121.15954287880382,109.23134717612524,1.798810800056629,0.0
121.71080917076968,110.37147752199886,1.0260624671023368,0.0,122.26912337138234,110.90212455455523,1.1147079095883854,0.0,121.63316679346559,111.03489999994744,1.3577516839248038,0.0,121.22685996986634,109.51180475096777,1.1172895248552317,0.0
122.31470733547111,111.34940429162307,1.5850841868881353,0.0,121.71080917076968,110.37147752199886,1.0260624671023368,0.0,122.26912337138234,110.90212455455523,1.1147079095883854,0.0,121.63316679346559,111.03489999994744,1.3577516839248038,0.0
121.96795925687556,111.19740933356147,1.5219852276553203,0.0,122.31470733547111,111.34940429162307,1.5850841868881353,0.0,121.71080917076968,110.37147752199886,1.0260624671023368,0.0,122.26912337138234,110.90212455455523,1.1147079095883854,0.0
122.20121962306503,111.08745446465375,1.4867362216490727,0.0,121.96795925687556,111.19740933356147,1.5219852276553203,0.0,122.31470733547111,111.34940429162307,1.5850841868881353,0.0,121.71080917076968,110.37147752199886,1.0260624671023368,0.0
121.97692601738575,110.58205409266924,1.7256426459741594,0.0,122.20121962306503,111.08745446465375,1.4867362216490727,0.0,121.96795925687556,111.19740933356147,1.5219852276553203,0.0,122.31470733547111,111.34940429162307,1.5850841868881353,0.0
122.14415571614535,110.5694082323862,1.1980377520078849,0.0,121.97692601738575,110.58205409266924,1.7256426459741594,0.0,122.20121962306503,111.08745446465375,1.4867362216490727,0.0,121.96795925687556,111.19740933356147,1.5219852276553203,0.0
122.54556303714855,112.31400706105731,0.5388253679368048,0.0,122.14415571614535,110.5694082323862,1.1980377520078849,0.0,121.97692601738575,110.58205409266924,1.7256426459741594,0.0,122.20121962306503,111.08745446465375,1.4867362216490727,0.0
121.80663567903285,112.32615424083454,-0.09134430266107291,0.0,122.54556303714855,112.31400706105731,0.5388253679368048,0.0,122.14415571614535,110.5694082323862,1.1980377520078849,0.0,121.97692601738575,110.58205409266924,1.7256426459741594,0.0
121.46404958532824,112.82612019049242,-1.0562537368168592,0.0,121.80663567903285,112.32615424083454,-0.09134430266107291,0.0,122.54556303714855,112.31400706105731,0.5388253679368048,0.0,122.14415571614535,110.5694082323862,1.1980377520078849,0.0
121.71508742767936,110.97267068508563,0.1831005755166737,0.0,121.46404958532824,112.82612019049242,-1.0562537368168592,0.0,121.80663567903285,112.32615424083454,-0.09134430266107291,0.0,122.54556303714855,112.31400706105731,0.5388253679368048,0.0
122.90755397228163,113.3061560075407,-0.4051237224475026,0.0,121.71508742767936,110.97267068508563,0.1831005755166737,0.0,121.46404958532824,112.82612019049242,-1.0562537368168592,0.0,121.80663567903285,112.32615424083454,-0.09134430266107291,0.0
122.25545786344803,112.7798091658774,-0.43472578975088816,0.0,122.90755397228163,113.3061560075407,-0.4051237224475026,0.0,121.71508742767936,110.97267068508563,0.1831005755166737,0.0,121.46404958532824,112.82612019049242,-1.0562537368168592,0.0
123.14035593543056,113.68154596652624,-0.4861872817451709,0.0,122.25545786344803,112.7798091658774,-0.43472578975088816,0.0,122.90755397228163,113.3061560075407,-0.4051237224475026,0.0,121.71508742767936,110.97267068508563,0.1831005755166737,0.0
123.8428910330625,113.43210734239082,-0.2352464764915864,0.0,123.14035593543056,113.68154596652624,-0.4861872817451709,0.0,122.25545786344803,112.7798091658774,-0.43472578975088816,0.0,122.90755397228163,113.3061560075407,-0.4051237224475026,0.0
123.35039193255996,113.50530637078518,0.21967142507637927,0.0,123.8428910330625,113.43210734239082,-0.2352464764915864,0.0,123.14035593543056,113.68154596652624,-0.4861872817451709,0.0,122.25545786344803,112.7798091658774,-0.43472578975088816,0.0
122.947070175651,111.68334214593997,0.6059738842409761,0.0,123.35039193255996,113.50530637078518,0.21967142507637927,0.0,123.8428910330625,113.43210734239082,-0.2352464764915864,0.0,123.14035593543056,113.68154596652624,-0.4861872817451709,0.0
122.40623616006374,112.10774762249466,0.19324038810831168,0.0,122.947070175651,111.68334214593997,0.6059738842409761,0.0,123.35039193255996,113.50530637078518,0.21967142507637927,0.0,123.8428910330625,113.43210734239082,-0.2352464764915864,0.0
122.27659881049043,112.28577704788466,0.0710314535934436,0.0,122.40623616006374,112.10774762249466,0.19324038810831168,0.0,122.947070175651,111.68334214593997,0.6059738842409761,0.0,123.35039193255996,113.50530637078518,0.21967142507637927,0.0
121.60985485853988,110.16128947145381,0.1981151381189047,0.0,122.27659881049043,112.28577704788466,0.0710314535934436,0.0,122.40623616006374,112.10774762249466,0.19324038810831168,0.0,122.947070175651,111.68334214593997,0.6059738842409761,0.0
121.64293401742553,112.1366072149215,0.03414654740335023,0.0,121.60985485853988,110.16128947145381,0.1981151381189047,0.0,122.27659881049043,112.28577704788466,0.0710314535934436,0.0,122.40623616006374,112.10774762249466,0.19324038810831168,0.0
122.47189972206982,111.81775257592068,0.8309900259326765,0.0,121.64293401742553,112.1366072149215,0.03414654740335023,0.0,121.60985485853988,110.16128947145381,0.1981151381189047,0.0,122.27659881049043,112.28577704788466,0.0710314535934436,0.0
122.08255280025396,111.78848892327068,0.9102794965652669,0.0,122.47189972206982,111.81775257592068,0.8309900259326765,0.0,121.64293401742553,112.1366072149215,0.03414654740335023,0.0,121.60985485853988,110.16128947145381,0.1981151381189047,0.0
122.02311882093896,110.45122534539377,1.0956624902771224,0.0,122.08255280025396,111.78848892327068,0.9102794965652669,0.0,122.47189972206982,111.81775257592068,0.8309900259326765,0.0,121.64293401742553,112.1366072149215,0.03414654740335023,0.0
121.30528864217773,109.2527235487965,1.2079706265554042,0.0,122.02311882093896,110.45122534539377,1.0956624902771224,0.0,122.08255280025396,111.78848892327068,0.9102794965652669,0.0,122.47189972206982,111.81775257592068,0.8309900259326765,0.0
121.76253876080206,109.37446394011278,1.5531134299869858,0.0,121.30528864217773,109.2527235487965,1.2079706265554042,0.0,122.02311882093896,110.45122534539377,1.0956624902771224,0.0,122.08255280025396,111.78848892327068,0.9102794965652669,0.0
122.03763871058386,110.09266281066942,1.333001523341442,0.0,121.76253876080206,109.37446394011278,1.5531134299869858,0.0,121.30528864217773,109.2527235487965,1.2079706265554042,0.0,122.02311882093896,110.45122534539377,1.0956624902771224,0.0
122.07421037989509,111.75503536909781,0.41798524469523046,0.0,122.03763871058386,110.09266281066942,1.333001523341442,0.0,121.76253876080206,109.37446394011278,1.5531134299869858,0.0,121.30528864217773,109.2527235487965,1.2079706265554042,0.0
121.97003367899941,111.6184219961118,0.5342321716325051,0.0,122.07421037989509,111.75503536909781,0.41798524469523046,0.0,122.03763871058386,110.09266281066942,1.333001523341442,0.0,121.76253876080206,109.37446394011278,1.5531134299869858,0.0
121.8028134324014,112.53669102823832,0.10170729041008963,0.0,121.97003367899941,111.6184219961118,0.5342321716325051,0.0,122.07421037989509,111.75503536909781,0.41798524469523046,0.0,122.03763871058386,110.09266281066942,1.333001523341442,0.0
122.12852435783205,111.29353009878795,-0.18294250854680671,0.0,121.8028134324014,112.53669102823832,0.10170729041008963,0.0,121.97003367899941,111.6184219961118,0.5342321716325051,0.0,122.07421037989509,111.75503536909781,0.41798524469523046,0.0
122.1023590833829,111.72104204176858,0.14682800254010125,0.0,122.12852435783205,111.29353009878795,-0.18294250854680671,0.0,121.8028134324014,112.53669102823832,0.10170729041008963,0.0,121.97003367899941,111.6184219961118,0.5342321716325051,0.0
122.25133759690448,111.76071211159032,0.7366039377488989,0.0,122.1023590833829,111.72104204176858,0.14682800254010125,0.0,122.12852435783205,111.29353009878795,-0.18294250854680671,0.0,121.8028134324014,112.53669102823832,0.10170729041008963,0.0
122.35405605276561,111.09010866970499,0.59991893856715,0.0,122.25133759690448,111.76071211159032,0.7366039377488989,0.0,122.1023590833829,111.72104204176858,0.14682800254010125,0.0,122.12852435783205,111.29353009878795,-0.18294250854680671,0.0
122.81176852923717,112.66379913046396,0.6343516571532019,0.0,122.35405605276561,111.09010866970499,0.59991893856715,0.0,122.25133759690448,111.76071211159032,0.7366039377488989,0.0,122.1023590833829,111.72104204176858,0.14682800254010125,0.0
123.01524463127129,111.45334481611977,1.3585887980401805,0.0,122.81176852923717,112.66379913046396,0.6343516571532019,0.0,122.35405605276561,111.09010866970499,0.59991893856715,0.0,122.25133759690448,111.76071211159032,0.7366039377488989,0.0
122.91873645680352,111.79780339577246,1.2072476281764286,0.0,123.01524463127129,111.45334481611977,1.3585887980401805,0.0,122.81176852923717,112.66379913046396,0.6343516571532019,0.0,122.35405605276561,111.09010866970499,0.59991893856715,0.0
123.54618961166429,110.96021138209278,2.2666396596313403,0.0,122.91873645680352,111.79780339577246,1.2072476281764286,0.0,123.01524463127129,111.45334481611977,1.3585887980401805,0.0,122.81176852923717,112.66379913046396,0.6343516571532019,0.0
123.47647613610106,111.41219635517325,2.0960665505208445,0.0,123.54618961166429,110.96021138209278,2.2666396596313403,0.0,122.91873645680352,111.79780339577246,1.2072476281764286,0.0,123.01524463127129,111.45334481611977,1.3585887980401805,0.0
123.74972633241926,113.67871841713611,0.7964718608387668,0.0,123.47647613610106,111.41219635517325,2.0960665505208445,0.0,123.54618961166429,110.96021138209278,2.2666396596313403,0.0,122.91873645680352,111.79780339577246,1.2072476281764286,0.0
123.67222304229203,112.62058655673371,1.0138482992232798,0.0,123.74972633241926,113.67871841713611,0.7964718608387668,0.0,123.47647613610106,111.41219635517325,2.0960665505208445,0.0,123.54618961166429,110.96021138209278,2.2666396596313403,0.0
122.46964132333879,110.94355142058109,1.0016578318200127,0.0,123.67222304229203,112.62058655673371,1.0138482992232798,0.0,123.74972633241926,113.67871841713611,0.7964718608387668,0.0,123.47647613610106,111.41219635517325,2.0960665505208445,0.0
123.04734301172306,111.61574857215268,1.4462026424973828,0.0,122.46964132333879,110.94355142058109,1.0016578318200127,0.0,123.67222304229203,112.62058655673371,1.0138482992232798,0.0,123.74972633241926,113.67871841713611,0.7964718608387668,0.0
122.95192195006777,111.07081159964034,1.4935527896328855,0.0,123.04734301172306,111.61574857215268,1.4462026424973828,0.0,122.46964132333879,110.94355142058109,1.0016578318200127,0.0,123.67222304229203,112.62058655673371,1.0138482992232798,0.0
122.72924061852162,112.12639112164425,1.1256142397144215,0.0,122.95192195006777,111.07081159964034,1.4935527896328855,0.0,123.04734301172306,111.61574857215268,1.4462026424973828,0.0,122.46964132333879,110.94355142058109,1.0016578318200127,0.0
122.70269263086827,112.42748075387632,0.2883422736268544,0.0,122.72924061852162,112.12639112164425,1.1256142397144215,0.0,122.95192195006777,111.07081159964034,1.4935527896328855,0.0,123.04734301172306,111.61574857215268,1.4462026424973828,0.0
122.36224559223982,112.54833862952563,0.1261621902584709,0.0,122.70269263086827,112.42748075387632,0.2883422736268544,0.0,122.72924061852162,112.12639112164425,1.1256142397144215,0.0,122.95192195006777,111.07081159964034,1.4935527896328855,0.0
122.38644657261338,112.33728662745892,-0.32433047489787337,0.0,122.36224559223982,112.54833862952563,0.1261621902584709,0.0,122.70269263086827,112.42748075387632,0.2883422736268544,0.0,122.72924061852162,112.12639112164425,1.1256142397144215,0.0
121.98716210355684,112.5211424272465,-0.5497261048206601,0.0,122.38644657261338,112.33728662745892,-0.32433047489787337,0.0,122.36224559223982,112.54833862952563,0.1261621902584709,0.0,122.70269263086827,112.42748075387632,0.2883422736268544,0.0
122.60651720956072,112.40697205303863,-0.14549168164622328,0.0,121.98716210355684,112.5211424272465,-0.5497261048206601,0.0,122.38644657261338,112.33728662745892,-0.32433047489787337,0.0,122.36224559223982,112.54833862952563,0.1261621902584709,0.0
122.46813373031898,111.20571961038135,0.7185589068587245,0.0,122.60651720956072,112.40697205303863,-0.14549168164622328,0.0,121.98716210355684,112.5211424272465,-0.5497261048206601,0.0,122.38644657261338,112.33728662745892,-0.32433047489787337,0.0
122.22772825884945,111.10973608089029,0.7721828903984701,0.0,122.46813373031898,111.20571961038135,0.7185589068587245,0.0,122.60651720956072,112.40697205303863,-0.14549168164622328,0.0,121.98716210355684,112.5211424272465,-0.5497261048206601,0.0
121.74051228489746,111.58414828644942,0.019804781301183905,0.0,122.22772825884945,111.10973608089029,0.7721828903984701,0.0,122.46813373031898,111.20571961038135,0.7185589068587245,0.0,122.60651720956072,112.40697205303863,-0.14549168164622328,0.0
121.91785683236863,112.1788178024733,0.23814515915101747,0.0,121.74051228489746,111.58414828644942,0.019804781301183905,0.0,122.22772825884945,111.10973608089029,0.7721828903984701,0.0,122.46813373031898,111.20571961038135,0.7185589068587245,0.0
122.06401043497425,111.27657161966411,0.7888318706436396,0.0,121.91785683236863,112.1788178024733,0.23814515915101747,0.0,121.74051228489746,111.58414828644942,0.019804781301183905,0.0,122.22772825884945,111.10973608089029,0.7721828903984701,0.0
122.2365734257005,112.1769445823532,0.3261740443552206,0.0,122.06401043497425,111.27657161966411,0.7888318706436396,0.0,121.91785683236863,112.1788178024733,0.23814515915101747,0.0,121.74051228489746,111.58414828644942,0.019804781301183905,0.0
121.69212164809298,111.67022297429736,0.19393065214771768,0.0,122.2365734257005,112.1769445823532,0.3261740443552206,0.0,122.06401043497425,111.27657161966411,0.7888318706436396,0.0,121.91785683236863,112.1788178024733,0.23814515915101747,0.0
121.00177885357523,111.02655730986757,0.1624886190827727,0.0,121.69212164809298,111.67022297429736,0.19393065214771768,0.0,122.2365734257005,112.1769445823532,0.3261740443552206,0.0,122.06401043497425,111.27657161966411,0.7888318706436396,0.0
121.50152160160017,112.25394265026617,-0.2624582612749018,0.0,121.00177885357523,111.02655730986757,0.1624886190827727,0.0,121.69212164809298,111.67022297429736,0.19393065214771768,0.0,122.2365734257005,112.1769445823532,0.3261740443552206,0.0
122.28601278846205,113.15050847512705,0.11417360790200806,0.0,121.50152160160017,112.25394265026617,-0.2624582612749018,0.0,121.00177885357523,111.02655730986757,0.1624886190827727,0.0,121.69212164809298,111.67022297429736,0.19393065214771768,0.0
121.71473627044513,112.01794298259134,0.030864812017715675,0.0,122.28601278846205,113.15050847512705,0.11417360790200806,0.0,121.50152160160017,112.25394265026617,-0.2624582612749018,0.0,121.00177885357523,111.02655730986757,0.1624886190827727,0.0
122.555301950489,112.22415415295922,0.23445807156768642,0.0,121.71473627044513,112.01794298259134,0.030864812017715675,0.0,122.28601278846205,113.15050847512705,0.11417360790200806,0.0,121.50152160160017,112.25394265026617,-0.2624582612749018,0.0
122.51398445908698,113.44425261344767,-0.25617963164690094,0.0,122.555301950489,112.22415415295922,0.23445807156768642,0.0,121.71473627044513,112.01794298259134,0.030864812017715675,0.0,122.28601278846205,113.15050847512705,0.11417360790200806,0.0
122.36844240774477,112.78427414498819,-0.42367285547922595,0.0,122.51398445908698,113.44425261344767,-0.25617963164690094,0.0,122.555301950489,112.22415415295922,0.23445807156768642,0.0,121.71473627044513,112.01794298259134,0.030864812017715675,0.0
122.13771324595926,111.16532663927327,0.02225239453050487,0.0,122.36844240774477,112.78427414498819,-0.42367285547922595,0.0,122.51398445908698,113.44425261344767,-0.25617963164690094,0.0,122.555301950489,112.22415415295922,0.23445807156768642,0.0
121.46195930277632,111.11904568557168,-0.1686146604214796,0.0,122.13771324595926,111.16532663927327,0.02225239453050487,0.0,122.36844240774477,112.78427414498819,-0.42367285547922595,0.0,122.51398445908698,113.44425261344767,-0.25617963164690094,0.0
122.13423785502415,110.58387690318438,0.7285901972795189,0.0,121.46195930277632,111.11904568557168,-0.1686146604214796,0.0,122.13771324595926,111.16532663927327,0.02225239453050487,0.0,122.36844240774477,112.78427414498819,-0.42367285547922595,0.0
121.76049333664253,111.18187533315987,0.38305406501631395,0.0,122.13423785502415,110.58387690318438,0.7285901972795189,0.0,121.46195930277632,111.11904568557168,-0.1686146604214796,0.0,122.13771324595926,111.16532663927327,0.02225239453050487,0.0
121.49392224548984,110.49138171910764,0.41878561488899413,0.0,121.76049333664253,111.18187533315987,0.38305406501631395,0.0,122.13423785502415,110.58387690318438,0.7285901972795189,0.0,121.46195930277632,111.11904568557168,-0.1686146604214796,0.0
122.10768383663434,111.66834229402048,0.8013239078477403,0.0,121.49392224548984,110.49138171910764,0.41878561488899413,0.0,121.76049333664253,111.18187533315987,0.38305406501631395,0.0,122.13423785502415,110.58387690318438,0.7285901972795189,0.0
121.16680062122539,111.55709449492471,-0.06812374018832357,0.0,122.10768383663434,111.66834229402048,0.8013239078477403,0.0,121.49392224548984,110.49138171910764,0.41878561488899413,0.0,121.76049333664253,111.18187533315987,0.38305406501631395,0.0
120.52992182531976,112.83439532652957,-0.9349033981410468,0.0,121.16680062122539,111.55709449492471,-0.06812374018832357,0.0,122.10768383663434,111.66834229402048,0.8013239078477403,0.0,121.49392224548984,110.49138171910764,0.41878561488899413,0.0
120.82760612529803,111.74528426407474,-1.510750875797885,0.0,120.52992182531976,112.83439532652957,-0.9349033981410468,0.0,121.16680062122539,111.55709449492471,-0.06812374018832357,0.0,122.10768383663434,111.66834229402048,0.8013239078477403,0.0
121.25559026837153,111.06273692738634,-0.5773086489247169,0.0,120.82760612529803,111.74528426407474,-1.510750875797885,0.0,120.52992182531976,112.83439532652957,-0.9349033981410468,0.0,121.16680062122539,111.55709449492471,-0.06812374018832357,0.0
121.61535362661306,112.6297182413727,-0.737775992085997,0.0,121.25559026837153,111.06273692738634,-0.5773086489247169,0.0,120.82760612529803,111.74528426407474,-1.510750875797885,0.0,120.52992182531976,112.83439532652957,-0.9349033981410468,0.0
121.58997981370538,111.02807681773865,0.6888788491653285,0.0,121.61535362661306,112.6297182413727,-0.737775992085997,0.0,121.25559026837153,111.06273692738634,-0.5773086489247169,0.0,120.82760612529803,111.74528426407474,-1.510750875797885,0.0
122.8874010442315,112.9953528210734,0.26897928000356847,0.0,121.58997981370538,111.02807681773865,0.6888788491653285,0.0,121.61535362661306,112.6297182413727,-0.737775992085997,0.0,121.25559026837153,111.06273692738634,-0.5773086489247169,0.0
122.59134652244693,112.09256067110681,0.30745907560137326,0.0,122.8874010442315,112.9953528210734,0.26897928000356847,0.0,121.58997981370538,111.02807681773865,0.6888788491653285,0.0,121.61535362661306,112.6297182413727,-0.737775992085997,0.0
122.41586530226382,110.83637679284718,1.0170222367650363,0.0,122.59134652244693,112.09256067110681,0.30745907560137326,0.0,122.8874010442315,112.9953528210734,0.26897928000356847,0.0,121.58997981370538,111.02807681773865,0.6888788491653285,0.0
121.9823455426016,111.03706729605057,1.8166642334915906,0.0,122.41586530226382,110.83637679284718,1.0170222367650363,0.0,122.59134652244693,112.09256067110681,0.30745907560137326,0.0,122.8874010442315,112.9953528210734,0.26897928000356847,0.0
122.17359044225091,109.48478800181832,2.484083175111471,0.0,121.9823455426016,111.03706729605057,1.8166642334915906,0.0,122.41586530226382,110.83637679284718,1.0170222367650363,0.0,122.59134652244693,112.09256067110681,0.30745907560137326,0.0
122.54191300790517,110.08879923837901,2.5914496553857482,0.0,122.17359044225091,109.48478800181832,2.484083175111471,0.0,121.9823455426016,111.03706729605057,1.8166642334915906,0.0,122.41586530226382,110.83637679284718,1.0170222367650363,0.0
123.11182270738166,110.469934524184,2.58519098721433,0.0,122.54191300790517,110.08879923837901,2.5914496553857482,0.0,122.17359044225091,109.48478800181832,2.484083175111471,0.0,121.9823455426016,111.03706729605057,1.8166642334915906,0.0
122.26143971137684,109.66752644616761,2.3644162643720557,0.0,123.11182270738166,110.469934524184,2.58519098721433,0.0,122.54191300790517,110.08879923837901,2.5914496553857482,0.0,122.17359044225091,109.48478800181832,2.484083175111471,0.0
122.18617592041272,109.99956359021814,2.2807135495809634,0.0,122.26143971137684,109.66752644616761,2.3644162643720557,0.0,123.11182270738166,110.469934524184,2.58519098721433,0.0,122.54191300790517,110.08879923837901,2.5914496553857482,0.0
122.42585882807109,110.92867427327346,1.5489779815005043,0.0,122.18617592041272,109.99956359021814,2.2807135495809634,0.0,122.26143971137684,109.66752644616761,2.3644162643720557,0.0,123.11182270738166,110.469934524184,2.58519098721433,0.0
122.63845056927595,111.91530520956402,0.83008294348925,0.0,122.42585882807109,110.92867427327346,1.5489779815005043,0.0,122.18617592041272,109.99956359021814,2.2807135495809634,0.0,122.26143971137684,109.66752644616761,2.3644162643720557,0.0
122.54420156730667,111.39666434032662,0.6623791260859241,0.0,122.63845056927595,111.91530520956402,0.83008294348925,0.0,122.42585882807109,110.92867427327346,1.5489779815005043,0.0,122.18617592041272,109.99956359021814,2.2807135495809634,0.0
122.70407884485228,112.04988787518224,0.4448109896062751,0.0,122.54420156730667,111.39666434032662,0.6623791260859241,0.0,122.63845056927595,111.91530520956402,0.83008294348925,0.0,122.42585882807109,110.92867427327346,1.5489779815005043,0.0
122.16262614877472,111.92309961288464,0.1292347670213825,0.0,122.70407884485228,112.04988787518224,0.4448109896062751,0.0,122.54420156730667,111.39666434032662,0.6623791260859241,0.0,122.63845056927595,111.91530520956402,0.83008294348925,0.0
122.85700849430374,113.04090281750442,0.4515815373454637,0.0,122.16262614877472,111.92309961288464,0.1292347670213825,0.0,122.70407884485228,112.04988787518224,0.4448109896062751,0.0,122.54420156730667,111.39666434032662,0.6623791260859241,0.0
123.15657356672428,112.50694560416926,0.8389178341616264,0.0,122.85700849430374,113.04090281750442,0.4515815373454637,0.0,122.16262614877472,111.92309961288464,0.1292347670213825,0.0,122.70407884485228,112.04988787518224,0.4448109896062751,0.0
122.29621768988484,111.13154539924,0.7153377104752249,0.0,123.15657356672428,112.50694560416926,0.8389178341616264,0.0,122.85700849430374,113.04090281750442,0.4515815373454637,0.0,122.16262614877472,111.92309961288464,0.1292347670213825,0.0
121.77706362154571,110.44718012607595,1.311035208907811,0.0,122.29621768988484,111.13154539924,0.7153377104752249,0.0,123.15657356672428,112.50694560416926,0.8389178341616264,0.0,122.85700849430374,113.04090281750442,0.4515815373454637,0.0
121.37007379945315,110.56232445459912,0.4779836100594964,0.0,121.77706362154571,110.44718012607595,1.311035208907811,0.0,122.29621768988484,111.13154539924,0.7153377104752249,0.0,123.15657356672428,112.50694560416926,0.8389178341616264,0.0
121.89855683613274,110.7297437775612,0.2855571584077381,0.0,121.37007379945315,110.56232445459912,0.4779836100594964,0.0,121.77706362154571,110.44718012607595,1.311035208907811,0.0,122.29621768988484,111.13154539924,0.7153377104752249,0.0
121.32947472928468,110.94013712825549,-0.12996543357521198,0.0,121.89855683613274,110.7297437775612,0.2855571584077381,0.0,121.37007379945315,110.56232445459912,0.4779836100594964,0.0,121.77706362154571,110.44718012607595,1.311035208907811,0.0
121.28431861142512,112.27498009797196,-1.0372406553966995,0.0,121.32947472928468,110.94013712825549,-0.12996543357521198,0.0,121.89855683613274,110.7297437775612,0.2855571584077381,0.0,121.37007379945315,110.56232445459912,0.4779836100594964,0.0
121.61759591879206,112.74422337112864,-0.8711328672387092,0.0,121.28431861142512,112.27498009797196,-1.0372406553966995,0.0,121.32947472928468,110.94013712825549,-0.12996543357521198,0.0,121.89855683613274,110.7297437775612,0.2855571584077381,0.0
121.58025335758087,113.6148082035914,-0.7577800479826091,0.0,121.61759591879206,112.74422337112864,-0.8711328672387092,0.0,121.28431861142512,112.27498009797196,-1.0372406553966995,0.0,121.32947472928468,110.94013712825549,-0.12996543357521198,0.0
121.80663034525809,111.74032197325957,0.1505008332349782,0.0,121.58025335758087,113.6148082035914,-0.7577800479826091,0.0,121.61759591879206,112.74422337112864,-0.8711328672387092,0.0,121.28431861142512,112.27498009797196,-1.0372406553966995,0.0
121.35813612721898,111.08533586626203,0.4358065088653713,0.0,121.80663034525809,111.74032197325957,0.1505008332349782,0.0,121.58025335758087,113.6148082035914,-0.7577800479826091,0.0,121.61759591879206,112.74422337112864,-0.8711328672387092,0.0
121.79573603150484,111.76400113937945,-0.1634482050723054,0.0,121.35813612721898,111.08533586626203,0.4358065088653713,0.0,121.80663034525809,111.74032197325957,0.1505008332349782,0.0,121.58025335758087,113.6148082035914,-0.7577800479826091,0.0
121.58661869928284,110.86728359366097,0.7962877191092498,0.0,121.79573603150484,111.76400113937945,-0.1634482050723054,0.0,121.35813612721898,111.08533586626203,0.4358065088653713,0.0,121.80663034525809,111.74032197325957,0.1505008332349782,0.0
121.58224080656561,110.49488631323393,1.2475470230500765,0.0,121.58661869928284,110.86728359366097,0.7962877191092498,0.0,121.79573603150484,111.76400113937945,-0.1634482050723054,0.0,121.35813612721898,111.08533586626203,0.4358065088653713,0.0
121.81393129471573,111.41454428979495,1.2890864701743692,0.0,121.58224080656561,110.49488631323393,1.2475470230500765,0.0,121.58661869928284,110.86728359366097,0.7962877191092498,0.0,121.79573603150484,111.76400113937945,-0.1634482050723054,0.0
121.92865362585236,111.48061041371278,0.9180271267145794,0.0,121.81393129471573,111.41454428979495,1.2890864701743692,0.0,121.58224080656561,110.49488631323393,1.2475470230500765,0.0,121.58661869928284,110.86728359366097,0.7962877191092498,0.0
121.98053741939067,111.48750981598047,0.25470208300992375,0.0,121.92865362585236,111.48061041371278,0.9180271267145794,0.0,121.81393129471573,111.41454428979495,1.2890864701743692,0.0,121.58224080656561,110.49488631323393,1.2475470230500765,0.0
121.66942583735343,110.79381374341472,0.017658278372412517,0.0,121.98053741939067,111.48750981598047,0.25470208300992375,0.0,121.92865362585236,111.48061041371278,0.9180271267145794,0.0,121.81393129471573,111.41454428979495,1.2890864701743692,0.0
121.62976464411143,111.12002640343425,0.558500932550023,0.0,121.66942583735343,110.79381374341472,0.017658278372412517,0.0,121.98053741939067,111.48750981598047,0.25470208300992375,0.0,121.92865362585236,111.48061041371278,0.9180271267145794,0.0
121.79290807856894,110.23990864277457,1.389093899007323,0.0,121.62976464411143,111.12002640343425,0.558500932550023,0.0,121.66942583735343,110.79381374341472,0.017658278372412517,0.0,121.98053741939067,111.48750981598047,0.25470208300992375,0.0
121.29975299463098,108.94061703281264,1.8828968833419528,0.0,121.79290807856894,110.23990864277457,1.389093899007323,0.0,121.62976464411143,111.12002640343425,0.558500932550023,0.0,121.66942583735343,110.79381374341472,0.017658278372412517,0.0
121.28700781326867,110.43056198558838,1.2618927957804253,0.0,121.29975299463098,108.94061703281264,1.8828968833419528,0.0,121.79290807856894,110.23990864277457,1.389093899007323,0.0,121.62976464411143,111.12002640343425,0.558500932550023,0.0
121.67152554020238,111.03841299857984,0.44970551997983477,0.0,121.28700781326867,110.43056198558838,1.2618927957804253,0.0,121.29975299463098,108.94061703281264,1.8828968833419528,0.0,121.79290807856894,110.23990864277457,1.389093899007323,0.0
121.14428595671706,111.0843234704437,0.43020753943946977,0.0,121.67152554020238,111.03841299857984,0.44970551997983477,0.0,121.28700781326867,110.43056198558838,1.2618927957804253,0.0,121.29975299463098,108.94061703281264,1.8828968833419528,0.0
121.89365478054434,112.00129621252867,-0.5400536512298499,0.0,121.14428595671706,111.0843234704437,0.43020753943946977,0.0,121.67152554020238,111.03841299857984,0.44970551997983477,0.0,121.28700781326867,110.43056198558838,1.2618927957804253,0.0
122.51427864641867,112.70903618633429,-0.2704590638914892,0.0,121.89365478054434,112.00129621252867,-0.5400536512298499,0.0,121.14428595671706,111.0843234704437,0.43020753943946977,0.0,121.67152554020238,111.03841299857984,0.44970551997983477,0.0
121.79219094980125,111.93313358707303,-0.2901685442625257,0.0,122.51427864641867,112.70903618633429,-0.2704590638914892,0.0,121.89365478054434,112.00129621252867,-0.5400536512298499,0.0,121.14428595671706,111.0843234704437,0.43020753943946977,0.0
122.44737138772706,113.3038237727805,-0.46515308634414165,0.0,121.79219094980125,111.93313358707303,-0.2901685442625257,0.0,122.51427864641867,112.70903618633429,-0.2704590638914892,0.0,121.89365478054434,112.00129621252867,-0.5400536512298499,0.0
122.23362707112422,113.0495848940275,-1.1694740027087112,0.0,122.44737138772706,113.3038237727805,-0.46515308634414165,0.0,121.79219094980125,111.93313358707303,-0.2901685442625257,0.0,122.51427864641867,112.70903618633429,-0.2704590638914892,0.0
122.39460743053768,112.03103011880432,-0.6787791488821107,0.0,122.23362707112422,113.0495848940275,-1.1694740027087112,0.0,122.44737138772706,113.3038237727805,-0.46515308634414165,0.0,121.79219094980125,111.93313358707303,-0.2901685442625257,0.0
122.00161327526999,113.31494286192074,-0.8093737389366442,0.0,122.39460743053768,112.03103011880432,-0.6787791488821107,0.0,122.23362707112422,113.0495848940275,-1.1694740027087112,0.0,122.44737138772706,113.3038237727805,-0.46515308634414165,0.0
122.37399636970282,113.77633328253103,-1.2324574090044593,0.0,122.00161327526999,113.31494286192074,-0.8093737389366442,0.0,122.39460743053768,112.03103011880432,-0.6787791488821107,0.0,122.23362707112422,113.0495848940275,-1.1694740027087112,0.0
122.36850422890342,114.67479752566373,-2.422097033844392,0.0,122.37399636970282,113.77633328253103,-1.2324574090044593,0.0,122.00161327526999,113.31494286192074,-0.8093737389366442,0.0,122.39460743053768,112.03103011880432,-0.6787791488821107,0.0
121.81887157727981,113.37710355088271,-1.951435079600832,0.0,122.36850422890342,114.67479752566373,-2.422097033844392,0.0,122.37399636970282,113.77633328253103,-1.2324574090044593,0.0,122.00161327526999,113.31494286192074,-0.8093737389366442,0.0
121.26167284899208,112.21646825698258,-0.6750222653457936,0.0,121.81887157727981,113.37710355088271,-1.951435079600832,0.0,122.36850422890342,114.67479752566373,-2.422097033844392,0.0,122.37399636970282,113.77633328253103,-1.2324574090044593,0.0
120.68846847055748,111.81437182063155,0.29061179499730005,0.0,121.26167284899208,112.21646825698258,-0.6750222653457936,0.0,121.81887157727981,113.37710355088271,-1.951435079600832,0.0,122.36850422890342,114.67479752566373,-2.422097033844392,0.0
121.12278330228733,110.43924724750062,0.003941307704704133,0.0,120.68846847055748,111.81437182063155,0.29061179499730005,0.0,121.26167284899208,112.21646825698258,-0.6750222653457936,0.0,121.81887157727981,113.37710355088271,-1.951435079600832,0.0
121.60816890619854,111.5258688304236,-0.29795298401712694,0.0,121.12278330228733,110.43924724750062,0.003941307704704133,0.0,120.68846847055748,111.81437182063155,0.29061179499730005,0.0,121.26167284899208,112.21646825698258,-0.6750222653457936,0.0
121.96975763155008,112.84520665596958,-0.003975259176189683,0.0,121.60816890619854,111.5258688304236,-0.29795298401712694,0.0,121.12278330228733,110.43924724750062,0.003941307704704133,0.0,120.68846847055748,111.81437182063155,0.29061179499730005,0.0
121.88238827790013,112.688545600725,-0.5023729269350975,0.0,121.96975763155008,112.84520665596958,-0.003975259176189683,0.0,121.60816890619854,111.5258688304236,-0.29795298401712694,0.0,121.12278330228733,110.43924724750062,0.003941307704704133,0.0
121.38482555775637,110.85173673463109,-0.25100239163834503,0.0,121.88238827790013,112.688545600725,-0.5023729269350975,0.0,121.96975763155008,112.84520665596958,-0.003975259176189683,0.0,121.60816890619854,111.5258688304236,-0.29795298401712694,0.0
121.2496474942369,110.34351105912629,0.1822382258816691,0.0,121.38482555775637,110.85173673463109,-0.25100239163834503,0.0,121.88238827790013,112.688545600725,-0.5023729269350975,0.0,121.96975763155008,112.84520665596958,-0.003975259176189683,0.0
122.03554397625699,110.80696677227002,0.7592571926474891,0.0,121.2496474942369,110.34351105912629,0.1822382258816691,0.0,121.38482555775637,110.85173673463109,-0.25100239163834503,0.0,121.88238827790013,112.688545600725,-0.5023729269350975,0.0
121.81865192728615,111.34937942838809,0.5573287158780149,0.0,122.03554397625699,110.80696677227002,0.7592571926474891,0.0,121.2496474942369,110.34351105912629,0.1822382258816691,0.0,121.38482555775637,110.85173673463109,-0.25100239163834503,0.0
121.94848223573398,111.5629624287138,0.344026097613929,0.0,121.81865192728615,111.34937942838809,0.5573287158780149,0.0,122.03554397625699,110.80696677227002,0.7592571926474891,0.0,121.2496474942369,110.34351105912629,0.1822382258816691,0.0
121.43761798181642,111.66685129966663,-0.16377041528713732,0.0,121.94848223573398,111.5629624287138,0.344026097613929,0.0,121.81865192728615,111.34937942838809,0.5573287158780149,0.0,122.03554397625699,110.80696677227002,0.7592571926474891,0.0
121.73273245457324,111.71306907218843,-0.5444565092496398,0.0,121.43761798181642,111.66685129966663,-0.16377041528713732,0.0,121.94848223573398,111.5629624287138,0.344026097613929,0.0,121.81865192728615,111.34937942838809,0.5573287158780149,0.0
121.53143560951347,112.51816146611154,-0.5488046533504752,0.0,121.73273245457324,111.71306907218843,-0.5444565092496398,0.0,121.43761798181642,111.66685129966663,-0.16377041528713732,0.0,121.94848223573398,111.5629624287138,0.344026097613929,0.0
122.11008743301232,112.76834822972674,-0.2553609692722912,0.0,121.53143560951347,112.51816146611154,-0.5488046533504752,0.0,121.73273245457324,111.71306907218843,-0.5444565092496398,0.0,121.43761798181642,111.66685129966663,-0.16377041528713732,0.0
122.48831508673248,111.7306742556157,0.25250353769879175,0.0,122.11008743301232,112.76834822972674,-0.2553609692722912,0.0,121.53143560951347,112.51816146611154,-0.5488046533504752,0.0,121.73273245457324,111.71306907218843,-0.5444565092496398,0.0
122.12543878804922,112.34720616098613,-0.199586645181139,0.0,122.48831508673248,111.7306742556157,0.25250353769879175,0.0,122.11008743301232,112.76834822972674,-0.2553609692722912,0.0,121.53143560951347,112.51816146611154,-0.5488046533504752,0.0
122.09601376101774,110.820105114956,0.5866749683348497,0.0,122.12543878804922,112.34720616098613,-0.199586645181139,0.0,122.48831508673248,111.7306742556157,0.25250353769879175,0.0,122.11008743301232,112.76834822972674,-0.2553609692722912,0.0
121.81062284983494,111.81260077917864,0.3337781741465954,0.0,122.09601376101774,110.820105114956,0.5866749683348497,0.0,122.12543878804922,112.34720616098613,-0.199586645181139,0.0,122.48831508673248,111.7306742556157,0.25250353769879175,0.0
121.1906944449468,110.96174473297316,0.2563388921430582,0.0,121.81062284983494,111.81260077917864,0.3337781741465954,0.0,122.09601376101774,110.820105114956,0.5866749683348497,0.0,122.12543878804922,112.34720616098613,-0.199586645181139,0.0
120.94509264787597,111.57483386615738,-0.1685347258594651,0.0,121.1906944449468,110.96174473297316,0.2563388921430582,0.0,121.81062284983494,111.81260077917864,0.3337781741465954,0.0,122.09601376101774,110.820105114956,0.5866749683348497,0.0
121.22668519395768,112.56995176406997,-1.346947910824043,0.0,120.94509264787597,111.57483386615738,-0.1685347258594651,0.0,121.1906944449468,110.96174473297316,0.2563388921430582,0.0,121.81062284983494,111.81260077917864,0.3337781741465954,0.0
121.50022614222098,112.87503524119907,-0.6355356304787096,0.0,121.22668519395768,112.56995176406997,-1.346947910824043,0.0,120.94509264787597,111.57483386615738,-0.1685347258594651,0.0,121.1906944449468,110.96174473297316,0.2563388921430582,0.0
121.6716797164356,112.05550298274986,-0.14000655583675103,0.0,121.50022614222098,112.87503524119907,-0.6355356304787096,0.0,121.22668519395768,112.56995176406997,-1.346947910824043,0.0,120.94509264787597,111.57483386615738,-0.1685347258594651,0.0
121.5599404270329,112.53073638272548,-0.25266902322850754,0.0,121.6716797164356,112.05550298274986,-0.14000655583675103,0.0,121.50022614222098,112.87503524119907,-0.6355356304787096,0.0,121.22668519395768,112.56995176406997,-1.346947910824043,0.0
122.11752545935056,111.93920370272528,-0.16863985997037007,0.0,121.5599404270329,112.53073638272548,-0.25266902322850754,0.0,121.6716797164356,112.05550298274986,-0.14000655583675103,0.0,121.50022614222098,112.87503524119907,-0.6355356304787096,0.0
122.14272279933209,111.66137040857652,0.12305772087575367,0.0,122.11752545935056,111.93920370272528,-0.16863985997037007,0.0,121.5599404270329,112.53073638272548,-0.25266902322850754,0.0,121.6716797164356,112.05550298274986,-0.14000655583675103,0.0
122.3699116644423,113.91786978142713,-0.6828267517426684,0.0,122.14272279933209,111.66137040857652,0.12305772087575367,0.0,122.11752545935056,111.93920370272528,-0.16863985997037007,0.0,121.5599404270329,112.53073638272548,-0.25266902322850754,0.0
121.43033287817784,111.57417774549486,-0.810787740067282,0.0,122.3699116644423,113.91786978142713,-0.6828267517426684,0.0,122.14272279933209,111.66137040857652,0.12305772087575367,0.0,122.11752545935056,111.93920370272528,-0.16863985997037007,0.0
119.74564444026805,108.74843472930107,-0.2514978522429121,0.0,121.43033287817784,111.57417774549486,-0.810787740067282,0.0,122.3699116644423,113.91786978142713,-0.6828267517426684,0.0,122.14272279933209,111.66137040857652,0.12305772087575367,0.0
120.3791834058409,111.18452320585166,-0.8283429933789543,0.0,119.74564444026805,108.74843472930107,-0.2514978522429121,0.0,121.43033287817784,111.57417774549486,-0.810787740067282,0.0,122.3699116644423,113.91786978142713,-0.6828267517426684,0.0
120.04680120940512,110.88325376813731,-0.5158954286198488,0.0,120.3791834058409,111.18452320585166,-0.8283429933789543,0.0,119.74564444026805,108.74843472930107,-0.2514978522429121,0.0,121.43033287817784,111.57417774549486,-0.810787740067282,0.0
120.42597430350693,110.10481625321299,-1.0910072452075816,0.0,120.04680120940512,110.88325376813731,-0.5158954286198488,0.0,120.3791834058409,111.18452320585166,-0.8283429933789543,0.0,119.74564444026805,108.74843472930107,-0.2514978522429121,0.0
120.5950258757983,111.89410092989891,-0.6395908049493022,0.0,120.42597430350693,110.10481625321299,-1.0910072452075816,0.0,120.04680120940512,110.88325376813731,-0.5158954286198488,0.0,120.3791834058409,111.18452320585166,-0.8283429933789543,0.0
121.66071332786926,112.18015347954287,-0.5294933851081836,0.0,120.5950258757983,111.89410092989891,-0.6395908049493022,0.0,120.42597430350693,110.10481625321299,-1.0910072452075816,0.0,120.04680120940512,110.88325376813731,-0.5158954286198488,0.0
121.87762044264862,113.01896992237195,-1.2311606160393016,0.0,121.66071332786926,112.18015347954287,-0.5294933851081836,0.0,120.5950258757983,111.89410092989891,-0.6395908049493022,0.0,120.42597430350693,110.10481625321299,-1.0910072452075816,0.0
121.99859677833277,111.72858178370944,-0.40255881560285567,0.0,121.87762044264862,113.01896992237195,-1.2311606160393016,0.0,121.66071332786926,112.18015347954287,-0.5294933851081836,0.0,120.5950258757983,111.89410092989891,-0.6395908049493022,0.0
122.37323745934967,112.8827108126676,-0.6893428408813091,0.0,121.99859677833277,111.72858178370944,-0.40255881560285567,0.0,121.87762044264862,113.01896992237195,-1.2311606160393016,0.0,121.66071332786926,112.18015347954287,-0.5294933851081836,0.0
122.40242179899421,113.60833923810065,-0.9566004912122379,0.0,122.37323745934967,112.8827108126676,-0.6893428408813091,0.0,121.99859677833277,111.72858178370944,-0.40255881560285567,0.0,121.87762044264862,113.01896992237195,-1.2311606160393016,0.0
122.03435194640356,113.17493992595186,-0.6649957943543189,0.0,122.40242179899421,113.60833923810065,-0.9566004912122379,0.0,122.37323745934967,112.8827108126676,-0.6893428408813091,0.0,121.99859677833277,111.72858178370944,-0.40255881560285567,0.0
122.53027626543383,112.658865136326,0.0423220392309025,0.0,122.03435194640356,113.17493992595186,-0.6649957943543189,0.0,122.40242179899421,113.60833923810065,-0.9566004912122379,0.0,122.37323745934967,112.8827108126676,-0.6893428408813091,0.0
121.82901914330866,112.80653610188574,-0.4740532781044765,0.0,122.53027626543383,112.658865136326,0.0423220392309025,0.0,122.03435194640356,113.17493992595186,-0.6649957943543189,0.0,122.40242179899421,113.60833923810065,-0.9566004912122379,0.0
122.00820419669556,112.33269423436283,-0.34840269755959535,0.0,121.82901914330866,112.80653610188574,-0.4740532781044765,0.0,122.53027626543383,112.658865136326,0.0423220392309025,0.0,122.03435194640356,113.17493992595186,-0.6649957943543189,0.0
121.25281700990254,111.59922900771514,-0.06431390788238983,0.0,122.00820419669556,112.33269423436283,-0.34840269755959535,0.0,121.82901914330866,112.80653610188574,-0.4740532781044765,0.0,122.53027626543383,112.658865136326,0.0423220392309025,0.0
121.50631397687056,111.95823119618976,0.29510167732566017,0.0,121.25281700990254,111.59922900771514,-0.06431390788238983,0.0,122.00820419669556,112.33269423436283,-0.34840269755959535,0.0,121.82901914330866,112.80653610188574,-0.4740532781044765,0.0
121.76108547911167,110.80921046542508,0.32430211949914073,0.0,121.50631397687056,111.95823119618976,0.29510167732566017,0.0,121.25281700990254,111.59922900771514,-0.06431390788238983,0.0,122.00820419669556,112.33269423436283,-0.34840269755959535,0.0
122.60804803806079,112.78095652371766,0.07592777605765141,0.0,121.76108547911167,110.80921046542508,0.32430211949914073,0.0,121.50631397687056,111.95823119618976,0.29510167732566017,0.0,121.25281700990254,111.59922900771514,-0.06431390788238983,0.0
121.67104325631378,112.65816454827964,-0.3530528894782387,0.0,122.60804803806079,112.78095652371766,0.07592777605765141,0.0,121.76108547911167,110.80921046542508,0.32430211949914073,0.0,121.50631397687056,111.95823119618976,0.29510167732566017,0.0
121.447824781199,111.77132471850217,-0.2393703700594036,0.0,121.67104325631378,112.65816454827964,-0.3530528894782387,0.0,122.60804803806079,112.78095652371766,0.07592777605765141,0.0,121.76108547911167,110.80921046542508,0.32430211949914073,0.0
121.93803051170805,112.63141053076455,-0.7275658020403264,0.0,121.447824781199,111.77132471850217,-0.2393703700594036,0.0,121.67104325631378,112.65816454827964,-0.3530528894782387,0.0,122.60804803806079,112.78095652371766,0.07592777605765141,0.0
121.97360473833966,114.88956598450872,-2.042727883379565,0.0,121.93803051170805,112.63141053076455,-0.7275658020403264,0.0,121.447824781199,111.77132471850217,-0.2393703700594036,0.0,121.67104325631378,112.65816454827964,-0.3530528894782387,0.0
122.00622132170228,113.25629989276422,-1.4159024046248179,0.0,121.97360473833966,114.88956598450872,-2.042727883379565,0.0,121.93803051170805,112.63141053076455,-0.7275658020403264,0.0,121.447824781199,111.77132471850217,-0.2393703700594036,0.0
121.49208813476902,112.69642142227093,-0.6807545031567566,0.0,122.00622132170228,113.25629989276422,-1.4159024046248179,0.0,121.97360473833966,114.88956598450872,-2.042727883379565,0.0,121.93803051170805,112.63141053076455,-0.7275658020403264,0.0
121.29022244093758,112.1607778566385,-1.7260698202963245,0.0,121.49208813476902,112.69642142227093,-0.6807545031567566,0.0,122.00622132170228,113.25629989276422,-1.4159024046248179,0.0,121.97360473833966,114.88956598450872,-2.042727883379565,0.0
121.97477277069908,113.59851372325275,-1.8857212085920283,0.0,121.29022244093758,112.1607778566385,-1.7260698202963245,0.0,121.49208813476902,112.69642142227093,-0.6807545031567566,0.0,122.00622132170228,113.25629989276422,-1.4159024046248179,0.0
121.88963440772477,113.28858423915045,-1.1989998363710237,0.0,121.97477277069908,113.59851372325275,-1.8857212085920283,0.0,121.29022244093758,112.1607778566385,-1.7260698202963245,0.0,121.49208813476902,112.69642142227093,-0.6807545031567566,0.0
122.08022435550674,112.38326037490634,0.06954786575903038,0.0,121.88963440772477,113.28858423915045,-1.1989998363710237,0.0,121.97477277069908,113.59851372325275,-1.8857212085920283,0.0,121.29022244093758,112.1607778566385,-1.7260698202963245,0.0
122.0069170330003,111.9933657403372,0.06603514644492825,0.0,122.08022435550674,112.38326037490634,0.06954786575903038,0.0,121.88963440772477,113.28858423915045,-1.1989998363710237,0.0,121.97477277069908,113.59851372325275,-1.8857212085920283,0.0
121.44166854251621,111.44644652518318,-0.3111733534586246,0.0,122.0069170330003,111.9933657403372,0.06603514644492825,0.0,122.08022435550674,112.38326037490634,0.06954786575903038,0.0,121.88963440772477,113.28858423915045,-1.1989998363710237,0.0
122.00246033206655,112.35559429967847,-0.34038690331931976,0.0,121.44166854251621,111.44644652518318,-0.3111733534586246,0.0,122.0069170330003,111.9933657403372,0.06603514644492825,0.0,122.08022435550674,112.38326037490634,0.06954786575903038,0.0
122.25610659246382,111.94955730911357,0.4151286869186366,0.0,122.00246033206655,112.35559429967847,-0.34038690331931976,0.0,121.44166854251621,111.44644652518318,-0.3111733534586246,0.0,122.0069170330003,111.9933657403372,0.06603514644492825,0.0
123.29487523135595,113.25656922597437,0.009120859972641615,0.0,122.25610659246382,111.94955730911357,0.4151286869186366,0.0,122.00246033206655,112.35559429967847,-0.34038690331931976,0.0,121.44166854251621,111.44644652518318,-0.3111733534586246,0.0
122.46990291067736,113.16413169164284,-0.3922993153470135,0.0,123.29487523135595,113.25656922597437,0.009120859972641615,0.0,122.25610659246382,111.94955730911357,0.4151286869186366,0.0,122.00246033206655,112.35559429967847,-0.34038690331931976,0.0
122.71511245743108,113.44192663422123,-0.5552112133686271,0.0,122.46990291067736,113.16413169164284,-0.3922993153470135,0.0,123.29487523135595,113.25656922597437,0.009120859972641615,0.0,122.25610659246382,111.94955730911357,0.4151286869186366,0.0
121.82679191258335,113.79052140686014,-0.9208332748242578,0.0,122.71511245743108,113.44192663422123,-0.5552112133686271,0.0,122.46990291067736,113.16413169164284,-0.3922993153470135,0.0,123.29487523135595,113.25656922597437,0.009120859972641615,0.0
121.9339841872204,112.12245253365626,-0.6753314618620085,0.0,121.82679191258335,113.79052140686014,-0.9208332748242578,0.0,122.71511245743108,113.44192663422123,-0.5552112133686271,0.0,122.46990291067736,113.16413169164284,-0.3922993153470135,0.0
122.43477551600306,112.01330256609697,0.2720740597451734,0.0,121.9339841872204,112.12245253365626,-0.6753314618620085,0.0,121.82679191258335,113.79052140686014,-0.9208332748242578,0.0,122.71511245743108,113.44192663422123,-0.5552112133686271,0.0
121.34416800273436,111.35169704039694,0.3791988843541533,0.0,122.43477551600306,112.01330256609697,0.2720740597451734,0.0,121.9339841872204,112.12245253365626,-0.6753314618620085,0.0,121.82679191258335,113.79052140686014,-0.9208332748242578,0.0
121.45637681659198,110.32982696949418,0.17718235642017882,0.0,121.34416800273436,111.35169704039694,0.3791988843541533,0.0,122.43477551600306,112.01330256609697,0.2720740597451734,0.0,121.9339841872204,112.12245253365626,-0.6753314618620085,0.0
121.31948953409143,111.28014104321687,-0.004159749321628992,0.0,121.45637681659198,110.32982696949418,0.17718235642017882,0.0,121.34416800273436,111.35169704039694,0.3791988843541533,0.0,122.43477551600306,112.01330256609697,0.2720740597451734,0.0
121.08520307489135,112.38819806468459,-0.7849232038056317,0.0,121.31948953409143,111.28014104321687,-0.004159749321628992,0.0,121.45637681659198,110.32982696949418,0.17718235642017882,0.0,121.34416800273436,111.35169704039694,0.3791988843541533,0.0
121.49796955986285,111.25598452359853,-0.18638367447092596,0.0,121.08520307489135,112.38819806468459,-0.7849232038056317,0.0,121.31948953409143,111.28014104321687,-0.004159749321628992,0.0,121.45637681659198,110.32982696949418,0.17718235642017882,0.0
122.15168421867634,112.14068564850487,-0.18802553808314182,0.0,121.49796955986285,111.25598452359853,-0.18638367447092596,0.0,121.08520307489135,112.38819806468459,-0.7849232038056317,0.0,121.31948953409143,111.28014104321687,-0.004159749321628992,0.0
122.0500376167624,112.0934080112821,-0.2406603872618263,0.0,122.15168421867634,112.14068564850487,-0.18802553808314182,0.0,121.49796955986285,111.25598452359853,-0.18638367447092596,0.0,121.08520307489135,112.38819806468459,-0.7849232038056317,0.0
122.19269589598028,111.00154822419307,1.4040254741129694,0.0,122.0500376167624,112.0934080112821,-0.2406603872618263,0.0,122.15168421867634,112.14068564850487,-0.18802553808314182,0.0,121.49796955986285,111.25598452359853,-0.18638367447092596,0.0
122.27257459817329,110.77472990281106,1.2725968334732187,0.0,122.19269589598028,111.00154822419307,1.4040254741129694,0.0,122.0500376167624,112.0934080112821,-0.2406603872618263,0.0,122.15168421867634,112.14068564850487,-0.18802553808314182,0.0
122.23288244909322,111.72157965247277,0.6421819417309829,0.0,122.27257459817329,110.77472990281106,1.2725968334732187,0.0,122.19269589598028,111.00154822419307,1.4040254741129694,0.0,122.0500376167624,112.0934080112821,-0.2406603872618263,0.0
121.6862490614036,111.10771158029866,0.3005667552820147,0.0,122.23288244909322,111.72157965247277,0.6421819417309829,0.0,122.27257459817329,110.77472990281106,1.2725968334732187,0.0,122.19269589598028,111.00154822419307,1.4040254741129694,0.0
122.28222071578595,112.42001668396725,0.8146762588239892,0.0,121.6862490614036,111.10771158029866,0.3005667552820147,0.0,122.23288244909322,111.72157965247277,0.6421819417309829,0.0,122.27257459817329,110.77472990281106,1.2725968334732187,0.0
122.3789964102382,111.88755692939975,0.7083762123280736,0.0,122.28222071578595,112.42001668396725,0.8146762588239892,0.0,121.6862490614036,111.10771158029866,0.3005667552820147,0.0,122.23288244909322,111.72157965247277,0.6421819417309829,0.0
122.51054271397358,111.80190318436573,-0.15243801929622447,0.0,122.3789964102382,111.88755692939975,0.7083762123280736,0.0,122.28222071578595,112.42001668396725,0.8146762588239892,0.0,121.6862490614036,111.10771158029866,0.3005667552820147,0.0
122.00274845035581,112.04861812620533,0.33766405185062215,0.0,122.51054271397358,111.80190318436573,-0.15243801929622447,0.0,122.3789964102382,111.88755692939975,0.7083762123280736,0.0,122.28222071578595,112.42001668396725,0.8146762588239892,0.0
121.76599577503643,112.131855725072,-0.06394080128899926,0.0,122.00274845035581,112.04861812620533,0.33766405185062215,0.0,122.51054271397358,111.80190318436573,-0.15243801929622447,0.0,122.3789964102382,111.88755692939975,0.7083762123280736,0.0
121.76933838101561,111.10782280316303,0.8854962470775734,0.0,121.76599577503643,112.131855725072,-0.06394080128899926,0.0,122.00274845035581,112.04861812620533,0.33766405185062215,0.0,122.51054271397358,111.80190318436573,-0.15243801929622447,0.0
121.12424691068269,110.48322894810761,1.248421030519383,0.0,121.76933838101561,111.10782280316303,0.8854962470775734,0.0,121.76599577503643,112.131855725072,-0.06394080128899926,0.0,122.00274845035581,112.04861812620533,0.33766405185062215,0.0
120.51326394321039,110.84232845473841,0.7750758765861309,0.0,121.12424691068269,110.48322894810761,1.248421030519383,0.0,121.76933838101561,111.10782280316303,0.8854962470775734,0.0,121.76599577503643,112.131855725072,-0.06394080128899926,0.0
120.63571521275502,109.49043952988029,1.2605688821364613,0.0,120.51326394321039,110.84232845473841,0.7750758765861309,0.0,121.12424691068269,110.48322894810761,1.248421030519383,0.0,121.76933838101561,111.10782280316303,0.8854962470775734,0.0
121.26223636388181,110.15192379086812,1.0423828609728707,0.0,120.63571521275502,109.49043952988029,1.2605688821364613,0.0,120.51326394321039,110.84232845473841,0.7750758765861309,0.0,121.12424691068269,110.48322894810761,1.248421030519383,0.0
121.18564040547047,109.9515998134004,1.2602931263394064,0.0,121.26223636388181,110.15192379086812,1.0423828609728707,0.0,120.63571521275502,109.49043952988029,1.2605688821364613,0.0,120.51326394321039,110.84232845473841,0.7750758765861309,0.0
120.9504931495412,109.7723315207964,1.2506009097187627,0.0,121.18564040547047,109.9515998134004,1.2602931263394064,0.0,121.26223636388181,110.15192379086812,1.0423828609728707,0.0,120.63571521275502,109.49043952988029,1.2605688821364613,0.0
120.84094555695178,110.24212272124703,0.5773024002795735,0.0,120.9504931495412,109.7723315207964,1.2506009097187627,0.0,121.18564040547047,109.9515998134004,1.2602931263394064,0.0,121.26223636388181,110.15192379086812,1.0423828609728707,0.0
120.93110440093409,110.27961666109377,0.14006700406492778,0.0,120.84094555695178,110.24212272124703,0.5773024002795735,0.0,120.9504931495412,109.7723315207964,1.2506009097187627,0.0,121.18564040547047,109.9515998134004,1.2602931263394064,0.0
121.04242341456298,110.51061249548508,0.6270340120425228,0.0,120.93110440093409,110.27961666109377,0.14006700406492778,0.0,120.84094555695178,110.24212272124703,0.5773024002795735,0.0,120.9504931495412,109.7723315207964,1.2506009097187627,0.0
122.30386606714812,112.256667812111,0.33423954358074787,0.0,121.04242341456298,110.51061249548508,0.6270340120425228,0.0,120.93110440093409,110.27961666109377,0.14006700406492778,0.0,120.84094555695178,110.24212272124703,0.5773024002795735,0.0
122.73014609619251,112.80514143539298,0.06556740324359997,0.0,122.30386606714812,112.256667812111,0.33423954358074787,0.0,121.04242341456298,110.51061249548508,0.6270340120425228,0.0,120.93110440093409,110.27961666109377,0.14006700406492778,0.0
123.03784022260459,113.17327420980601,-0.4251073670797965,0.0,122.73014609619251,112.80514143539298,0.06556740324359997,0.0,122.30386606714812,112.256667812111,0.33423954358074787,0.0,121.04242341456298,110.51061249548508,0.6270340120425228,0.0
123.37471306108627,112.79698598268175,-0.1282863608671067,0.0,123.03784022260459,113.17327420980601,-0.4251073670797965,0.0,122.73014609619251,112.80514143539298,0.06556740324359997,0.0,122.30386606714812,112.256667812111,0.33423954358074787,0.0
122.60103627549442,111.9864747741511,0.9286333709278871,0.0,123.37471306108627,112.79698598268175,-0.1282863608671067,0.0,123.03784022260459,113.17327420980601,-0.4251073670797965,0.0,122.73014609619251,112.80514143539298,0.06556740324359997,0.0
121.88816863767465,111.62956150454505,0.20914023961517325,0.0,122.60103627549442,111.9864747741511,0.9286333709278871,0.0,123.37471306108627,112.79698598268175,-0.1282863608671067,0.0,123.03784022260459,113.17327420980601,-0.4251073670797965,0.0
121.40431409183097,111.05571345083447,0.17942192002851765,0.0,121.88816863767465,111.62956150454505,0.20914023961517325,0.0,122.60103627549442,111.9864747741511,0.9286333709278871,0.0,123.37471306108627,112.79698598268175,-0.1282863608671067,0.0
122.19844979109715,111.84509098073102,0.8496478137305288,0.0,121.40431409183097,111.05571345083447,0.17942192002851765,0.0,121.88816863767465,111.62956150454505,0.20914023961517325,0.0,122.60103627549442,111.9864747741511,0.9286333709278871,0.0
121.92158975750942,111.27148361854137,0.6398975553615655,0.0,122.19844979109715,111.84509098073102,0.8496478137305288,0.0,121.40431409183097,111.05571345083447,0.17942192002851765,0.0,121.88816863767465,111.62956150454505,0.20914023961517325,0.0
121.34462577673814,111.33935876299506,0.7381039424141194,0.0,121.92158975750942,111.27148361854137,0.6398975553615655,0.0,122.19844979109715,111.84509098073102,0.8496478137305288,0.0,121.40431409183097,111.05571345083447,0.17942192002851765,0.0
121.25613388874288,112.0813726507547,0.059286389857855615,0.0,121.34462577673814,111.33935876299506,0.7381039424141194,0.0,121.92158975750942,111.27148361854137,0.6398975553615655,0.0,122.19844979109715,111.84509098073102,0.8496478137305288,0.0
121.34081156034172,110.89585569590548,0.2615826604901088,0.0,121.25613388874288,112.0813726507547,0.059286389857855615,0.0,121.34462577673814,111.33935876299506,0.7381039424141194,0.0,121.92158975750942,111.27148361854137,0.6398975553615655,0.0
121.62194639655418,111.69818977132974,0.11569399588981266,0.0,121.34081156034172,110.89585569590548,0.2615826604901088,0.0,121.25613388874288,112.0813726507547,0.059286389857855615,0.0,121.34462577673814,111.33935876299506,0.7381039424141194,0.0
121.8641529976357,111.17759259927328,0.5854201945517816,0.0,121.62194639655418,111.69818977132974,0.11569399588981266,0.0,121.34081156034172,110.89585569590548,0.2615826604901088,0.0,121.25613388874288,112.0813726507547,0.059286389857855615,0.0
121.55227257220743,110.4991908792878,1.062029181423801,0.0,121.8641529976357,111.17759259927328,0.5854201945517816,0.0,121.62194639655418,111.69818977132974,0.11569399588981266,0.0,121.34081156034172,110.89585569590548,0.2615826604901088,0.0
122.0642442962987,110.40803915448225,2.144405166148348,0.0,121.55227257220743,110.4991908792878,1.062029181423801,0.0,121.8641529976357,111.17759259927328,0.5854201945517816,0.0,121.62194639655418,111.69818977132974,0.11569399588981266,0.0
121.83898509389623,109.85627152535295,2.005340719525466,0.0,122.0642442962987,110.40803915448225,2.144405166148348,0.0,121.55227257220743,110.4991908792878,1.062029181423801,0.0,121.8641529976357,111.17759259927328,0.5854201945517816,0.0
121.85769610555683,110.7070760241528,1.7671707339114562,0.0,121.83898509389623,109.85627152535295,2.005340719525466,0.0,122.0642442962987,110.40803915448225,2.144405166148348,0.0,121.55227257220743,110.4991908792878,1.062029181423801,0.0
122.32368063385054,110.117265716932,1.5109287379178329,0.0,121.85769610555683,110.7070760241528,1.7671707339114562,0.0,121.83898509389623,109.85627152535295,2.005340719525466,0.0,122.0642442962987,110.40803915448225,2.144405166148348,0.0
121.95785003684117,111.60367536534218,1.0321598439289221,0.0,122.32368063385054,110.117265716932,1.5109287379178329,0.0,121.85769610555683,110.7070760241528,1.7671707339114562,0.0,121.83898509389623,109.85627152535295,2.005340719525466,0.0
121.73948397690653,110.84240681551682,0.9949697968739832,0.0,121.95785003684117,111.60367536534218,1.0321598439289221,0.0,122.32368063385054,110.117265716932,1.5109287379178329,0.0,121.85769610555683,110.7070760241528,1.7671707339114562,0.0
122.08931254599247,111.9621732075864,0.6482751324296719,0.0,121.73948397690653,110.84240681551682,0.9949697968739832,0.0,121.95785003684117,111.60367536534218,1.0321598439289221,0.0,122.32368063385054,110.117265716932,1.5109287379178329,0.0
121.70189191193278,110.81383073117388,0.6028505940785447,0.0,122.08931254599247,111.9621732075864,0.6482751324296719,0.0,121.73948397690653,110.84240681551682,0.9949697968739832,0.0,121.95785003684117,111.60367536534218,1.0321598439289221,0.0
121.63608161487191,110.66071805744582,1.1410792430668155,0.0,121.70189191193278,110.81383073117388,0.6028505940785447,0.0,122.08931254599247,111.9621732075864,0.6482751324296719,0.0,121.73948397690653,110.84240681551682,0.9949697968739832,0.0
121.99452316049441,111.8442644084914,0.40959211181363187,0.0,121.63608161487191,110.66071805744582,1.1410792430668155,0.0,121.70189191193278,110.81383073117388,0.6028505940785447,0.0,122.08931254599247,111.9621732075864,0.6482751324296719,0.0
123.03702422499104,111.71281048244978,0.8976129700154283,0.0,121.99452316049441,111.8442644084914,0.40959211181363187,0.0,121.63608161487191,110.66071805744582,1.1410792430668155,0.0,121.70189191193278,110.81383073117388,0.6028505940785447,0.0
123.14465694538123,111.7532937398602,1.3766479096822755,0.0,123.03702422499104,111.71281048244978,0.8976129700154283,0.0,121.99452316049441,111.8442644084914,0.40959211181363187,0.0,121.63608161487191,110.66071805744582,1.1410792430668155,0.0
123.15911976396275,111.85851347674449,1.042284064250281,0.0,123.14465694538123,111.7532937398602,1.3766479096822755,0.0,123.03702422499104,111.71281048244978,0.8976129700154283,0.0,121.99452316049441,111.8442644084914,0.40959211181363187,0.0
123.1017223282747,113.81948549463749,-0.22710019810407234,0.0,123.15911976396275,111.85851347674449,1.042284064250281,0.0,123.14465694538123,111.7532937398602,1.3766479096822755,0.0,123.03702422499104,111.71281048244978,0.8976129700154283,0.0
122.27179308989191,113.45979271388615,-0.4855911520304741,0.0,123.1017223282747,113.81948549463749,-0.22710019810407234,0.0,123.15911976396275,111.85851347674449,1.042284064250281,0.0,123.14465694538123,111.7532937398602,1.3766479096822755,0.0
122.2770611979879,111.96343286531166,0.2600243516561753,0.0,122.27179308989191,113.45979271388615,-0.4855911520304741,0.0,123.1017223282747,113.81948549463749,-0.22710019810407234,0.0,123.15911976396275,111.85851347674449,1.042284064250281,0.0
122.19868935985099,112.16152708742285,0.19658545017549922,0.0,122.2770611979879,111.96343286531166,0.2600243516561753,0.0,122.27179308989191,113.45979271388615,-0.4855911520304741,0.0,123.1017223282747,113.81948549463749,-0.22710019810407234,0.0
122.30312903531254,112.33229445509264,-0.34238275600705603,0.0,122.19868935985099,112.16152708742285,0.19658545017549922,0.0,122.2770611979879,111.96343286531166,0.2600243516561753,0.0,122.27179308989191,113.45979271388615,-0.4855911520304741,0.0
122.25947129514326,112.8257191868943,-0.5262936654197535,0.0,122.30312903531254,112.33229445509264,-0.34238275600705603,0.0,122.19868935985099,112.16152708742285,0.19658545017549922,0.0,122.2770611979879,111.96343286531166,0.2600243516561753,0.0
122.38335001176176,112.28153726122795,-0.000724919083526343,0.0,122.25947129514326,112.8257191868943,-0.5262936654197535,0.0,122.30312903531254,112.33229445509264,-0.34238275600705603,0.0,122.19868935985099,112.16152708742285,0.19658545017549922,0.0
122.11809637252665,112.65700078866337,0.27278684883386856,0.0,122.38335001176176,112.28153726122795,-0.000724919083526343,0.0,122.25947129514326,112.8257191868943,-0.5262936654197535,0.0,122.30312903531254,112.33229445509264,-0.34238275600705603,0.0
122.16755300159208,111.12457110230267,0.0987634294822477,0.0,122.11809637252665,112.65700078866337,0.27278684883386856,0.0,122.38335001176176,112.28153726122795,-0.000724919083526343,0.0,122.25947129514326,112.8257191868943,-0.5262936654197535,0.0
121.53409713857457,111.7206195934121,-0.10440146232154561,0.0,122.16755300159208,111.12457110230267,0.0987634294822477,0.0,122.11809637252665,112.65700078866337,0.27278684883386856,0.0,122.38335001176176,112.28153726122795,-0.000724919083526343,0.0
121.49599403228353,111.42660079149309,-0.27940024437914746,0.0,121.53409713857457,111.7206195934121,-0.10440146232154561,0.0,122.16755300159208,111.12457110230267,0.0987634294822477,0.0,122.11809637252665,112.65700078866337,0.27278684883386856,0.0
122.22578423216383,113.32855535502623,-0.6847252877525692,0.0,121.49599403228353,111.42660079149309,-0.27940024437914746,0.0,121.53409713857457,111.7206195934121,-0.10440146232154561,0.0,122.16755300159208,111.12457110230267,0.0987634294822477,0.0
122.3435496988831,111.92963713324178,0.2599076145326654,0.0,122.22578423216383,113.32855535502623,-0.6847252877525692,0.0,121.49599403228353,111.42660079149309,-0.27940024437914746,0.0,121.53409713857457,111.7206195934121,-0.10440146232154561,0.0
122.22299658493128,112.82765310967318,0.046765857020462404,0.0,122.3435496988831,111.92963713324178,0.2599076145326654,0.0,122.22578423216383,113.32855535502623,-0.6847252877525692,0.0,121.49599403228353,111.42660079149309,-0.27940024437914746,0.0
123.11434304698109,112.24231718182213,0.6459919460291181,0.0,122.22299658493128,112.82765310967318,0.046765857020462404,0.0,122.3435496988831,111.92963713324178,0.2599076145326654,0.0,122.22578423216383,113.32855535502623,-0.6847252877525692,0.0
122.2533620718704,111.15389753127886,1.2774515827845203,0.0,123.11434304698109,112.24231718182213,0.6459919460291181,0.0,122.22299658493128,112.82765310967318,0.046765857020462404,0.0,122.3435496988831,111.92963713324178,0.2599076145326654,0.0
121.73785474108256,110.20214277381316,1.5211167153015965,0.0,122.2533620718704,111.15389753127886,1.2774515827845203,0.0,123.11434304698109,112.24231718182213,0.6459919460291181,0.0,122.22299658493128,112.82765310967318,0.046765857020462404,0.0
122.6801362000491,111.33006596910178,1.0010832158822531,0.0,121.73785474108256,110.20214277381316,1.5211167153015965,0.0,122.2533620718704,111.15389753127886,1.2774515827845203,0.0,123.11434304698109,112.24231718182213,0.6459919460291181,0.0
122.55848809635901,112.17202663409506,1.0027316178741073,0.0,122.6801362000491,111.33006596910178,1.0010832158822531,0.0,121.73785474108256,110.20214277381316,1.5211167153015965,0.0,122.2533620718704,111.15389753127886,1.2774515827845203,0.0
122.33132480022111,111.88348317442367,0.7900874911038278,0.0,122.55848809635901,112.17202663409506,1.0027316178741073,0.0,122.6801362000491,111.33006596910178,1.0010832158822531,0.0,121.73785474108256,110.20214277381316,1.5211167153015965,0.0
121.70085879788775,111.29197759482639,0.18021906251799824,0.0,122.33132480022111,111.88348317442367,0.7900874911038278,0.0,122.55848809635901,112.17202663409506,1.0027316178741073,0.0,122.6801362000491,111.33006596910178,1.0010832158822531,0.0
122.0498175742049,110.69435194605629,0.30635489087520007,0.0,121.70085879788775,111.29197759482639,0.18021906251799824,0.0,122.33132480022111,111.88348317442367,0.7900874911038278,0.0,122.55848809635901,112.17202663409506,1.0027316178741073,0.0
122.27753346344488,112.69101061365541,-0.3444359828797412,0.0,122.0498175742049,110.69435194605629,0.30635489087520007,0.0,121.70085879788775,111.29197759482639,0.18021906251799824,0.0,122.33132480022111,111.88348317442367,0.7900874911038278,0.0
121.71949765588849,111.1056386889995,0.3182909079269889,0.0,122.27753346344488,112.69101061365541,-0.3444359828797412,0.0,122.0498175742049,110.69435194605629,0.30635489087520007,0.0,121.70085879788775,111.29197759482639,0.18021906251799824,0.0
121.71800214197499,111.74916379921183,0.022324077692394584,0.0,121.71949765588849,111.1056386889995,0.3182909079269889,0.0,122.27753346344488,112.69101061365541,-0.3444359828797412,0.0,122.0498175742049,110.69435194605629,0.30635489087520007,0.0
121.6772589447018,110.5876970572333,0.11843909009033532,0.0,121.71800214197499,111.74916379921183,0.022324077692394584,0.0,121.71949765588849,111.1056386889995,0.3182909079269889,0.0,122.27753346344488,112.69101061365541,-0.3444359828797412,0.0
121.84565233113234,112.48286795676964,0.23639520784533935,0.0,121.6772589447018,110.5876970572333,0.11843909009033532,0.0,121.71800214197499,111.74916379921183,0.022324077692394584,0.0,121.71949765588849,111.1056386889995,0.3182909079269889,0.0
121.35451947988905,111.24754527813013,0.05966367942423281,0.0,121.84565233113234,112.48286795676964,0.23639520784533935,0.0,121.6772589447018,110.5876970572333,0.11843909009033532,0.0,121.71800214197499,111.74916379921183,0.022324077692394584,0.0
122.08190914527869,112.55360331778266,0.3410778442770236,0.0,121.35451947988905,111.24754527813013,0.05966367942423281,0.0,121.84565233113234,112.48286795676964,0.23639520784533935,0.0,121.6772589447018,110.5876970572333,0.11843909009033532,0.0
122.44051946677509,113.65839480493312,0.03541044711035668,0.0,122.08190914527869,112.55360331778266,0.3410778442770236,0.0,121.35451947988905,111.24754527813013,0.05966367942423281,0.0,121.84565233113234,112.48286795676964,0.23639520784533935,0.0
122.1918697101928,111.579161677217,0.4639770064169074,0.0,122.44051946677509,113.65839480493312,0.03541044711035668,0.0,122.08190914527869,112.55360331778266,0.3410778442770236,0.0,121.35451947988905,111.24754527813013,0.05966367942423281,0.0
122.03207947189453,112.26413880881069,-0.3018082349898483,0.0,122.1918697101928,111.579161677217,0.4639770064169074,0.0,122.44051946677509,113.65839480493312,0.03541044711035668,0.0,122.08190914527869,112.55360331778266,0.3410778442770236,0.0
121.94420832287842,112.2648835899682,-0.17825679821867277,0.0,122.03207947189453,112.26413880881069,-0.3018082349898483,0.0,122.1918697101928,111.579161677217,0.4639770064169074,0.0,122.44051946677509,113.65839480493312,0.03541044711035668,0.0
121.62371474532972,110.8499527293954,0.8268590609542041,0.0,121.94420832287842,112.2648835899682,-0.17825679821867277,0.0,122.03207947189453,112.26413880881069,-0.3018082349898483,0.0,122.1918697101928,111.579161677217,0.4639770064169074,0.0
121.58360062125817,109.87312931776196,0.16132158646057604,0.0,121.62371474532972,110.8499527293954,0.8268590609542041,0.0,121.94420832287842,112.2648835899682,-0.17825679821867277,0.0,122.03207947189453,112.26413880881069,-0.3018082349898483,0.0
121.5379049275369,111.87680771264661,-0.20981521609396492,0.0,121.58360062125817,109.87312931776196,0.16132158646057604,0.0,121.62371474532972,110.8499527293954,0.8268590609542041,0.0,121.94420832287842,112.2648835899682,-0.17825679821867277,0.0
122.43234888001149,112.08818494743221,0.08910175195428555,0.0,121.5379049275369,111.87680771264661,-0.20981521609396492,0.0,121.58360062125817,109.87312931776196,0.16132158646057604,0.0,121.62371474532972,110.8499527293954,0.8268590609542041,0.0
122.77238833553403,112.9359984528077,0.1610722925332274,0.0,122.43234888001149,112.08818494743221,0.08910175195428555,0.0,121.5379049275369,111.87680771264661,-0.20981521609396492,0.0,121.58360062125817,109.87312931776196,0.16132158646057604,0.0
123.05507379109974,112.60328461991608,0.30417288366336154,0.0,122.77238833553403,112.9359984528077,0.1610722925332274,0.0,122.43234888001149,112.08818494743221,0.08910175195428555,0.0,121.5379049275369,111.87680771264661,-0.20981521609396492,0.0
122.9975834201008,112.62876838562408,0.48793187200452104,0.0,123.05507379109974,112.60328461991608,0.30417288366336154,0.0,122.77238833553403,112.9359984528077,0.1610722925332274,0.0,122.43234888001149,112.08818494743221,0.08910175195428555,0.0
122.2519291248962,111.74948213437654,0.7077062318845018,0.0,122.9975834201008,112.62876838562408,0.48793187200452104,0.0,123.05507379109974,112.60328461991608,0.30417288366336154,0.0,122.77238833553403,112.9359984528077,0.1610722925332274,0.0
122.26887710119767,110.23841292861178,1.121014906485713,0.0,122.2519291248962,111.74948213437654,0.7077062318845018,0.0,122.9975834201008,112.62876838562408,0.48793187200452104,0.0,123.05507379109974,112.60328461991608,0.30417288366336154,0.0
122.7474872357401,111.05717350049508,1.1017212536528267,0.0,122.26887710119767,110.23841292861178,1.121014906485713,0.0,122.2519291248962,111.74948213437654,0.7077062318845018,0.0,122.9975834201008,112.62876838562408,0.48793187200452104,0.0
122.00982242749912,111.18070092818652,0.7607481756129901,0.0,122.7474872357401,111.05717350049508,1.1017212536528267,0.0,122.26887710119767,110.23841292861178,1.121014906485713,0.0,122.2519291248962,111.74948213437654,0.7077062318845018,0.0
122.3007366824685,112.50795725934876,0.9448853910917578,0.0,122.00982242749912,111.18070092818652,0.7607481756129901,0.0,122.7474872357401,111.05717350049508,1.1017212536528267,0.0,122.26887710119767,110.23841292861178,1.121014906485713,0.0
123.4077725638485,111.8824278951538,1.7058492803210141,0.0,122.3007366824685,112.50795725934876,0.9448853910917578,0.0,122.00982242749912,111.18070092818652,0.7607481756129901,0.0,122.7474872357401,111.05717350049508,1.1017212536528267,0.0
123.70440018165435,111.05452384838628,1.2983625510655246,0.0,123.4077725638485,111.8824278951538,1.7058492803210141,0.0,122.3007366824685,112.50795725934876,0.9448853910917578,0.0,122.00982242749912,111.18070092818652,0.7607481756129901,0.0
123.9927042293946,113.55660967419735,0.551425388517099,0.0,123.70440018165435,111.05452384838628,1.2983625510655246,0.0,123.4077725638485,111.8824278951538,1.7058492803210141,0.0,122.3007366824685,112.50795725934876,0.9448853910917578,0.0
123.69585450505805,112.14956507357405,0.9946806454571656,0.0,123.9927042293946,113.55660967419735,0.551425388517099,0.0,123.70440018165435,111.05452384838628,1.2983625510655246,0.0,123.4077725638485,111.8824278951538,1.7058492803210141,0.0
123.82235793828306,112.36583280291782,0.7355539343889334,0.0,123.69585450505805,112.14956507357405,0.9946806454571656,0.0,123.9927042293946,113.55660967419735,0.551425388517099,0.0,123.70440018165435,111.05452384838628,1.2983625510655246,0.0
123.0281326286391,113.41654229620698,-0.4978916254958714,0.0,123.82235793828306,112.36583280291782,0.7355539343889334,0.0,123.69585450505805,112.14956507357405,0.9946806454571656,0.0,123.9927042293946,113.55660967419735,0.551425388517099,0.0
123.14348794780392,113.5390012255595,0.025397538178513646,0.0,123.0281326286391,113.41654229620698,-0.4978916254958714,0.0,123.82235793828306,112.36583280291782,0.7355539343889334,0.0,123.69585450505805,112.14956507357405,0.9946806454571656,0.0
123.11308029891165,114.57808252723723,-0.24734606243415044,0.0,123.14348794780392,113.5390012255595,0.025397538178513646,0.0,123.0281326286391,113.41654229620698,-0.4978916254958714,0.0,123.82235793828306,112.36583280291782,0.7355539343889334,0.0
122.99082545886515,112.89188734566011,-0.24314349109940075,0.0,123.11308029891165,114.57808252723723,-0.24734606243415044,0.0,123.14348794780392,113.5390012255595,0.025397538178513646,0.0,123.0281326286391,113.41654229620698,-0.4978916254958714,0.0
123.36082756714382,113.79673019615063,-0.02852462759501334,0.0,122.99082545886515,112.89188734566011,-0.24314349109940075,0.0,123.11308029891165,114.57808252723723,-0.24734606243415044,0.0,123.14348794780392,113.5390012255595,0.025397538178513646,0.0
122.78789990759927,112.62739454384192,0.07243013781352253,0.0,123.36082756714382,113.79673019615063,-0.02852462759501334,0.0,122.99082545886515,112.89188734566011,-0.24314349109940075,0.0,123.11308029891165,114.57808252723723,-0.24734606243415044,0.0
122.50112300980368,112.71336316077802,0.41267001882033777,0.0,122.78789990759927,112.62739454384192,0.07243013781352253,0.0,123.36082756714382,113.79673019615063,-0.02852462759501334,0.0,122.99082545886515,112.89188734566011,-0.24314349109940075,0.0
122.42630298237992,112.44652892284367,0.11239282977134854,0.0,122.50112300980368,112.71336316077802,0.41267001882033777,0.0,122.78789990759927,112.62739454384192,0.07243013781352253,0.0,123.36082756714382,113.79673019615063,-0.02852462759501334,0.0
121.85181260464479,111.4884859142891,0.3464671629051202,0.0,122.42630298237992,112.44652892284367,0.11239282977134854,0.0,122.50112300980368,112.71336316077802,0.41267001882033777,0.0,122.78789990759927,112.62739454384192,0.07243013781352253,0.0
122.00857229973208,111.72687511767782,0.14740039153213755,0.0,121.85181260464479,111.4884859142891,0.3464671629051202,0.0,122.42630298237992,112.44652892284367,0.11239282977134854,0.0,122.50112300980368,112.71336316077802,0.41267001882033777,0.0
121.18465557743659,111.25474111744333,0.48732555366946156,0.0,122.00857229973208,111.72687511767782,0.14740039153213755,0.0,121.85181260464479,111.4884859142891,0.3464671629051202,0.0,122.42630298237992,112.44652892284367,0.11239282977134854,0.0
121.93904924964717,110.64304959032438,0.697544184942096,0.0,121.18465557743659,111.25474111744333,0.48732555366946156,0.0,122.00857229973208,111.72687511767782,0.14740039153213755,0.0,121.85181260464479,111.4884859142891,0.3464671629051202,0.0
121.96585858402761,112.17398997946222,0.09031599693137915,0.0,121.93904924964717,110.64304959032438,0.697544184942096,0.0,121.18465557743659,111.25474111744333,0.48732555366946156,0.0,122.00857229973208,111.72687511767782,0.14740039153213755,0.0
121.71537225861002,111.93736313320403,0.6152438556326194,0.0,121.96585858402761,112.17398997946222,0.09031599693137915,0.0,121.93904924964717,110.64304959032438,0.697544184942096,0.0,121.18465557743659,111.25474111744333,0.48732555366946156,0.0
121.39390103175126,111.22419937978395,0.22421336194907154,0.0,121.71537225861002,111.93736313320403,0.6152438556326194,0.0,121.96585858402761,112.17398997946222,0.09031599693137915,0.0,121.93904924964717,110.64304959032438,0.697544184942096,0.0
121.45510540262102,110.85451815940792,0.5833995886998298,0.0,121.39390103175126,111.22419937978395,0.22421336194907154,0.0,121.71537225861002,111.93736313320403,0.6152438556326194,0.0,121.96585858402761,112.17398997946222,0.09031599693137915,0.0
121.94737817113841,111.216720126892,0.6503633276605342,0.0,121.45510540262102,110.85451815940792,0.5833995886998298,0.0,121.39390103175126,111.22419937978395,0.22421336194907154,0.0,121.71537225861002,111.93736313320403,0.6152438556326194,0.0
122.32170901085517,110.20126030848661,1.4393825005259886,0.0,121.94737817113841,111.216720126892,0.6503633276605342,0.0,121.45510540262102,110.85451815940792,0.5833995886998298,0.0,121.39390103175126,111.22419937978395,0.22421336194907154,0.0
121.95302444246501,111.03147585159809,1.0397730092348647,0.0,122.32170901085517,110.20126030848661,1.4393825005259886,0.0,121.94737817113841,111.216720126892,0.6503633276605342,0.0,121.45510540262102,110.85451815940792,0.5833995886998298,0.0
121.58977831191945,110.99242811477504,0.657160009328793,0.0,121.95302444246501,111.03147585159809,1.0397730092348647,0.0,122.32170901085517,110.20126030848661,1.4393825005259886,0.0,121.94737817113841,111.216720126892,0.6503633276605342,0.0
121.99856505084811,112.0341390369455,0.5160182045191682,0.0,121.58977831191945,110.99242811477504,0.657160009328793,0.0,121.95302444246501,111.03147585159809,1.0397730092348647,0.0,122.32170901085517,110.20126030848661,1.4393825005259886,0.0
121.68690800909819,111.01540658545602,0.2612246721981969,0.0,121.99856505084811,112.0341390369455,0.5160182045191682,0.0,121.58977831191945,110.99242811477504,0.657160009328793,0.0,121.95302444246501,111.03147585159809,1.0397730092348647,0.0
121.8233681479588,111.1222629271902,0.6089506887295826,0.0,121.68690800909819,111.01540658545602,0.2612246721981969,0.0,121.99856505084811,112.0341390369455,0.5160182045191682,0.0,121.58977831191945,110.99242811477504,0.657160009328793,0.0
121.89906800836677,112.43007662524846,-0.3209947532346279,0.0,121.8233681479588,111.1222629271902,0.6089506887295826,0.0,121.68690800909819,111.01540658545602,0.2612246721981969,0.0,121.99856505084811,112.0341390369455,0.5160182045191682,0.0
121.98903500439249,113.72500936328612,-0.7836370121608793,0.0,121.89906800836677,112.43007662524846,-0.3209947532346279,0.0,121.8233681479588,111.1222629271902,0.6089506887295826,0.0,121.68690800909819,111.01540658545602,0.2612246721981969,0.0
122.3794599713861,112.81806494437683,-1.1608110705183,0.0,121.98903500439249,113.72500936328612,-0.7836370121608793,0.0,121.89906800836677,112.43007662524846,-0.3209947532346279,0.0,121.8233681479588,111.1222629271902,0.6089506887295826,0.0
121.63687595861182,112.70421100126771,-0.45349506042785215,0.0,122.3794599713861,112.81806494437683,-1.1608110705183,0.0,121.98903500439249,113.72500936328612,-0.7836370121608793,0.0,121.89906800836677,112.43007662524846,-0.3209947532346279,0.0
120.82263303421183,110.625761400948,0.4925106379486809,0.0,121.63687595861182,112.70421100126771,-0.45349506042785215,0.0,122.3794599713861,112.81806494437683,-1.1608110705183,0.0,121.98903500439249,113.72500936328612,-0.7836370121608793,0.0
120.85755294722544,110.33659679059724,0.341783901090209,0.0,120.82263303421183,110.625761400948,0.4925106379486809,0.0,121.63687595861182,112.70421100126771,-0.45349506042785215,0.0,122.3794599713861,112.81806494437683,-1.1608110705183,0.0
121.96794612042372,112.37720882545489,0.18901625927716187,0.0,120.85755294722544,110.33659679059724,0.341783901090209,0.0,120.82263303421183,110.625761400948,0.4925106379486809,0.0,121.63687595861182,112.70421100126771,-0.45349506042785215,0.0
122.91182681559548,113.47234261574374,0.1862390889783202,0.0,121.96794612042372,112.37720882545489,0.18901625927716187,0.0,120.85755294722544,110.33659679059724,0.341783901090209,0.0,120.82263303421183,110.625761400948,0.4925106379486809,0.0
123.55090271601537,113.882946084879,0.7299304224867514,0.0,122.91182681559548,113.47234261574374,0.1862390889783202,0.0,121.96794612042372,112.37720882545489,0.18901625927716187,0.0,120.85755294722544,110.33659679059724,0.341783901090209,0.0
123.11263790599935,112.63187165865241,0.12026777089411411,0.0,123.55090271601537,113.882946084879,0.7299304224867514,0.0,122.91182681559548,113.47234261574374,0.1862390889783202,0.0,121.96794612042372,112.37720882545489,0.18901625927716187,0.0
121.9963743458029,112.05356876008341,0.21539870808268385,0.0,123.11263790599935,112.63187165865241,0.12026777089411411,0.0,123.55090271601537,113.882946084879,0.7299304224867514,0.0,122.91182681559548,113.47234261574374,0.1862390889783202,0.0
120.98262625447249,108.85907342687844,0.659917781357362,0.0,121.9963743458029,112.05356876008341,0.21539870808268385,0.0,123.11263790599935,112.63187165865241,0.12026777089411411,0.0,123.55090271601537,113.882946084879,0.7299304224867514,0.0
120.9458543920622,110.66455061482182,0.7784813100558122,0.0,120.98262625447249,108.85907342687844,0.659917781357362,0.0,121.9963743458029,112.05356876008341,0.21539870808268385,0.0,123.11263790599935,112.63187165865241,0.12026777089411411,0.0
121.11475163410148,110.85790128947193,0.7175758563440215,0.0,120.9458543920622,110.66455061482182,0.7784813100558122,0.0,120.98262625447249,108.85907342687844,0.659917781357362,0.0,121.9963743458029,112.05356876008341,0.21539870808268385,0.0
121.98257940011425,111.1906921538982,1.0745837313587878,0.0,121.11475163410148,110.85790128947193,0.7175758563440215,0.0,120.9458543920622,110.66455061482182,0.7784813100558122,0.0,120.98262625447249,108.85907342687844,0.659917781357362,0.0
122.382330626829,112.75271246067237,-0.49194916141258827,0.0,121.98257940011425,111.1906921538982,1.0745837313587878,0.0,121.11475163410148,110.85790128947193,0.7175758563440215,0.0,120.9458543920622,110.66455061482182,0.7784813100558122,0.0
122.38579130859158,112.67551464734888,-0.05462166936461682,0.0,122.382330626829,112.75271246067237,-0.49194916141258827,0.0,121.98257940011425,111.1906921538982,1.0745837313587878,0.0,121.11475163410148,110.85790128947193,0.7175758563440215,0.0
121.86712591228569,111.93169498233985,-0.3707351770554054,0.0,122.38579130859158,112.67551464734888,-0.05462166936461682,0.0,122.382330626829,112.75271246067237,-0.49194916141258827,0.0,121.98257940011425,111.1906921538982,1.0745837313587878,0.0
121.36023905852645,113.06143784359332,-1.2119045900725527,0.0,121.86712591228569,111.93169498233985,-0.3707351770554054,0.0,122.38579130859158,112.67551464734888,-0.05462166936461682,0.0,122.382330626829,112.75271246067237,-0.49194916141258827,0.0
121.56668493217192,112.97140316369925,-0.7139223722955519,0.0,121.36023905852645,113.06143784359332,-1.2119045900725527,0.0,121.86712591228569,111.93169498233985,-0.3707351770554054,0.0,122.38579130859158,112.67551464734888,-0.05462166936461682,0.0
121.96447870038995,112.74789469534946,0.11569137474503732,0.0,121.56668493217192,112.97140316369925,-0.7139223722955519,0.0,121.36023905852645,113.06143784359332,-1.2119045900725527,0.0,121.86712591228569,111.93169498233985,-0.3707351770554054,0.0
122.10773874224803,113.19569698373445,0.023828842482183935,0.0,121.96447870038995,112.74789469534946,0.11569137474503732,0.0,121.56668493217192,112.97140316369925,-0.7139223722955519,0.0,121.36023905852645,113.06143784359332,-1.2119045900725527,0.0
121.60068124370247,111.3642154058528,0.49550034758721656,0.0,122.10773874224803,113.19569698373445,0.023828842482183935,0.0,121.96447870038995,112.74789469534946,0.11569137474503732,0.0,121.56668493217192,112.97140316369925,-0.7139223722955519,0.0
122.05569644942992,111.00364719856239,1.202539407064096,0.0,121.60068124370247,111.3642154058528,0.49550034758721656,0.0,122.10773874224803,113.19569698373445,0.023828842482183935,0.0,121.96447870038995,112.74789469534946,0.11569137474503732,0.0
122.30733443336165,111.0035641946599,1.6194887524433006,0.0,122.05569644942992,111.00364719856239,1.202539407064096,0.0,121.60068124370247,111.3642154058528,0.49550034758721656,0.0,122.10773874224803,113.19569698373445,0.023828842482183935,0.0
121.85466490652945,109.11738874129551,2.115573266640337,0.0,122.30733443336165,111.0035641946599,1.6194887524433006,0.0,122.05569644942992,111.00364719856239,1.202539407064096,0.0,121.60068124370247,111.3642154058528,0.49550034758721656,0.0
121.64328410786291,108.96574664421061,2.063522358848216,0.0,121.85466490652945,109.11738874129551,2.115573266640337,0.0,122.30733443336165,111.0035641946599,1.6194887524433006,0.0,122.05569644942992,111.00364719856239,1.202539407064096,0.0
122.12850660401092,110.6073733912038,1.6885347065293692,0.0,121.64328410786291,108.96574664421061,2.063522358848216,0.0,121.85466490652945,109.11738874129551,2.115573266640337,0.0,122.30733443336165,111.0035641946599,1.6194887524433006,0.0
121.96971021978071,112.3168259171018,0.5498448592749112,0.0,122.12850660401092,110.6073733912038,1.6885347065293692,0.0,121.64328410786291,108.96574664421061,2.063522358848216,0.0,121.85466490652945,109.11738874129551,2.115573266640337,0.0
122.73525374391349,112.70176165458608,0.3168446433549547,0.0,121.96971021978071,112.3168259171018,0.5498448592749112,0.0,122.12850660401092,110.6073733912038,1.6885347065293692,0.0,121.64328410786291,108.96574664421061,2.063522358848216,0.0
122.77653782777756,113.24459610771024,-0.16814758297413207,0.0,122.73525374391349,112.70176165458608,0.3168446433549547,0.0,121.96971021978071,112.3168259171018,0.5498448592749112,0.0,122.12850660401092,110.6073733912038,1.6885347065293692,0.0
122.38955615113231,111.76717033990175,0.9509532923696012,0.0,122.77653782777756,113.24459610771024,-0.16814758297413207,0.0,122.73525374391349,112.70176165458608,0.3168446433549547,0.0,121.96971021978071,112.3168259171018,0.5498448592749112,0.0
122.30737155666371,111.98341128093338,0.6728197276795127,0.0,122.38955615113231,111.76717033990175,0.9509532923696012,0.0,122.77653782777756,113.24459610771024,-0.16814758297413207,0.0,122.73525374391349,112.70176165458608,0.3168446433549547,0.0
122.2773764557462,112.00424971807274,0.599858185535853,0.0,122.30737155666371,111.98341128093338,0.6728197276795127,0.0,122.38955615113231,111.76717033990175,0.9509532923696012,0.0,122.77653782777756,113.24459610771024,-0.16814758297413207,0.0
121.89126088514392,111.32890245664387,0.7556292364489162,0.0,122.2773764557462,112.00424971807274,0.599858185535853,0.0,122.30737155666371,111.98341128093338,0.6728197276795127,0.0,122.38955615113231,111.76717033990175,0.9509532923696012,0.0
121.49727744016496,111.18874337722738,0.62630461234536,0.0,121.89126088514392,111.32890245664387,0.7556292364489162,0.0,122.2773764557462,112.00424971807274,0.599858185535853,0.0,122.30737155666371,111.98341128093338,0.6728197276795127,0.0
122.02014611643519,110.56741565203072,1.3485692100916644,0.0,121.49727744016496,111.18874337722738,0.62630461234536,0.0,121.89126088514392,111.32890245664387,0.7556292364489162,0.0,122.2773764557462,112.00424971807274,0.599858185535853,0.0
122.46298980374013,111.5152747585816,0.7675306872061055,0.0,122.02014611643519,110.56741565203072,1.3485692100916644,0.0,121.49727744016496,111.18874337722738,0.62630461234536,0.0,121.89126088514392,111.32890245664387,0.7556292364489162,0.0
122.65245987091258,112.39645413712034,0.7113282773835058,0.0,122.46298980374013,111.5152747585816,0.7675306872061055,0.0,122.02014611643519,110.56741565203072,1.3485692100916644,0.0,121.49727744016496,111.18874337722738,0.62630461234536,0.0
123.25837613666194,112.42501614460062,0.19782732905778055,0.0,122.65245987091258,112.39645413712034,0.7113282773835058,0.0,122.46298980374013,111.5152747585816,0.7675306872061055,0.0,122.02014611643519,110.56741565203072,1.3485692100916644,0.0
122.65354787062813,113.64532841391255,-0.5017493923641284,0.0,123.25837613666194,112.42501614460062,0.19782732905778055,0.0,122.65245987091258,112.39645413712034,0.7113282773835058,0.0,122.46298980374013,111.5152747585816,0.7675306872061055,0.0
123.22301377259569,114.73919813884731,-0.7072840593439454,0.0,122.65354787062813,113.64532841391255,-0.5017493923641284,0.0,123.25837613666194,112.42501614460062,0.19782732905778055,0.0,122.65245987091258,112.39645413712034,0.7113282773835058,0.0
122.4840501221749,112.87800673249174,-0.5843456459993623,0.0,123.22301377259569,114.73919813884731,-0.7072840593439454,0.0,122.65354787062813,113.64532841391255,-0.5017493923641284,0.0,123.25837613666194,112.42501614460062,0.19782732905778055,0.0
121.83462450594516,112.9254562022104,-0.6821276290581199,0.0,122.4840501221749,112.87800673249174,-0.5843456459993623,0.0,123.22301377259569,114.73919813884731,-0.7072840593439454,0.0,122.65354787062813,113.64532841391255,-0.5017493923641284,0.0
121.00110173408693,111.73236859189166,-0.891912593183424,0.0,121.83462450594516,112.9254562022104,-0.6821276290581199,0.0,122.4840501221749,112.87800673249174,-0.5843456459993623,0.0,123.22301377259569,114.73919813884731,-0.7072840593439454,0.0
120.90195959524715,113.52048270218006,-1.4166888063826562,0.0,121.00110173408693,111.73236859189166,-0.891912593183424,0.0,121.83462450594516,112.9254562022104,-0.6821276290581199,0.0,122.4840501221749,112.87800673249174,-0.5843456459993623,0.0
120.90073591880862,111.37941177948753,-1.1749038314204725,0.0,120.90195959524715,113.52048270218006,-1.4166888063826562,0.0,121.00110173408693,111.73236859189166,-0.891912593183424,0.0,121.83462450594516,112.9254562022104,-0.6821276290581199,0.0
121.3483338550168,112.70447040314846,-1.6922832521518791,0.0,120.90073591880862,111.37941177948753,-1.1749038314204725,0.0,120.90195959524715,113.52048270218006,-1.4166888063826562,0.0,121.00110173408693,111.73236859189166,-0.891912593183424,0.0
121.53753400961978,113.26157090407796,-0.9737986198767021,0.0,121.3483338550168,112.70447040314846,-1.6922832521518791,0.0,120.90073591880862,111.37941177948753,-1.1749038314204725,0.0,120.90195959524715,113.52048270218006,-1.4166888063826562,0.0
121.00921918392227,112.48642676527956,-0.7378190194341101,0.0,121.53753400961978,113.26157090407796,-0.9737986198767021,0.0,121.3483338550168,112.70447040314846,-1.6922832521518791,0.0,120.90073591880862,111.37941177948753,-1.1749038314204725,0.0
121.03511174025083,111.5180097534818,-1.3190309652797534,0.0,121.00921918392227,112.48642676527956,-0.7378190194341101,0.0,121.53753400961978,113.26157090407796,-0.9737986198767021,0.0,121.3483338550168,112.70447040314846,-1.6922832521518791,0.0
121.01279277955422,112.59131204205192,-1.2098293107487346,0.0,121.03511174025083,111.5180097534818,-1.3190309652797534,0.0,121.00921918392227,112.48642676527956,-0.7378190194341101,0.0,121.53753400961978,113.26157090407796,-0.9737986198767021,0.0
120.31827752035657,112.07931159611715,-1.3439416513942792,0.0,121.01279277955422,112.59131204205192,-1.2098293107487346,0.0,121.03511174025083,111.5180097534818,-1.3190309652797534,0.0,121.00921918392227,112.48642676527956,-0.7378190194341101,0.0
120.1540181401234,112.2026102531039,-0.9155660659058331,0.0,120.31827752035657,112.07931159611715,-1.3439416513942792,0.0,121.01279277955422,112.59131204205192,-1.2098293107487346,0.0,121.03511174025083,111.5180097534818,-1.3190309652797534,0.0
120.21516843825331,110.45278517076721,-0.06222762971309426,0.0,120.1540181401234,112.2026102531039,-0.9155660659058331,0.0,120.31827752035657,112.07931159611715,-1.3439416513942792,0.0,121.01279277955422,112.59131204205192,-1.2098293107487346,0.0
121.27036747925005,112.3715956252613,-0.9873683385933477,0.0,120.21516843825331,110.45278517076721,-0.06222762971309426,0.0,120.1540181401234,112.2026102531039,-0.9155660659058331,0.0,120.31827752035657,112.07931159611715,-1.3439416513942792,0.0
121.51741674974564,111.89205183266185,-0.7323816313009697,0.0,121.27036747925005,112.3715956252613,-0.9873683385933477,0.0,120.21516843825331,110.45278517076721,-0.06222762971309426,0.0,120.1540181401234,112.2026102531039,-0.9155660659058331,0.0
121.88261164849948,113.24812256541583,-0.6659717028240959,0.0,121.51741674974564,111.89205183266185,-0.7323816313009697,0.0,121.27036747925005,112.3715956252613,-0.9873683385933477,0.0,120.21516843825331,110.45278517076721,-0.06222762971309426,0.0
121.15134193734977,112.10859265750412,-0.1971073240340439,0.0,121.88261164849948,113.24812256541583,-0.6659717028240959,0.0,121.51741674974564,111.89205183266185,-0.7323816313009697,0.0,121.27036747925005,112.3715956252613,-0.9873683385933477,0.0
121.93038140952457,111.75598763724474,-0.05108754510839056,0.0,121.15134193734977,112.10859265750412,-0.1971073240340439,0.0,121.88261164849948,113.24812256541583,-0.6659717028240959,0.0,121.51741674974564,111.89205183266185,-0.7323816313009697,0.0
122.57064921506151,112.4841388814041,-0.416854701956122,0.0,121.93038140952457,111.75598763724474,-0.05108754510839056,0.0,121.15134193734977,112.10859265750412,-0.1971073240340439,0.0,121.88261164849948,113.24812256541583,-0.6659717028240959,0.0
121.42230242212288,112.70088932708003,-0.49301072939820667,0.0,122.57064921506151,112.4841388814041,-0.416854701956122,0.0,121.93038140952457,111.75598763724474,-0.05108754510839056,0.0,121.15134193734977,112.10859265750412,-0.1971073240340439,0.0
121.21200033552559,111.463664804296,-0.7924215119203099,0.0,121.42230242212288,112.70088932708003,-0.49301072939820667,0.0,122.57064921506151,112.4841388814041,-0.416854701956122,0.0,121.93038140952457,111.75598763724474,-0.05108754510839056,0.0
121.63202373233672,111.70918645183028,-0.09593364023694873,0.0,121.21200033552559,111.463664804296,-0.7924215119203099,0.0,121.42230242212288,112.70088932708003,-0.49301072939820667,0.0,122.57064921506151,112.4841388814041,-0.416854701956122,0.0
122.04933694449777,111.56952536281406,-0.06609108785358787,0.0,121.63202373233672,111.70918645183028,-0.09593364023694873,0.0,121.21200033552559,111.463664804296,-0.7924215119203099,0.0,121.42230242212288,112.70088932708003,-0.49301072939820667,0.0
121.75557409994892,110.89296180811408,0.8977224725936335,0.0,122.04933694449777,111.56952536281406,-0.06609108785358787,0.0,121.63202373233672,111.70918645183028,-0.09593364023694873,0.0,121.21200033552559,111.463664804296,-0.7924215119203099,0.0
121.64099521814619,112.21428660572258,0.6878475711675964,0.0,121.75557409994892,110.89296180811408,0.8977224725936335,0.0,122.04933694449777,111.56952536281406,-0.06609108785358787,0.0,121.63202373233672,111.70918645183028,-0.09593364023694873,0.0
121.4477239934385,111.32763301111768,0.19607467347884577,0.0,121.64099521814619,112.21428660572258,0.6878475711675964,0.0,121.75557409994892,110.89296180811408,0.8977224725936335,0.0,122.04933694449777,111.56952536281406,-0.06609108785358787,0.0
121.6284685150614,111.69839406324911,-0.5999974575233369,0.0,121.4477239934385,111.32763301111768,0.19607467347884577,0.0,121.64099521814619,112.21428660572258,0.6878475711675964,0.0,121.75557409994892,110.89296180811408,0.8977224725936335,0.0
122.19994479723395,114.02838561092247,-1.3815678041466422,0.0,121.6284685150614,111.69839406324911,-0.5999974575233369,0.0,121.4477239934385,111.32763301111768,0.19607467347884577,0.0,121.64099521814619,112.21428660572258,0.6878475711675964,0.0
121.68559002309799,113.77689472237176,-1.8973222148200586,0.0,122.19994479723395,114.02838561092247,-1.3815678041466422,0.0,121.6284685150614,111.69839406324911,-0.5999974575233369,0.0,121.4477239934385,111.32763301111768,0.19607467347884577,0.0
122.16691829281552,113.63927949094133,-1.384294446350305,0.0,121.68559002309799,113.77689472237176,-1.8973222148200586,0.0,122.19994479723395,114.02838561092247,-1.3815678041466422,0.0,121.6284685150614,111.69839406324911,-0.5999974575233369,0.0
121.6452924750562,113.94812246045569,-0.8530730454652772,0.0,122.16691829281552,113.63927949094133,-1.384294446350305,0.0,121.68559002309799,113.77689472237176,-1.8973222148200586,0.0,122.19994479723395,114.02838561092247,-1.3815678041466422,0.0
121.29576321315527,111.93314321282483,-1.4730537873882885,0.0,121.6452924750562,113.94812246045569,-0.8530730454652772,0.0,122.16691829281552,113.63927949094133,-1.384294446350305,0.0,121.68559002309799,113.77689472237176,-1.8973222148200586,0.0
121.79697837529025,112.97859008811142,-0.7309238728725731,0.0,121.29576321315527,111.93314321282483,-1.4730537873882885,0.0,121.6452924750562,113.94812246045569,-0.8530730454652772,0.0,122.16691829281552,113.63927949094133,-1.384294446350305,0.0
122.25702932746748,112.83043123537087,-0.8262696241397782,0.0,121.79697837529025,112.97859008811142,-0.7309238728725731,0.0,121.29576321315527,111.93314321282483,-1.4730537873882885,0.0,121.6452924750562,113.94812246045569,-0.8530730454652772,0.0
122.57121899265302,113.20218875404615,-0.5876191933190479,0.0,122.25702932746748,112.83043123537087,-0.8262696241397782,0.0,121.79697837529025,112.97859008811142,-0.7309238728725731,0.0,121.29576321315527,111.93314321282483,-1.4730537873882885,0.0
121.8545882994247,110.88976381177255,0.33601495947247384,0.0,122.57121899265302,113.20218875404615,-0.5876191933190479,0.0,122.25702932746748,112.83043123537087,-0.8262696241397782,0.0,121.79697837529025,112.97859008811142,-0.7309238728725731,0.0
121.71115060460951,110.7908909178847,0.717231625510745,0.0,121.8545882994247,110.88976381177255,0.33601495947247384,0.0,122.57121899265302,113.20218875404615,-0.5876191933190479,0.0,122.25702932746748,112.83043123537087,-0.8262696241397782,0.0
122.18715968735623,111.86510184666105,0.43951997645568,0.0,121.71115060460951,110.7908909178847,0.717231625510745,0.0,121.8545882994247,110.88976381177255,0.33601495947247384,0.0,122.57121899265302,113.20218875404615,-0.5876191933190479,0.0
122.13663027264457,112.67736795044735,-0.0939801315430997,0.0,122.18715968735623,111.86510184666105,0.43951997645568,0.0,121.71115060460951,110.7908909178847,0.717231625510745,0.0,121.8545882994247,110.88976381177255,0.33601495947247384,0.0
121.55699949738717,112.30916595259524,-1.1510918058991322,0.0,122.13663027264457,112.67736795044735,-0.0939801315430997,0.0,122.18715968735623,111.86510184666105,0.43951997645568,0.0,121.71115060460951,110.7908909178847,0.717231625510745,0.0
121.77514288538721,113.99231364170504,-1.2804501043405159,0.0,121.55699949738717,112.30916595259524,-1.1510918058991322,0.0,122.13663027264457,112.67736795044735,-0.0939801315430997,0.0,122.18715968735623,111.86510184666105,0.43951997645568,0.0
121.4498682658825,112.25684825863081,-1.1299252028862599,0.0,121.77514288538721,113.99231364170504,-1.2804501043405159,0.0,121.55699949738717,112.30916595259524,-1.1510918058991322,0.0,122.13663027264457,112.67736795044735,-0.0939801315430997,0.0
122.34267087792287,114.28972317958491,-1.3975299258846,0.0,121.4498682658825,112.25684825863081,-1.1299252028862599,0.0,121.77514288538721,113.99231364170504,-1.2804501043405159,0.0,121.55699949738717,112.30916595259524,-1.1510918058991322,0.0
122.97017324179396,113.5276838350695,-1.1836524242538324,0.0,122.34267087792287,114.28972317958491,-1.3975299258846,0.0,121.4498682658825,112.25684825863081,-1.1299252028862599,0.0,121.77514288538721,113.99231364170504,-1.2804501043405159,0.0
122.98742380503175,113.81527003162407,-0.908495997923682,0.0,122.97017324179396,113.5276838350695,-1.1836524242538324,0.0,122.34267087792287,114.28972317958491,-1.3975299258846,0.0,121.4498682658825,112.25684825863081,-1.1299252028862599,0.0
123.37579452489945,113.89295743021734,-0.8392247892429849,0.0,122.98742380503175,113.81527003162407,-0.908495997923682,0.0,122.97017324179396,113.5276838350695,-1.1836524242538324,0.0,122.34267087792287,114.28972317958491,-1.3975299258846,0.0
123.03358281832055,113.98896953321432,-0.9963811218061178,0.0,123.37579452489945,113.89295743021734,-0.8392247892429849,0.0,122.98742380503175,113.81527003162407,-0.908495997923682,0.0,122.97017324179396,113.5276838350695,-1.1836524242538324,0.0
123.0763206632308,114.66528677226285,-0.7127775614615305,0.0,123.03358281832055,113.98896953321432,-0.9963811218061178,0.0,123.37579452489945,113.89295743021734,-0.8392247892429849,0.0,122.98742380503175,113.81527003162407,-0.908495997923682,0.0
123.48660558374435,114.26622188982654,-0.34925172438451985,0.0,123.0763206632308,114.66528677226285,-0.7127775614615305,0.0,123.03358281832055,113.98896953321432,-0.9963811218061178,0.0,123.37579452489945,113.89295743021734,-0.8392247892429849,0.0
123.22629856706806,113.7147048164914,-0.8246009182290389,0.0,123.48660558374435,114.26622188982654,-0.34925172438451985,0.0,123.0763206632308,114.66528677226285,-0.7127775614615305,0.0,123.03358281832055,113.98896953321432,-0.9963811218061178,0.0
122.81895327247217,112.68983990850234,0.045785455289903854,0.0,123.22629856706806,113.7147048164914,-0.8246009182290389,0.0,123.48660558374435,114.26622188982654,-0.34925172438451985,0.0,123.0763206632308,114.66528677226285,-0.7127775614615305,0.0
121.83975533469174,111.26192608394913,-0.012665701910207786,0.0,122.81895327247217,112.68983990850234,0.045785455289903854,0.0,123.22629856706806,113.7147048164914,-0.8246009182290389,0.0,123.48660558374435,114.26622188982654,-0.34925172438451985,0.0
121.8478895061579,111.64695997469505,-0.0007077500557423986,0.0,121.83975533469174,111.26192608394913,-0.012665701910207786,0.0,122.81895327247217,112.68983990850234,0.045785455289903854,0.0,123.22629856706806,113.7147048164914,-0.8246009182290389,0.0
122.27003114335152,112.39984107711919,0.3535410115836847,0.0,121.8478895061579,111.64695997469505,-0.0007077500557423986,0.0,121.83975533469174,111.26192608394913,-0.012665701910207786,0.0,122.81895327247217,112.68983990850234,0.045785455289903854,0.0
122.656106732159,112.65469792612066,0.3994408748986986,0.0,122.27003114335152,112.39984107711919,0.3535410115836847,0.0,121.8478895061579,111.64695997469505,-0.0007077500557423986,0.0,121.83975533469174,111.26192608394913,-0.012665701910207786,0.0
122.78042562304124,111.93284591090404,0.7961210168755815,0.0,122.656106732159,112.65469792612066,0.3994408748986986,0.0,122.27003114335152,112.39984107711919,0.3535410115836847,0.0,121.8478895061579,111.64695997469505,-0.0007077500557423986,0.0
122.31891694676851,112.69548008366718,0.7804588961013773,0.0,122.78042562304124,111.93284591090404,0.7961210168755815,0.0,122.656106732159,112.65469792612066,0.3994408748986986,0.0,122.27003114335152,112.39984107711919,0.3535410115836847,0.0
121.35663451577108,110.20176514339872,0.31814842956088296,0.0,122.31891694676851,112.69548008366718,0.7804588961013773,0.0,122.78042562304124,111.93284591090404,0.7961210168755815,0.0,122.656106732159,112.65469792612066,0.3994408748986986,0.0
121.30524500698718,110.64910113254666,0.43527050625175717,0.0,121.35663451577108,110.20176514339872,0.31814842956088296,0.0,122.31891694676851,112.69548008366718,0.7804588961013773,0.0,122.78042562304124,111.93284591090404,0.7961210168755815,0.0
121.34430200005337,110.95443140018787,-0.2236466986589251,0.0,121.30524500698718,110.64910113254666,0.43527050625175717,0.0,121.35663451577108,110.20176514339872,0.31814842956088296,0.0,122.31891694676851,112.69548008366718,0.7804588961013773,0.0
121.30783823107194,112.2227777075154,-0.12463750603887855,0.0,121.34430200005337,110.95443140018787,-0.2236466986589251,0.0,121.30524500698718,110.64910113254666,0.43527050625175717,0.0,121.35663451577108,110.20176514339872,0.31814842956088296,0.0
121.79128251652165,111.28532493649735,-0.11632500015333325,0.0,121.30783823107194,112.2227777075154,-0.12463750603887855,0.0,121.34430200005337,110.95443140018787,-0.2236466986589251,0.0,121.30524500698718,110.64910113254666,0.43527050625175717,0.0
122.83028168577381,111.91165065901887,-0.19711842875893645,0.0,121.79128251652165,111.28532493649735,-0.11632500015333325,0.0,121.30783823107194,112.2227777075154,-0.12463750603887855,0.0,121.34430200005337,110.95443140018787,-0.2236466986589251,0.0
122.64939982449413,113.53180250090941,-0.22196349872661453,0.0,122.83028168577381,111.91165065901887,-0.19711842875893645,0.0,121.79128251652165,111.28532493649735,-0.11632500015333325,0.0,121.30783823107194,112.2227777075154,-0.12463750603887855,0.0
122.35668023219348,113.08947465647171,-1.1184953217301112,0.0,122.64939982449413,113.53180250090941,-0.22196349872661453,0.0,122.83028168577381,111.91165065901887,-0.19711842875893645,0.0,121.79128251652165,111.28532493649735,-0.11632500015333325,0.0
122.09266961172113,113.26127335063205,-1.1691587112545698,0.0,122.35668023219348,113.08947465647171,-1.1184953217301112,0.0,122.64939982449413,113.53180250090941,-0.22196349872661453,0.0,122.83028168577381,111.91165065901887,-0.19711842875893645,0.0
122.05073523876467,113.71185668132188,-0.8889045184330985,0.0,122.09266961172113,113.26127335063205,-1.1691587112545698,0.0,122.35668023219348,113.08947465647171,-1.1184953217301112,0.0,122.64939982449413,113.53180250090941,-0.22196349872661453,0.0
121.62590822780615,112.01066166062799,-0.6311954187477786,0.0,122.05073523876467,113.71185668132188,-0.8889045184330985,0.0,122.09266961172113,113.26127335063205,-1.1691587112545698,0.0,122.35668023219348,113.08947465647171,-1.1184953217301112,0.0
121.74354880615793,112.34554110920044,-1.018793905461202,0.0,121.62590822780615,112.01066166062799,-0.6311954187477786,0.0,122.05073523876467,113.71185668132188,-0.8889045184330985,0.0,122.09266961172113,113.26127335063205,-1.1691587112545698,0.0
121.9962933229321,112.47903780320314,-0.1821812039366114,0.0,121.74354880615793,112.34554110920044,-1.018793905461202,0.0,121.62590822780615,112.01066166062799,-0.6311954187477786,0.0,122.05073523876467,113.71185668132188,-0.8889045184330985,0.0
122.09722284169189,112.09309696882084,-0.5788323872565395,0.0,121.9962933229321,112.47903780320314,-0.1821812039366114,0.0,121.74354880615793,112.34554110920044,-1.018793905461202,0.0,121.62590822780615,112.01066166062799,-0.6311954187477786,0.0
122.2532983711515,113.06501738408798,0.021662690458136735,0.0,122.09722284169189,112.09309696882084,-0.5788323872565395,0.0,121.9962933229321,112.47903780320314,-0.1821812039366114,0.0,121.74354880615793,112.34554110920044,-1.018793905461202,0.0
122.37494282342794,112.89139356335042,0.23092733330235182,0.0,122.2532983711515,113.06501738408798,0.021662690458136735,0.0,122.09722284169189,112.09309696882084,-0.5788323872565395,0.0,121.9962933229321,112.47903780320314,-0.1821812039366114,0.0
121.43857358389985,111.50864667438549,-0.13837178828002006,0.0,122.37494282342794,112.89139356335042,0.23092733330235182,0.0,122.2532983711515,113.06501738408798,0.021662690458136735,0.0,122.09722284169189,112.09309696882084,-0.5788323872565395,0.0
121.91312045623899,111.12346980157213,0.77695801568074,0.0,121.43857358389985,111.50864667438549,-0.13837178828002006,0.0,122.37494282342794,112.89139356335042,0.23092733330235182,0.0,122.2532983711515,113.06501738408798,0.021662690458136735,0.0
121.59839238550731,111.93193113305301,0.024747996666351968,0.0,121.91312045623899,111.12346980157213,0.77695801568074,0.0,121.43857358389985,111.50864667438549,-0.13837178828002006,0.0,122.37494282342794,112.89139356335042,0.23092733330235182,0.0
121.21428853524769,110.33011583312367,0.47937548413808234,0.0,121.59839238550731,111.93193113305301,0.024747996666351968,0.0,121.91312045623899,111.12346980157213,0.77695801568074,0.0,121.43857358389985,111.50864667438549,-0.13837178828002006,0.0
120.93015890423109,109.78092020079117,0.883791546331955,0.0,121.21428853524769,110.33011583312367,0.47937548413808234,0.0,121.59839238550731,111.93193113305301,0.024747996666351968,0.0,121.91312045623899,111.12346980157213,0.77695801568074,0.0
121.42946434478178,110.62867167678752,0.37172313252724165,0.0,120.93015890423109,109.78092020079117,0.883791546331955,0.0,121.21428853524769,110.33011583312367,0.47937548413808234,0.0,121.59839238550731,111.93193113305301,0.024747996666351968,0.0
121.50370110393513,110.57165816555727,0.9936111560539578,0.0,121.42946434478178,110.62867167678752,0.37172313252724165,0.0,120.93015890423109,109.78092020079117,0.883791546331955,0.0,121.21428853524769,110.33011583312367,0.47937548413808234,0.0
120.86717550593528,109.89601970440245,0.6698656675436899,0.0,121.50370110393513,110.57165816555727,0.9936111560539578,0.0,121.42946434478178,110.62867167678752,0.37172313252724165,0.0,120.93015890423109,109.78092020079117,0.883791546331955,0.0
121.38631430685939,110.92890010969953,0.6802393486748805,0.0,120.86717550593528,109.89601970440245,0.6698656675436899,0.0,121.50370110393513,110.57165816555727,0.9936111560539578,0.0,121.42946434478178,110.62867167678752,0.37172313252724165,0.0
120.92791473072052,109.22665298735171,0.6743523983255147,0.0,121.38631430685939,110.92890010969953,0.6802393486748805,0.0,120.86717550593528,109.89601970440245,0.6698656675436899,0.0,121.50370110393513,110.57165816555727,0.9936111560539578,0.0
121.2529001875988,111.18684552473468,0.4723275479251379,0.0,120.92791473072052,109.22665298735171,0.6743523983255147,0.0,121.38631430685939,110.92890010969953,0.6802393486748805,0.0,120.86717550593528,109.89601970440245,0.6698656675436899,0.0
121.63177653085526,109.7958616412061,0.7832661749200014,0.0,121.2529001875988,111.18684552473468,0.4723275479251379,0.0,120.92791473072052,109.22665298735171,0.6743523983255147,0.0,121.38631430685939,110.92890010969953,0.6802393486748805,0.0
122.19071412306626,111.14991284930943,1.0233573002121077,0.0,121.63177653085526,109.7958616412061,0.7832661749200014,0.0,121.2529001875988,111.18684552473468,0.4723275479251379,0.0,120.92791473072052,109.22665298735171,0.6743523983255147,0.0
122.95833039249976,113.7016659837335,-0.05558014644940423,0.0,122.19071412306626,111.14991284930943,1.0233573002121077,0.0,121.63177653085526,109.7958616412061,0.7832661749200014,0.0,121.2529001875988,111.18684552473468,0.4723275479251379,0.0
122.14182231907213,110.85007663954832,0.6077060042795529,0.0,122.95833039249976,113.7016659837335,-0.05558014644940423,0.0,122.19071412306626,111.14991284930943,1.0233573002121077,0.0,121.63177653085526,109.7958616412061,0.7832661749200014,0.0
122.06963276419653,112.35176326059326,-0.34508119059419484,0.0,122.14182231907213,110.85007663954832,0.6077060042795529,0.0,122.95833039249976,113.7016659837335,-0.05558014644940423,0.0,122.19071412306626,111.14991284930943,1.0233573002121077,0.0
121.95316864169466,111.28739844280906,0.24020814969547277,0.0,122.06963276419653,112.35176326059326,-0.34508119059419484,0.0,122.14182231907213,110.85007663954832,0.6077060042795529,0.0,122.95833039249976,113.7016659837335,-0.05558014644940423,0.0
122.23598296067456,110.8685359132331,0.7555190881701699,0.0,121.95316864169466,111.28739844280906,0.24020814969547277,0.0,122.06963276419653,112.35176326059326,-0.34508119059419484,0.0,122.14182231907213,110.85007663954832,0.6077060042795529,0.0
122.29334880536337,112.0654389728623,0.058932055428536856,0.0,122.23598296067456,110.8685359132331,0.7555190881701699,0.0,121.95316864169466,111.28739844280906,0.24020814969547277,0.0,122.06963276419653,112.35176326059326,-0.34508119059419484,0.0
122.03398745411461,112.48836937615548,-0.1582614996344629,0.0,122.29334880536337,112.0654389728623,0.058932055428536856,0.0,122.23598296067456,110.8685359132331,0.7555190881701699,0.0,121.95316864169466,111.28739844280906,0.24020814969547277,0.0
121.80681773974331,111.99842258485924,-0.6794615339505382,0.0,122.03398745411461,112.48836937615548,-0.1582614996344629,0.0,122.29334880536337,112.0654389728623,0.058932055428536856,0.0,122.23598296067456,110.8685359132331,0.7555190881701699,0.0
121.29018682359406,111.94083881217159,-0.6510297423047982,0.0,121.80681773974331,111.99842258485924,-0.6794615339505382,0.0,122.03398745411461,112.48836937615548,-0.1582614996344629,0.0,122.29334880536337,112.0654389728623,0.058932055428536856,0.0
121.91379490356846,112.24570693020095,-0.6748409359367092,0.0,121.29018682359406,111.94083881217159,-0.6510297423047982,0.0,121.80681773974331,111.99842258485924,-0.6794615339505382,0.0,122.03398745411461,112.48836937615548,-0.1582614996344629,0.0
122.09456440493238,113.32147217444279,-0.1500424826146975,0.0,121.91379490356846,112.24570693020095,-0.6748409359367092,0.0,121.29018682359406,111.94083881217159,-0.6510297423047982,0.0,121.80681773974331,111.99842258485924,-0.6794615339505382,0.0
122.54520589058775,111.78659464511475,0.5351203869680462,0.0,122.09456440493238,113.32147217444279,-0.1500424826146975,0.0,121.91379490356846,112.24570693020095,-0.6748409359367092,0.0,121.29018682359406,111.94083881217159,-0.6510297423047982,0.0
122.30599896128793,111.49935365889104,1.125938214969415,0.0,122.54520589058775,111.78659464511475,0.5351203869680462,0.0,122.09456440493238,113.32147217444279,-0.1500424826146975,0.0,121.91379490356846,112.24570693020095,-0.6748409359367092,0.0
121.98923571766373,110.54291434038808,0.619666558686381,0.0,122.30599896128793,111.49935365889104,1.125938214969415,0.0,122.54520589058775,111.78659464511475,0.5351203869680462,0.0,122.09456440493238,113.32147217444279,-0.1500424826146975,0.0
121.51177556192138,110.80910957789996,0.39112231007684095,0.0,121.98923571766373,110.54291434038808,0.619666558686381,0.0,122.30599896128793,111.49935365889104,1.125938214969415,0.0,122.54520589058775,111.78659464511475,0.5351203869680462,0.0
121.77946154538212,112.18835392050647,-0.5288212480490023,0.0,121.51177556192138,110.80910957789996,0.39112231007684095,0.0,121.98923571766373,110.54291434038808,0.619666558686381,0.0,122.30599896128793,111.49935365889104,1.125938214969415,0.0
121.30907692599139,111.89191396100358,-0.8259920316872962,0.0,121.77946154538212,112.18835392050647,-0.5288212480490023,0.0,121.51177556192138,110.80910957789996,0.39112231007684095,0.0,121.98923571766373,110.54291434038808,0.619666558686381,0.0
122.32163206048992,112.9992202957294,-0.1783678088011082,0.0,121.30907692599139,111.89191396100358,-0.8259920316872962,0.0,121.77946154538212,112.18835392050647,-0.5288212480490023,0.0,121.51177556192138,110.80910957789996,0.39112231007684095,0.0
121.69268631747151,110.21596080747426,0.6650971647332293,0.0,122.32163206048992,112.9992202957294,-0.1783678088011082,0.0,121.30907692599139,111.89191396100358,-0.8259920316872962,0.0,121.77946154538212,112.18835392050647,-0.5288212480490023,0.0
121.93953194174878,111.02894343669368,-0.08509670415337756,0.0,121.69268631747151,110.21596080747426,0.6650971647332293,0.0,122.32163206048992,112.9992202957294,-0.1783678088011082,0.0,121.30907692599139,111.89191396100358,-0.8259920316872962,0.0
122.69205740011874,112.85991013774378,-0.36430949289914916,0.0,121.93953194174878,111.02894343669368,-0.08509670415337756,0.0,121.69268631747151,110.21596080747426,0.6650971647332293,0.0,122.32163206048992,112.9992202957294,-0.1783678088011082,0.0
122.83592225266793,112.34537094117991,-0.3046504727987828,0.0,122.69205740011874,112.85991013774378,-0.36430949289914916,0.0,121.93953194174878,111.02894343669368,-0.08509670415337756,0.0,121.69268631747151,110.21596080747426,0.6650971647332293,0.0
122.70206091759235,113.09027481575788,-0.10363979882922286,0.0,122.83592225266793,112.34537094117991,-0.3046504727987828,0.0,122.69205740011874,112.85991013774378,-0.36430949289914916,0.0,121.93953194174878,111.02894343669368,-0.08509670415337756,0.0
122.03151751570105,112.91778789783774,-0.48771359902420136,0.0,122.70206091759235,113.09027481575788,-0.10363979882922286,0.0,122.83592225266793,112.34537094117991,-0.3046504727987828,0.0,122.69205740011874,112.85991013774378,-0.36430949289914916,0.0
121.35851954204367,111.51619752466652,-0.17814035698731626,0.0,122.03151751570105,112.91778789783774,-0.48771359902420136,0.0,122.70206091759235,113.09027481575788,-0.10363979882922286,0.0,122.83592225266793,112.34537094117991,-0.3046504727987828,0.0
121.8702310629492,112.03219250289058,-0.3794319591253111,0.0,121.35851954204367,111.51619752466652,-0.17814035698731626,0.0,122.03151751570105,112.91778789783774,-0.48771359902420136,0.0,122.70206091759235,113.09027481575788,-0.10363979882922286,0.0
122.59416211293218,113.10192715629316,-0.3107717027393884,0.0,121.8702310629492,112.03219250289058,-0.3794319591253111,0.0,121.35851954204367,111.51619752466652,-0.17814035698731626,0.0,122.03151751570105,112.91778789783774,-0.48771359902420136,0.0
122.25769060757754,111.96428175058296,0.024524761810339024,0.0,122.59416211293218,113.10192715629316,-0.3107717027393884,0.0,121.8702310629492,112.03219250289058,-0.3794319591253111,0.0,121.35851954204367,111.51619752466652,-0.17814035698731626,0.0
121.66230763478418,111.48628194939369,0.02283094435374013,0.0,122.25769060757754,111.96428175058296,0.024524761810339024,0.0,122.59416211293218,113.10192715629316,-0.3107717027393884,0.0,121.8702310629492,112.03219250289058,-0.3794319591253111,0.0
120.53886410826814,111.23794568569397,-0.1999281897802922,0.0,121.66230763478418,111.48628194939369,0.02283094435374013,0.0,122.25769060757754,111.96428175058296,0.024524761810339024,0.0,122.59416211293218,113.10192715629316,-0.3107717027393884,0.0
120.42184887383827,110.37719981889956,-0.2147474537871492,0.0,120.53886410826814,111.23794568569397,-0.1999281897802922,0.0,121.66230763478418,111.48628194939369,0.02283094435374013,0.0,122.25769060757754,111.96428175058296,0.024524761810339024,0.0
120.75375229690717,110.53796761827877,-0.21597944263238705,0.0,120.42184887383827,110.37719981889956,-0.2147474537871492,0.0,120.53886410826814,111.23794568569397,-0.1999281897802922,0.0,121.66230763478418,111.48628194939369,0.02283094435374013,0.0
121.79901022612526,112.07106463637703,-0.3577890690469735,0.0,120.75375229690717,110.53796761827877,-0.21597944263238705,0.0,120.42184887383827,110.37719981889956,-0.2147474537871492,0.0,120.53886410826814,111.23794568569397,-0.1999281897802922,0.0
122.17505691930445,112.01436215424471,-0.41562928657112996,0.0,121.79901022612526,112.07106463637703,-0.3577890690469735,0.0,120.75375229690717,110.53796761827877,-0.21597944263238705,0.0,120.42184887383827,110.37719981889956,-0.2147474537871492,0.0
122.27189919119932,112.41378093195235,0.46682015599545446,0.0,122.17505691930445,112.01436215424471,-0.41562928657112996,0.0,121.79901022612526,112.07106463637703,-0.3577890690469735,0.0,120.75375229690717,110.53796761827877,-0.21597944263238705,0.0
122.05890864314338,111.17101758331046,0.6539158487669829,0.0,122.27189919119932,112.41378093195235,0.46682015599545446,0.0,122.17505691930445,112.01436215424471,-0.41562928657112996,0.0,121.79901022612526,112.07106463637703,-0.3577890690469735,0.0
121.75719682307312,111.96694465627249,0.37539251999900625,0.0,122.05890864314338,111.17101758331046,0.6539158487669829,0.0,122.27189919119932,112.41378093195235,0.46682015599545446,0.0,122.17505691930445,112.01436215424471,-0.41562928657112996,0.0
122.4887321753994,112.39698163626133,0.6487912182545729,0.0,121.75719682307312,111.96694465627249,0.37539251999900625,0.0,122.05890864314338,111.17101758331046,0.6539158487669829,0.0,122.27189919119932,112.41378093195235,0.46682015599545446,0.0
122.46970276318244,112.4330449503257,0.3521232297256533,0.0,122.4887321753994,112.39698163626133,0.6487912182545729,0.0,121.75719682307312,111.96694465627249,0.37539251999900625,0.0,122.05890864314338,111.17101758331046,0.6539158487669829,0.0
121.37554610011883,110.97831528933213,0.8682609025738433,0.0,122.46970276318244,112.4330449503257,0.3521232297256533,0.0,122.4887321753994,112.39698163626133,0.6487912182545729,0.0,121.75719682307312,111.96694465627249,0.37539251999900625,0.0
121.23232252531983,110.62689061653225,0.8794298181581216,0.0,121.37554610011883,110.97831528933213,0.8682609025738433,0.0,122.46970276318244,112.4330449503257,0.3521232297256533,0.0,122.4887321753994,112.39698163626133,0.6487912182545729,0.0
121.03227703402715,110.48945940685832,0.649892782524383,0.0,121.23232252531983,110.62689061653225,0.8794298181581216,0.0,121.37554610011883,110.97831528933213,0.8682609025738433,0.0,122.46970276318244,112.4330449503257,0.3521232297256533,0.0
121.05791154213097,109.89556161004063,0.7437726889246452,0.0,121.03227703402715,110.48945940685832,0.649892782524383,0.0,121.23232252531983,110.62689061653225,0.8794298181581216,0.0,121.37554610011883,110.97831528933213,0.8682609025738433,0.0
121.53355675393806,111.88455619818544,-0.1904199248945334,0.0,121.05791154213097,109.89556161004063,0.7437726889246452,0.0,121.03227703402715,110.48945940685832,0.649892782524383,0.0,121.23232252531983,110.62689061653225,0.8794298181581216,0.0
121.52161555796721,113.03014808572254,-0.7157196743705294,0.0,121.53355675393806,111.88455619818544,-0.1904199248945334,0.0,121.05791154213097,109.89556161004063,0.7437726889246452,0.0,121.03227703402715,110.48945940685832,0.649892782524383,0.0
121.57036621609478,112.1698705355432,-1.1695382426959513,0.0,121.52161555796721,113.03014808572254,-0.7157196743705294,0.0,121.53355675393806,111.88455619818544,-0.1904199248945334,0.0,121.05791154213097,109.89556161004063,0.7437726889246452,0.0
122.23704223605651,113.51974634963892,-0.8641590467749077,0.0,121.57036621609478,112.1698705355432,-1.1695382426959513,0.0,121.52161555796721,113.03014808572254,-0.7157196743705294,0.0,121.53355675393806,111.88455619818544,-0.1904199248945334,0.0
121.85588737751465,111.71031732874434,0.17493026232261977,0.0,122.23704223605651,113.51974634963892,-0.8641590467749077,0.0,121.57036621609478,112.1698705355432,-1.1695382426959513,0.0,121.52161555796721,113.03014808572254,-0.7157196743705294,0.0
122.84833599216823,111.36947345574347,1.255594282954412,0.0,121.85588737751465,111.71031732874434,0.17493026232261977,0.0,122.23704223605651,113.51974634963892,-0.8641590467749077,0.0,121.57036621609478,112.1698705355432,-1.1695382426959513,0.0
122.39445743558412,110.9711512492988,1.3235009770839081,0.0,122.84833599216823,111.36947345574347,1.255594282954412,0.0,121.85588737751465,111.71031732874434,0.17493026232261977,0.0,122.23704223605651,113.51974634963892,-0.8641590467749077,0.0
122.43141017754152,110.57509738464145,1.309223019139355,0.0,122.39445743558412,110.9711512492988,1.3235009770839081,0.0,122.84833599216823,111.36947345574347,1.255594282954412,0.0,121.85588737751465,111.71031732874434,0.17493026232261977,0.0
122.21318466697944,111.82683354704798,0.14684954823511454,0.0,122.43141017754152,110.57509738464145,1.309223019139355,0.0,122.39445743558412,110.9711512492988,1.3235009770839081,0.0,122.84833599216823,111.36947345574347,1.255594282954412,0.0
122.19336352169302,112.7778755728205,-0.15385726127891924,0.0,122.21318466697944,111.82683354704798,0.14684954823511454,0.0,122.43141017754152,110.57509738464145,1.309223019139355,0.0,122.39445743558412,110.9711512492988,1.3235009770839081,0.0
122.3862876047542,111.81398420273564,-0.5169776849772548,0.0,122.19336352169302,112.7778755728205,-0.15385726127891924,0.0,122.21318466697944,111.82683354704798,0.14684954823511454,0.0,122.43141017754152,110.57509738464145,1.309223019139355,0.0
122.47105308864371,113.09789230408197,-0.7240059471073619,0.0,122.3862876047542,111.81398420273564,-0.5169776849772548,0.0,122.19336352169302,112.7778755728205,-0.15385726127891924,0.0,122.21318466697944,111.82683354704798,0.14684954823511454,0.0
121.9651775872288,112.70212436751785,-0.6632766669782844,0.0,122.47105308864371,113.09789230408197,-0.7240059471073619,0.0,122.3862876047542,111.81398420273564,-0.5169776849772548,0.0,122.19336352169302,112.7778755728205,-0.15385726127891924,0.0
121.42519003382294,111.70989394472633,-0.7666666224311912,0.0,121.9651775872288,112.70212436751785,-0.6632766669782844,0.0,122.47105308864371,113.09789230408197,-0.7240059471073619,0.0,122.3862876047542,111.81398420273564,-0.5169776849772548,0.0
122.68364289143128,114.1619006215991,-1.602983203132847,0.0,121.42519003382294,111.70989394472633,-0.7666666224311912,0.0,121.9651775872288,112.70212436751785,-0.6632766669782844,0.0,122.47105308864371,113.09789230408197,-0.7240059471073619,0.0
122.25664883471035,112.9654661726882,-0.9084314344475108,0.0,122.68364289143128,114.1619006215991,-1.602983203132847,0.0,121.42519003382294,111.70989394472633,-0.7666666224311912,0.0,121.9651775872288,112.70212436751785,-0.6632766669782844,0.0
122.52768957528372,112.54471423641127,-1.263116660427912,0.0,122.25664883471035,112.9654661726882,-0.9084314344475108,0.0,122.68364289143128,114.1619006215991,-1.602983203132847,0.0,121.42519003382294,111.70989394472633,-0.7666666224311912,0.0
121.58753283280446,112.61596344321873,-0.8908698962867548,0.0,122.52768957528372,112.54471423641127,-1.263116660427912,0.0,122.25664883471035,112.9654661726882,-0.9084314344475108,0.0,122.68364289143128,114.1619006215991,-1.602983203132847,0.0
121.56046967126959,111.39500470043274,0.3243454178455828,0.0,121.58753283280446,112.61596344321873,-0.8908698962867548,0.0,122.52768957528372,112.54471423641127,-1.263116660427912,0.0,122.25664883471035,112.9654661726882,-0.9084314344475108,0.0
121.5977901997609,111.73971690527142,-0.20021596151674542,0.0,121.56046967126959,111.39500470043274,0.3243454178455828,0.0,121.58753283280446,112.61596344321873,-0.8908698962867548,0.0,122.52768957528372,112.54471423641127,-1.263116660427912,0.0
121.87634453965032,112.76590310244634,-1.4253165305865612,0.0,121.5977901997609,111.73971690527142,-0.20021596151674542,0.0,121.56046967126959,111.39500470043274,0.3243454178455828,0.0,121.58753283280446,112.61596344321873,-0.8908698962867548,0.0
120.51240232733244,112.54892467783694,-1.2832553354093044,0.0,121.87634453965032,112.76590310244634,-1.4253165305865612,0.0,121.5977901997609,111.73971690527142,-0.20021596151674542,0.0,121.56046967126959,111.39500470043274,0.3243454178455828,0.0
120.87623528435886,112.33513768092524,-0.4761244508281579,0.0,120.51240232733244,112.54892467783694,-1.2832553354093044,0.0,121.87634453965032,112.76590310244634,-1.4253165305865612,0.0,121.5977901997609,111.73971690527142,-0.20021596151674542,0.0
120.61081269177146,110.30609616063376,0.5982741664477707,0.0,120.87623528435886,112.33513768092524,-0.4761244508281579,0.0,120.51240232733244,112.54892467783694,-1.2832553354093044,0.0,121.87634453965032,112.76590310244634,-1.4253165305865612,0.0
121.05063539222357,112.00375233582122,-0.1361554640679919,0.0,120.61081269177146,110.30609616063376,0.5982741664477707,0.0,120.87623528435886,112.33513768092524,-0.4761244508281579,0.0,120.51240232733244,112.54892467783694,-1.2832553354093044,0.0
120.77970875589507,110.85269918929404,0.13942524036386733,0.0,121.05063539222357,112.00375233582122,-0.1361554640679919,0.0,120.61081269177146,110.30609616063376,0.5982741664477707,0.0,120.87623528435886,112.33513768092524,-0.4761244508281579,0.0
120.66907847366814,110.53894366170243,-0.1211150360989328,0.0,120.77970875589507,110.85269918929404,0.13942524036386733,0.0,121.05063539222357,112.00375233582122,-0.1361554640679919,0.0,120.61081269177146,110.30609616063376,0.5982741664477707,0.0
120.82732089699762,111.42256153480497,-0.1498662060312141,0.0,120.66907847366814,110.53894366170243,-0.1211150360989328,0.0,120.77970875589507,110.85269918929404,0.13942524036386733,0.0,121.05063539222357,112.00375233582122,-0.1361554640679919,0.0
120.6287002417249,110.139834821432,1.202278708683546,0.0,120.82732089699762,111.42256153480497,-0.1498662060312141,0.0,120.66907847366814,110.53894366170243,-0.1211150360989328,0.0,120.77970875589507,110.85269918929404,0.13942524036386733,0.0
120.74042218018342,110.49541579657651,0.21033780274926028,0.0,120.6287002417249,110.139834821432,1.202278708683546,0.0,120.82732089699762,111.42256153480497,-0.1498662060312141,0.0,120.66907847366814,110.53894366170243,-0.1211150360989328,0.0
120.50663852441694,109.78022670916266,0.295140072946695,0.0,120.74042218018342,110.49541579657651,0.21033780274926028,0.0,120.6287002417249,110.139834821432,1.202278708683546,0.0,120.82732089699762,111.42256153480497,-0.1498662060312141,0.0
119.9712849427936,110.34881301781184,0.4699586442400726,0.0,120.50663852441694,109.78022670916266,0.295140072946695,0.0,120.74042218018342,110.49541579657651,0.21033780274926028,0.0,120.6287002417249,110.139834821432,1.202278708683546,0.0
121.00233837552409,109.67336209850936,0.9188600778617317,0.0,119.9712849427936,110.34881301781184,0.4699586442400726,0.0,120.50663852441694,109.78022670916266,0.295140072946695,0.0,120.74042218018342,110.49541579657651,0.21033780274926028,0.0
120.67950761052573,109.48677486963172,0.7840796390248331,0.0,121.00233837552409,109.67336209850936,0.9188600778617317,0.0,119.9712849427936,110.34881301781184,0.4699586442400726,0.0,120.50663852441694,109.78022670916266,0.295140072946695,0.0
120.96874497258963,109.71041344053938,0.7812889809719177,0.0,120.67950761052573,109.48677486963172,0.7840796390248331,0.0,121.00233837552409,109.67336209850936,0.9188600778617317,0.0,119.9712849427936,110.34881301781184,0.4699586442400726,0.0
121.62225130404164,110.58380429553918,0.4292069010666386,0.0,120.96874497258963,109.71041344053938,0.7812889809719177,0.0,120.67950761052573,109.48677486963172,0.7840796390248331,0.0,121.00233837552409,109.67336209850936,0.9188600778617317,0.0
121.49454837111008,109.91561241730443,0.47792899147586454,0.0,121.62225130404164,110.58380429553918,0.4292069010666386,0.0,120.96874497258963,109.71041344053938,0.7812889809719177,0.0,120.67950761052573,109.48677486963172,0.7840796390248331,0.0
121.2235150462585,111.19081401513606,0.2107470554319864,0.0,121.49454837111008,109.91561241730443,0.47792899147586454,0.0,121.62225130404164,110.58380429553918,0.4292069010666386,0.0,120.96874497258963,109.71041344053938,0.7812889809719177,0.0
121.54156147648204,111.00739209716949,0.4793835892736146,0.0,121.2235150462585,111.19081401513606,0.2107470554319864,0.0,121.49454837111008,109.91561241730443,0.47792899147586454,0.0,121.62225130404164,110.58380429553918,0.4292069010666386,0.0
122.18260973036939,112.19212724359633,0.19870170339707469,0.0,121.54156147648204,111.00739209716949,0.4793835892736146,0.0,121.2235150462585,111.19081401513606,0.2107470554319864,0.0,121.49454837111008,109.91561241730443,0.47792899147586454,0.0
121.59890966748058,111.25040968543394,0.347511559668753,0.0,122.18260973036939,112.19212724359633,0.19870170339707469,0.0,121.54156147648204,111.00739209716949,0.4793835892736146,0.0,121.2235150462585,111.19081401513606,0.2107470554319864,0.0
121.6719471846774,110.64213266596673,0.2633778408925132,0.0,121.59890966748058,111.25040968543394,0.347511559668753,0.0,122.18260973036939,112.19212724359633,0.19870170339707469,0.0,121.54156147648204,111.00739209716949,0.4793835892736146,0.0
120.92987757910952,110.82865742297477,0.7737273981000946,0.0,121.6719471846774,110.64213266596673,0.2633778408925132,0.0,121.59890966748058,111.25040968543394,0.347511559668753,0.0,122.18260973036939,112.19212724359633,0.19870170339707469,0.0
121.0051805452159,110.84242032461287,0.5932850566858326,0.0,120.92987757910952,110.82865742297477,0.7737273981000946,0.0,121.6719471846774,110.64213266596673,0.2633778408925132,0.0,121.59890966748058,111.25040968543394,0.347511559668753,0.0
121.27150656420632,110.99480428470878,-0.41188818875477456,0.0,121.0051805452159,110.84242032461287,0.5932850566858326,0.0,120.92987757910952,110.82865742297477,0.7737273981000946,0.0,121.6719471846774,110.64213266596673,0.2633778408925132,0.0
121.07663462202642,110.2651661692222,0.3014501993531762,0.0,121.27150656420632,110.99480428470878,-0.41188818875477456,0.0,121.0051805452159,110.84242032461287,0.5932850566858326,0.0,120.92987757910952,110.82865742297477,0.7737273981000946,0.0
121.06014113332444,111.45341294768178,-0.2117059909487685,0.0,121.07663462202642,110.2651661692222,0.3014501993531762,0.0,121.27150656420632,110.99480428470878,-0.41188818875477456,0.0,121.0051805452159,110.84242032461287,0.5932850566858326,0.0
120.61004492802826,110.67909188955133,-0.4962479620834247,0.0,121.06014113332444,111.45341294768178,-0.2117059909487685,0.0,121.07663462202642,110.2651661692222,0.3014501993531762,0.0,121.27150656420632,110.99480428470878,-0.41188818875477456,0.0
120.95272780318213,111.47694889862458,-0.6948290166884858,0.0,120.61004492802826,110.67909188955133,-0.4962479620834247,0.0,121.06014113332444,111.45341294768178,-0.2117059909487685,0.0,121.07663462202642,110.2651661692222,0.3014501993531762,0.0
121.7467657370229,110.86527259928775,0.13135583323461997,0.0,120.95272780318213,111.47694889862458,-0.6948290166884858,0.0,120.61004492802826,110.67909188955133,-0.4962479620834247,0.0,121.06014113332444,111.45341294768178,-0.2117059909487685,0.0
121.24053883100827,112.16603647449656,-0.9627524404016518,0.0,121.7467657370229,110.86527259928775,0.13135583323461997,0.0,120.95272780318213,111.47694889862458,-0.6948290166884858,0.0,120.61004492802826,110.67909188955133,-0.4962479620834247,0.0
121.18730438105018,109.87581600960519,0.7986723145086754,0.0,121.24053883100827,112.16603647449656,-0.9627524404016518,0.0,121.7467657370229,110.86527259928775,0.13135583323461997,0.0,120.95272780318213,111.47694889862458,-0.6948290166884858,0.0
121.73858594155863,109.25061373017235,1.1669662561399663,0.0,121.18730438105018,109.87581600960519,0.7986723145086754,0.0,121.24053883100827,112.16603647449656,-0.9627524404016518,0.0,121.7467657370229,110.86527259928775,0.13135583323461997,0.0
122.44202496655551,111.09778292705522,1.045192461976553,0.0,121.73858594155863,109.25061373017235,1.1669662561399663,0.0,121.18730438105018,109.87581600960519,0.7986723145086754,0.0,121.24053883100827,112.16603647449656,-0.9627524404016518,0.0
121.66542249499855,110.83205144282803,0.8087069692730992,0.0,122.44202496655551,111.09778292705522,1.045192461976553,0.0,121.73858594155863,109.25061373017235,1.1669662561399663,0.0,121.18730438105018,109.87581600960519,0.7986723145086754,0.0
121.7195180310131,110.56855192555531,0.7897426128473077,0.0,121.66542249499855,110.83205144282803,0.8087069692730992,0.0,122.44202496655551,111.09778292705522,1.045192461976553,0.0,121.73858594155863,109.25061373017235,1.1669662561399663,0.0
121.95491959975097,111.24520472438536,0.8923553044675154,0.0,121.7195180310131,110.56855192555531,0.7897426128473077,0.0,121.66542249499855,110.83205144282803,0.8087069692730992,0.0,122.44202496655551,111.09778292705522,1.045192461976553,0.0
122.0232678847161,109.79279199540471,1.0364920365490409,0.0,121.95491959975097,111.24520472438536,0.8923553044675154,0.0,121.7195180310131,110.56855192555531,0.7897426128473077,0.0,121.66542249499855,110.83205144282803,0.8087069692730992,0.0
120.89530461275122,109.69827323166228,1.106995862240957,0.0,122.0232678847161,109.79279199540471,1.0364920365490409,0.0,121.95491959975097,111.24520472438536,0.8923553044675154,0.0,121.7195180310131,110.56855192555531,0.7897426128473077,0.0
121.43474734606738,110.64082697575978,0.9303870304203901,0.0,120.89530461275122,109.69827323166228,1.106995862240957,0.0,122.0232678847161,109.79279199540471,1.0364920365490409,0.0,121.95491959975097,111.24520472438536,0.8923553044675154,0.0
122.30367223617417,112.07587632450154,0.6456404141826491,0.0,121.43474734606738,110.64082697575978,0.9303870304203901,0.0,120.89530461275122,109.69827323166228,1.106995862240957,0.0,122.0232678847161,109.79279199540471,1.0364920365490409,0.0
122.33404090837165,111.34455512304905,0.44087568951936346,0.0,122.30367223617417,112.07587632450154,0.6456404141826491,0.0,121.43474734606738,110.64082697575978,0.9303870304203901,0.0,120.89530461275122,109.69827323166228,1.106995862240957,0.0
121.79630638661223,111.10746626875923,0.2552464114391503,0.0,122.33404090837165,111.34455512304905,0.44087568951936346,0.0,122.30367223617417,112.07587632450154,0.6456404141826491,0.0,121.43474734606738,110.64082697575978,0.9303870304203901,0.0
121.62533498638241,111.10292999450462,0.7710821775848525,0.0,121.79630638661223,111.10746626875923,0.2552464114391503,0.0,122.33404090837165,111.34455512304905,0.44087568951936346,0.0,122.30367223617417,112.07587632450154,0.6456404141826491,0.0
122.61458858259257,111.41271880682302,0.9136441032083129,0.0,121.62533498638241,111.10292999450462,0.7710821775848525,0.0,121.79630638661223,111.10746626875923,0.2552464114391503,0.0,122.33404090837165,111.34455512304905,0.44087568951936346,0.0
122.83045170053407,114.32400871940595,-0.7392790347654897,0.0,122.61458858259257,111.41271880682302,0.9136441032083129,0.0,121.62533498638241,111.10292999450462,0.7710821775848525,0.0,121.79630638661223,111.10746626875923,0.2552464114391503,0.0
122.92935742097035,113.1003449729813,-0.2634728395475113,0.0,122.83045170053407,114.32400871940595,-0.7392790347654897,0.0,122.61458858259257,111.41271880682302,0.9136441032083129,0.0,121.62533498638241,111.10292999450462,0.7710821775848525,0.0
122.88318155107758,112.77021354931784,-0.1134101742786216,0.0,122.92935742097035,113.1003449729813,-0.2634728395475113,0.0,122.83045170053407,114.32400871940595,-0.7392790347654897,0.0,122.61458858259257,111.41271880682302,0.9136441032083129,0.0
122.39395790868883,111.64037552155509,-0.100082517645846,0.0,122.88318155107758,112.77021354931784,-0.1134101742786216,0.0,122.92935742097035,113.1003449729813,-0.2634728395475113,0.0,122.83045170053407,114.32400871940595,-0.7392790347654897,0.0
122.17323238525896,112.83296702728444,-0.27432524066111974,0.0,122.39395790868883,111.64037552155509,-0.100082517645846,0.0,122.88318155107758,112.77021354931784,-0.1134101742786216,0.0,122.92935742097035,113.1003449729813,-0.2634728395475113,0.0
122.08075765049624,112.37733779743331,0.3425961674641109,0.0,122.17323238525896,112.83296702728444,-0.27432524066111974,0.0,122.39395790868883,111.64037552155509,-0.100082517645846,0.0,122.88318155107758,112.77021354931784,-0.1134101742786216,0.0
122.3375234168169,112.03739723224669,0.7478401650327177,0.0,122.08075765049624,112.37733779743331,0.3425961674641109,0.0,122.17323238525896,112.83296702728444,-0.27432524066111974,0.0,122.39395790868883,111.64037552155509,-0.100082517645846,0.0
122.95395774569982,113.4104086977429,0.21183329811436957,0.0,122.3375234168169,112.03739723224669,0.7478401650327177,0.0,122.08075765049624,112.37733779743331,0.3425961674641109,0.0,122.17323238525896,112.83296702728444,-0.27432524066111974,0.0
123.30895365524104,112.26763219430777,0.37299278205376324,0.0,122.95395774569982,113.4104086977429,0.21183329811436957,0.0,122.3375234168169,112.03739723224669,0.7478401650327177,0.0,122.08075765049624,112.37733779743331,0.3425961674641109,0.0
122.34934763960862,111.76246213372423,-0.1874341416276324,0.0,123.30895365524104,112.26763219430777,0.37299278205376324,0.0,122.95395774569982,113.4104086977429,0.21183329811436957,0.0,122.3375234168169,112.03739723224669,0.7478401650327177,0.0
122.34046970552508,113.02011781224721,-0.8397563956965712,0.0,122.34934763960862,111.76246213372423,-0.1874341416276324,0.0,123.30895365524104,112.26763219430777,0.37299278205376324,0.0,122.95395774569982,113.4104086977429,0.21183329811436957,0.0
122.59241107067004,112.9669273266797,-0.9851637288522397,0.0,122.34046970552508,113.02011781224721,-0.8397563956965712,0.0,122.34934763960862,111.76246213372423,-0.1874341416276324,0.0,123.30895365524104,112.26763219430777,0.37299278205376324,0.0
122.73224882740794,113.02220388400823,-0.35693424689041237,0.0,122.59241107067004,112.9669273266797,-0.9851637288522397,0.0,122.34046970552508,113.02011781224721,-0.8397563956965712,0.0,122.34934763960862,111.76246213372423,-0.1874341416276324,0.0
122.26510013837992,112.12164083705457,0.19101512517571345,0.0,122.73224882740794,113.02220388400823,-0.35693424689041237,0.0,122.59241107067004,112.9669273266797,-0.9851637288522397,0.0,122.34046970552508,113.02011781224721,-0.8397563956965712,0.0
123.60121573202022,113.3583797313579,0.40935481018921727,0.0,122.26510013837992,112.12164083705457,0.19101512517571345,0.0,122.73224882740794,113.02220388400823,-0.35693424689041237,0.0,122.59241107067004,112.9669273266797,-0.9851637288522397,0.0
122.63730677785233,112.10247053196576,0.6900317415753724,0.0,123.60121573202022,113.3583797313579,0.40935481018921727,0.0,122.26510013837992,112.12164083705457,0.19101512517571345,0.0,122.73224882740794,113.02220388400823,-0.35693424689041237,0.0
121.9714875113162,111.93527375265296,0.8101145368177771,0.0,122.63730677785233,112.10247053196576,0.6900317415753724,0.0,123.60121573202022,113.3583797313579,0.40935481018921727,0.0,122.26510013837992,112.12164083705457,0.19101512517571345,0.0
122.11139186701531,111.65191365336887,0.3273508318427456,0.0,121.9714875113162,111.93527375265296,0.8101145368177771,0.0,122.63730677785233,112.10247053196576,0.6900317415753724,0.0,123.60121573202022,113.3583797313579,0.40935481018921727,0.0
123.11466549545656,112.65699051275243,0.4778419378111668,0.0,122.11139186701531,111.65191365336887,0.3273508318427456,0.0,121.9714875113162,111.93527375265296,0.8101145368177771,0.0,122.63730677785233,112.10247053196576,0.6900317415753724,0.0
122.50608848072214,111.35092980582044,0.7824783128627746,0.0,123.11466549545656,112.65699051275243,0.4778419378111668,0.0,122.11139186701531,111.65191365336887,0.3273508318427456,0.0,121.9714875113162,111.93527375265296,0.8101145368177771,0.0
122.30900105230955,111.25911098889324,1.003128315197007,0.0,122.50608848072214,111.35092980582044,0.7824783128627746,0.0,123.11466549545656,112.65699051275243,0.4778419378111668,0.0,122.11139186701531,111.65191365336887,0.3273508318427456,0.0
122.81107433591527,111.49546684880488,1.396959337894927,0.0,122.30900105230955,111.25911098889324,1.003128315197007,0.0,122.50608848072214,111.35092980582044,0.7824783128627746,0.0,123.11466549545656,112.65699051275243,0.4778419378111668,0.0
122.65879479546096,111.62267191654828,1.4717193939164737,0.0,122.81107433591527,111.49546684880488,1.396959337894927,0.0,122.30900105230955,111.25911098889324,1.003128315197007,0.0,122.50608848072214,111.35092980582044,0.7824783128627746,0.0
122.40875497235179,111.01957873503693,1.3530996189039706,0.0,122.65879479546096,111.62267191654828,1.4717193939164737,0.0,122.81107433591527,111.49546684880488,1.396959337894927,0.0,122.30900105230955,111.25911098889324,1.003128315197007,0.0
122.67538485743741,110.68871142774793,1.6175548142813903,0.0,122.40875497235179,111.01957873503693,1.3530996189039706,0.0,122.65879479546096,111.62267191654828,1.4717193939164737,0.0,122.81107433591527,111.49546684880488,1.396959337894927,0.0
122.67811673083588,111.96900300457722,1.2807832218005821,0.0,122.67538485743741,110.68871142774793,1.6175548142813903,0.0,122.40875497235179,111.01957873503693,1.3530996189039706,0.0,122.65879479546096,111.62267191654828,1.4717193939164737,0.0
123.0372229370671,112.40979680840013,0.5836892518266068,0.0,122.67811673083588,111.96900300457722,1.2807832218005821,0.0,122.67538485743741,110.68871142774793,1.6175548142813903,0.0,122.40875497235179,111.01957873503693,1.3530996189039706,0.0
123.42915215614198,112.92721276088784,0.3854179194894035,0.0,123.0372229370671,112.40979680840013,0.5836892518266068,0.0,122.67811673083588,111.96900300457722,1.2807832218005821,0.0,122.67538485743741,110.68871142774793,1.6175548142813903,0.0
123.2149197961764,113.63806917479721,-0.06411698681170169,0.0,123.42915215614198,112.92721276088784,0.3854179194894035,0.0,123.0372229370671,112.40979680840013,0.5836892518266068,0.0,122.67811673083588,111.96900300457722,1.2807832218005821,0.0
123.0320587196769,113.71486959906747,-0.3888827269365521,0.0,123.2149197961764,113.63806917479721,-0.06411698681170169,0.0,123.42915215614198,112.92721276088784,0.3854179194894035,0.0,123.0372229370671,112.40979680840013,0.5836892518266068,0.0
122.87552329738895,113.14358338991286,-0.38336551690700066,0.0,123.0320587196769,113.71486959906747,-0.3888827269365521,0.0,123.2149197961764,113.63806917479721,-0.06411698681170169,0.0,123.42915215614198,112.92721276088784,0.3854179194894035,0.0
122.83952692578781,114.1091398089597,-0.7029023740255812,0.0,122.87552329738895,113.14358338991286,-0.38336551690700066,0.0,123.0320587196769,113.71486959906747,-0.3888827269365521,0.0,123.2149197961764,113.63806917479721,-0.06411698681170169,0.0
122.64013316118591,113.18147396760119,-0.7163026640399851,0.0,122.83952692578781,114.1091398089597,-0.7029023740255812,0.0,122.87552329738895,113.14358338991286,-0.38336551690700066,0.0,123.0320587196769,113.71486959906747,-0.3888827269365521,0.0
122.39373900496254,114.36126565650105,-1.519849464708881,0.0,122.64013316118591,113.18147396760119,-0.7163026640399851,0.0,122.83952692578781,114.1091398089597,-0.7029023740255812,0.0,122.87552329738895,113.14358338991286,-0.38336551690700066,0.0
122.84229949600518,113.42010536756925,-1.1092327180806356,0.0,122.39373900496254,114.36126565650105,-1.519849464708881,0.0,122.64013316118591,113.18147396760119,-0.7163026640399851,0.0,122.83952692578781,114.1091398089597,-0.7029023740255812,0.0
123.37714686550211,113.09501642959137,-0.8867834367833964,0.0,122.84229949600518,113.42010536756925,-1.1092327180806356,0.0,122.39373900496254,114.36126565650105,-1.519849464708881,0.0,122.64013316118591,113.18147396760119,-0.7163026640399851,0.0
122.25764147313754,113.80599093894926,-1.1179710649608126,0.0,123.37714686550211,113.09501642959137,-0.8867834367833964,0.0,122.84229949600518,113.42010536756925,-1.1092327180806356,0.0,122.39373900496254,114.36126565650105,-1.519849464708881,0.0
122.18689642862101,112.48454651518611,-0.5647540177524476,0.0,122.25764147313754,113.80599093894926,-1.1179710649608126,0.0,123.37714686550211,113.09501642959137,-0.8867834367833964,0.0,122.84229949600518,113.42010536756925,-1.1092327180806356,0.0
121.79795282979308,112.14434192762278,0.016981854611321068,0.0,122.18689642862101,112.48454651518611,-0.5647540177524476,0.0,122.25764147313754,113.80599093894926,-1.1179710649608126,0.0,123.37714686550211,113.09501642959137,-0.8867834367833964,0.0
121.68513396429677,111.95485132589326,-0.7901944484954302,0.0,121.79795282979308,112.14434192762278,0.016981854611321068,0.0,122.18689642862101,112.48454651518611,-0.5647540177524476,0.0,122.25764147313754,113.80599093894926,-1.1179710649608126,0.0
121.87338849397521,113.51953564659729,-1.0135179480794514,0.0,121.68513396429677,111.95485132589326,-0.7901944484954302,0.0,121.79795282979308,112.14434192762278,0.016981854611321068,0.0,122.18689642862101,112.48454651518611,-0.5647540177524476,0.0
122.17683368880404,113.1319258429474,-1.1953855333572103,0.0,121.87338849397521,113.51953564659729,-1.0135179480794514,0.0,121.68513396429677,111.95485132589326,-0.7901944484954302,0.0,121.79795282979308,112.14434192762278,0.016981854611321068,0.0
121.99263429162221,113.8553887523071,-1.4262599772402007,0.0,122.17683368880404,113.1319258429474,-1.1953855333572103,0.0,121.87338849397521,113.51953564659729,-1.0135179480794514,0.0,121.68513396429677,111.95485132589326,-0.7901944484954302,0.0
121.04376106968344,111.87352392505892,-0.7262705608262863,0.0,121.99263429162221,113.8553887523071,-1.4262599772402007,0.0,122.17683368880404,113.1319258429474,-1.1953855333572103,0.0,121.87338849397521,113.51953564659729,-1.0135179480794514,0.0
120.75506091207393,111.94850306769501,-0.6779295180474308,0.0,121.04376106968344,111.87352392505892,-0.7262705608262863,0.0,121.99263429162221,113.8553887523071,-1.4262599772402007,0.0,122.17683368880404,113.1319258429474,-1.1953855333572103,0.0
121.46583549978759,111.72926129943295,-0.6746010350932501,0.0,120.75506091207393,111.94850306769501,-0.6779295180474308,0.0,121.04376106968344,111.87352392505892,-0.7262705608262863,0.0,121.99263429162221,113.8553887523071,-1.4262599772402007,0.0
120.19471436136925,112.15481654886702,-1.541612010277977,0.0,121.46583549978759,111.72926129943295,-0.6746010350932501,0.0,120.75506091207393,111.94850306769501,-0.6779295180474308,0.0,121.04376106968344,111.87352392505892,-0.7262705608262863,0.0
121.15952870644172,111.79912716989358,-0.9155805931177685,0.0,120.19471436136925,112.15481654886702,-1.541612010277977,0.0,121.46583549978759,111.72926129943295,-0.6746010350932501,0.0,120.75506091207393,111.94850306769501,-0.6779295180474308,0.0
121.53526745349814,113.05941013955027,-1.352093671920951,0.0,121.15952870644172,111.79912716989358,-0.9155805931177685,0.0,120.19471436136925,112.15481654886702,-1.541612010277977,0.0,121.46583549978759,111.72926129943295,-0.6746010350932501,0.0
122.21986167918892,113.32880648749196,-1.0517086224035967,0.0,121.53526745349814,113.05941013955027,-1.352093671920951,0.0,121.15952870644172,111.79912716989358,-0.9155805931177685,0.0,120.19471436136925,112.15481654886702,-1.541612010277977,0.0
122.0430140249033,112.67181450014706,-0.7026784289437816,0.0,122.21986167918892,113.32880648749196,-1.0517086224035967,0.0,121.53526745349814,113.05941013955027,-1.352093671920951,0.0,121.15952870644172,111.79912716989358,-0.9155805931177685,0.0
121.03864020843614,111.30136598950125,0.11818655476430018,0.0,122.0430140249033,112.67181450014706,-0.7026784289437816,0.0,122.21986167918892,113.32880648749196,-1.0517086224035967,0.0,121.53526745349814,113.05941013955027,-1.352093671920951,0.0
121.45081868338407,111.9054960823618,-0.5598609557481159,0.0,121.03864020843614,111.30136598950125,0.11818655476430018,0.0,122.0430140249033,112.67181450014706,-0.7026784289437816,0.0,122.21986167918892,113.32880648749196,-1.0517086224035967,0.0
122.13176917210463,113.32424673243634,-1.9576448425089055,0.0,121.45081868338407,111.9054960823618,-0.5598609557481159,0.0,121.03864020843614,111.30136598950125,0.11818655476430018,0.0,122.0430140249033,112.67181450014706,-0.7026784289437816,0.0
122.45201363401246,114.31525212855908,-1.474191101630277,0.0,122.13176917210463,113.32424673243634,-1.9576448425089055,0.0,121.45081868338407,111.9054960823618,-0.5598609557481159,0.0,121.03864020843614,111.30136598950125,0.11818655476430018,0.0
122.04343386144797,111.73662608035985,-0.27909729054879473,0.0,122.45201363401246,114.31525212855908,-1.474191101630277,0.0,122.13176917210463,113.32424673243634,-1.9576448425089055,0.0,121.45081868338407,111.9054960823618,-0.5598609557481159,0.0
122.12894269993184,110.98369853915725,0.3961953440306829,0.0,122.04343386144797,111.73662608035985,-0.27909729054879473,0.0,122.45201363401246,114.31525212855908,-1.474191101630277,0.0,122.13176917210463,113.32424673243634,-1.9576448425089055,0.0
121.84516328568849,111.83145479734065,0.4217859828618592,0.0,122.12894269993184,110.98369853915725,0.3961953440306829,0.0,122.04343386144797,111.73662608035985,-0.27909729054879473,0.0,122.45201363401246,114.31525212855908,-1.474191101630277,0.0
121.46162053905,112.0975371481218,0.09161069347346368,0.0,121.84516328568849,111.83145479734065,0.4217859828618592,0.0,122.12894269993184,110.98369853915725,0.3961953440306829,0.0,122.04343386144797,111.73662608035985,-0.27909729054879473,0.0
122.07464974475153,111.44681944156824,0.4768498530974261,0.0,121.46162053905,112.0975371481218,0.09161069347346368,0.0,121.84516328568849,111.83145479734065,0.4217859828618592,0.0,122.12894269993184,110.98369853915725,0.3961953440306829,0.0
121.46857503926739,111.84757201802509,-0.10529321737429342,0.0,122.07464974475153,111.44681944156824,0.4768498530974261,0.0,121.46162053905,112.0975371481218,0.09161069347346368,0.0,121.84516328568849,111.83145479734065,0.4217859828618592,0.0
121.22129915442011,110.13305323405993,0.15394431077867488,0.0,121.46857503926739,111.84757201802509,-0.10529321737429342,0.0,122.07464974475153,111.44681944156824,0.4768498530974261,0.0,121.46162053905,112.0975371481218,0.09161069347346368,0.0
120.89970592545019,110.50641162699401,0.37589052820625335,0.0,121.22129915442011,110.13305323405993,0.15394431077867488,0.0,121.46857503926739,111.84757201802509,-0.10529321737429342,0.0,122.07464974475153,111.44681944156824,0.4768498530974261,0.0
120.47250177364332,110.04278410134648,0.8308173763144426,0.0,120.89970592545019,110.50641162699401,0.37589052820625335,0.0,121.22129915442011,110.13305323405993,0.15394431077867488,0.0,121.46857503926739,111.84757201802509,-0.10529321737429342,0.0
120.97595597436765,109.50505180936639,2.0444839205070933,0.0,120.47250177364332,110.04278410134648,0.8308173763144426,0.0,120.89970592545019,110.50641162699401,0.37589052820625335,0.0,121.22129915442011,110.13305323405993,0.15394431077867488,0.0
121.8860511273449,109.50930352780438,1.8317951199950582,0.0,120.97595597436765,109.50505180936639,2.0444839205070933,0.0,120.47250177364332,110.04278410134648,0.8308173763144426,0.0,120.89970592545019,110.50641162699401,0.37589052820625335,0.0
121.86921013196029,110.94384783586011,1.2109542831422972,0.0,121.8860511273449,109.50930352780438,1.8317951199950582,0.0,120.97595597436765,109.50505180936639,2.0444839205070933,0.0,120.47250177364332,110.04278410134648,0.8308173763144426,0.0
121.22989403694623,110.25200336679816,0.9559762704178406,0.0,121.86921013196029,110.94384783586011,1.2109542831422972,0.0,121.8860511273449,109.50930352780438,1.8317951199950582,0.0,120.97595597436765,109.50505180936639,2.0444839205070933,0.0
121.83028068690506,111.4721362504591,-0.1197569361102866,0.0,121.22989403694623,110.25200336679816,0.9559762704178406,0.0,121.86921013196029,110.94384783586011,1.2109542831422972,0.0,121.8860511273449,109.50930352780438,1.8317951199950582,0.0
122.6407722495444,113.32606353994257,-0.4431621144327584,0.0,121.83028068690506,111.4721362504591,-0.1197569361102866,0.0,121.22989403694623,110.25200336679816,0.9559762704178406,0.0,121.86921013196029,110.94384783586011,1.2109542831422972,0.0
122.1527522583939,112.73488758336671,-0.5591709106027587,0.0,122.6407722495444,113.32606353994257,-0.4431621144327584,0.0,121.83028068690506,111.4721362504591,-0.1197569361102866,0.0,121.22989403694623,110.25200336679816,0.9559762704178406,0.0
121.85432515879833,112.5719902911591,-0.7093809274495032,0.0,122.1527522583939,112.73488758336671,-0.5591709106027587,0.0,122.6407722495444,113.32606353994257,-0.4431621144327584,0.0,121.83028068690506,111.4721362504591,-0.1197569361102866,0.0
122.12743541863918,112.27710046882387,-0.49132730594274154,0.0,121.85432515879833,112.5719902911591,-0.7093809274495032,0.0,122.1527522583939,112.73488758336671,-0.5591709106027587,0.0,122.6407722495444,113.32606353994257,-0.4431621144327584,0.0
122.84518116823274,113.35408081142288,-0.8042718109452935,0.0,122.12743541863918,112.27710046882387,-0.49132730594274154,0.0,121.85432515879833,112.5719902911591,-0.7093809274495032,0.0,122.1527522583939,112.73488758336671,-0.5591709106027587,0.0
122.38721896446431,112.58017794518571,-0.08290211509399914,0.0,122.84518116823274,113.35408081142288,-0.8042718109452935,0.0,122.12743541863918,112.27710046882387,-0.49132730594274154,0.0,121.85432515879833,112.5719902911591,-0.7093809274495032,0.0
121.65888628536091,111.69327991422875,-0.06621815961610078,0.0,122.38721896446431,112.58017794518571,-0.08290211509399914,0.0,122.84518116823274,113.35408081142288,-0.8042718109452935,0.0,122.12743541863918,112.27710046882387,-0.49132730594274154,0.0
122.0291834492607,112.27269764328466,-0.057624688262187834,0.0,121.65888628536091,111.69327991422875,-0.06621815961610078,0.0,122.38721896446431,112.58017794518571,-0.08290211509399914,0.0,122.84518116823274,113.35408081142288,-0.8042718109452935,0.0
122.35756012415564,113.30641343648153,-0.2100471088662092,0.0,122.0291834492607,112.27269764328466,-0.057624688262187834,0.0,121.65888628536091,111.69327991422875,-0.06621815961610078,0.0,122.38721896446431,112.58017794518571,-0.08290211509399914,0.0
122.27717307497038,112.2388149914348,-0.09044234516347781,0.0,122.35756012415564,113.30641343648153,-0.2100471088662092,0.0,122.0291834492607,112.27269764328466,-0.057624688262187834,0.0,121.65888628536091,111.69327991422875,-0.06621815961610078,0.0
122.00665370188435,110.72036256526476,0.3401952562030351,0.0,122.27717307497038,112.2388149914348,-0.09044234516347781,0.0,122.35756012415564,113.30641343648153,-0.2100471088662092,0.0,122.0291834492607,112.27269764328466,-0.057624688262187834,0.0
122.44985609842055,113.05312457165908,-0.16140890289302207,0.0,122.00665370188435,110.72036256526476,0.3401952562030351,0.0,122.27717307497038,112.2388149914348,-0.09044234516347781,0.0,122.35756012415564,113.30641343648153,-0.2100471088662092,0.0
122.5539693999312,113.39866962158459,-0.458185366852046,0.0,122.44985609842055,113.05312457165908,-0.16140890289302207,0.0,122.00665370188435,110.72036256526476,0.3401952562030351,0.0,122.27717307497038,112.2388149914348,-0.09044234516347781,0.0
122.01073238267487,112.96450757636669,-0.5184113078699693,0.0,122.5539693999312,113.39866962158459,-0.458185366852046,0.0,122.44985609842055,113.05312457165908,-0.16140890289302207,0.0,122.00665370188435,110.72036256526476,0.3401952562030351,0.0
121.99701413415161,112.72238275282265,-1.0876645080325829,0.0,122.01073238267487,112.96450757636669,-0.5184113078699693,0.0,122.5539693999312,113.39866962158459,-0.458185366852046,0.0,122.44985609842055,113.05312457165908,-0.16140890289302207,0.0
121.30379204842814,112.35930985761672,-1.2797605362868152,0.0,121.99701413415161,112.72238275282265,-1.0876645080325829,0.0,122.01073238267487,112.96450757636669,-0.5184113078699693,0.0,122.5539693999312,113.39866962158459,-0.458185366852046,0.0
121.73230426796283,113.07349197997286,-1.2619188658017817,0.0,121.30379204842814,112.35930985761672,-1.2797605362868152,0.0,121.99701413415161,112.72238275282265,-1.0876645080325829,0.0,122.01073238267487,112.96450757636669,-0.5184113078699693,0.0
121.62205631240344,112.65340634550799,-0.5723405022850617,0.0,121.73230426796283,113.07349197997286,-1.2619188658017817,0.0,121.30379204842814,112.35930985761672,-1.2797605362868152,0.0,121.99701413415161,112.72238275282265,-1.0876645080325829,0.0
121.49120901586194,111.77161235736907,-0.3265917373270869,0.0,121.62205631240344,112.65340634550799,-0.5723405022850617,0.0,121.73230426796283,113.07349197997286,-1.2619188658017817,0.0,121.30379204842814,112.35930985761672,-1.2797605362868152,0.0
121.55160999544862,112.49839949329441,-0.16447843417789737,0.0,121.49120901586194,111.77161235736907,-0.3265917373270869,0.0,121.62205631240344,112.65340634550799,-0.5723405022850617,0.0,121.73230426796283,113.07349197997286,-1.2619188658017817,0.0
121.6949722113167,111.32939269414626,0.2938662337416682,0.0,121.55160999544862,112.49839949329441,-0.16447843417789737,0.0,121.49120901586194,111.77161235736907,-0.3265917373270869,0.0,121.62205631240344,112.65340634550799,-0.5723405022850617,0.0
122.22242977536003,111.62026048952242,0.16640709279363625,0.0,121.6949722113167,111.32939269414626,0.2938662337416682,0.0,121.55160999544862,112.49839949329441,-0.16447843417789737,0.0,121.49120901586194,111.77161235736907,-0.3265917373270869,0.0
122.43678763094739,112.73402910006493,0.32835809919935377,0.0,122.22242977536003,111.62026048952242,0.16640709279363625,0.0,121.6949722113167,111.32939269414626,0.2938662337416682,0.0,121.55160999544862,112.49839949329441,-0.16447843417789737,0.0
122.23187265579566,112.78705619131728,0.2110756028932349,0.0,122.43678763094739,112.73402910006493,0.32835809919935377,0.0,122.22242977536003,111.62026048952242,0.16640709279363625,0.0,121.6949722113167,111.32939269414626,0.2938662337416682,0.0
122.59228117108488,111.50102056822308,0.30154165701440216,0.0,122.23187265579566,112.78705619131728,0.2110756028932349,0.0,122.43678763094739,112.73402910006493,0.32835809919935377,0.0,122.22242977536003,111.62026048952242,0.16640709279363625,0.0
122.62513549768227,112.98116132062881,-0.05014600319426929,0.0,122.59228117108488,111.50102056822308,0.30154165701440216,0.0,122.23187265579566,112.78705619131728,0.2110756028932349,0.0,122.43678763094739,112.73402910006493,0.32835809919935377,0.0
122.24022000673023,112.93177146545196,-1.25952538169363,0.0,122.62513549768227,112.98116132062881,-0.05014600319426929,0.0,122.59228117108488,111.50102056822308,0.30154165701440216,0.0,122.23187265579566,112.78705619131728,0.2110756028932349,0.0
122.06878951458438,113.22054823363135,-1.074759886448056,0.0,122.24022000673023,112.93177146545196,-1.25952538169363,0.0,122.62513549768227,112.98116132062881,-0.05014600319426929,0.0,122.59228117108488,111.50102056822308,0.30154165701440216,0.0
121.97090438549237,112.20031563507152,-0.1484338411084749,0.0,122.06878951458438,113.22054823363135,-1.074759886448056,0.0,122.24022000673023,112.93177146545196,-1.25952538169363,0.0,122.62513549768227,112.98116132062881,-0.05014600319426929,0.0
122.24526907512393,111.6817020971416,0.34436062823401625,0.0,121.97090438549237,112.20031563507152,-0.1484338411084749,0.0,122.06878951458438,113.22054823363135,-1.074759886448056,0.0,122.24022000673023,112.93177146545196,-1.25952538169363,0.0
122.02715556529887,111.71096774878924,0.7581872448827984,0.0,122.24526907512393,111.6817020971416,0.34436062823401625,0.0,121.97090438549237,112.20031563507152,-0.1484338411084749,0.0,122.06878951458438,113.22054823363135,-1.074759886448056,0.0
121.89625051948205,110.60538679092488,1.2246151568093477,0.0,122.02715556529887,111.71096774878924,0.7581872448827984,0.0,122.24526907512393,111.6817020971416,0.34436062823401625,0.0,121.97090438549237,112.20031563507152,-0.1484338411084749,0.0
122.89813607712232,112.06485986360616,1.024020920928197,0.0,121.89625051948205,110.60538679092488,1.2246151568093477,0.0,122.02715556529887,111.71096774878924,0.7581872448827984,0.0,122.24526907512393,111.6817020971416,0.34436062823401625,0.0
123.14405523429386,112.88642736555104,0.9178745904453554,0.0,122.89813607712232,112.06485986360616,1.024020920928197,0.0,121.89625051948205,110.60538679092488,1.2246151568093477,0.0,122.02715556529887,111.71096774878924,0.7581872448827984,0.0
122.53776627935488,111.9435515173526,0.42547372463910926,0.0,123.14405523429386,112.88642736555104,0.9178745904453554,0.0,122.89813607712232,112.06485986360616,1.024020920928197,0.0,121.89625051948205,110.60538679092488,1.2246151568093477,0.0
122.68401709796946,112.63332844971069,0.18234255169776256,0.0,122.53776627935488,111.9435515173526,0.42547372463910926,0.0,123.14405523429386,112.88642736555104,0.9178745904453554,0.0,122.89813607712232,112.06485986360616,1.024020920928197,0.0
122.5953819726707,112.22013477064928,0.4537596162437808,0.0,122.68401709796946,112.63332844971069,0.18234255169776256,0.0,122.53776627935488,111.9435515173526,0.42547372463910926,0.0,123.14405523429386,112.88642736555104,0.9178745904453554,0.0
122.65721394072402,112.29734450085164,0.9649499115794328,0.0,122.5953819726707,112.22013477064928,0.4537596162437808,0.0,122.68401709796946,112.63332844971069,0.18234255169776256,0.0,122.53776627935488,111.9435515173526,0.42547372463910926,0.0
122.63746539393046,111.13952841862599,0.7022367914230465,0.0,122.65721394072402,112.29734450085164,0.9649499115794328,0.0,122.5953819726707,112.22013477064928,0.4537596162437808,0.0,122.68401709796946,112.63332844971069,0.18234255169776256,0.0
123.08909165007836,112.31403975617258,0.3366948007127314,0.0,122.63746539393046,111.13952841862599,0.7022367914230465,0.0,122.65721394072402,112.29734450085164,0.9649499115794328,0.0,122.5953819726707,112.22013477064928,0.4537596162437808,0.0
123.03016036237395,112.27846260028946,0.2696198199984838,0.0,123.08909165007836,112.31403975617258,0.3366948007127314,0.0,122.63746539393046,111.13952841862599,0.7022367914230465,0.0,122.65721394072402,112.29734450085164,0.9649499115794328,0.0
122.77263122357537,112.40905434433287,0.5162992304633445,0.0,123.03016036237395,112.27846260028946,0.2696198199984838,0.0,123.08909165007836,112.31403975617258,0.3366948007127314,0.0,122.63746539393046,111.13952841862599,0.7022367914230465,0.0
123.02907266088518,114.20255212933296,-0.3088880236960953,0.0,122.77263122357537,112.40905434433287,0.5162992304633445,0.0,123.03016036237395,112.27846260028946,0.2696198199984838,0.0,123.08909165007836,112.31403975617258,0.3366948007127314,0.0
122.87520337051242,113.29394557479316,-1.3952008955254953,0.0,123.02907266088518,114.20255212933296,-0.3088880236960953,0.0,122.77263122357537,112.40905434433287,0.5162992304633445,0.0,123.03016036237395,112.27846260028946,0.2696198199984838,0.0
122.65695532506285,114.07893322023196,-1.391429141166188,0.0,122.87520337051242,113.29394557479316,-1.3952008955254953,0.0,123.02907266088518,114.20255212933296,-0.3088880236960953,0.0,122.77263122357537,112.40905434433287,0.5162992304633445,0.0
122.55017199056985,114.64807141446991,-1.7234995258900296,0.0,122.65695532506285,114.07893322023196,-1.391429141166188,0.0,122.87520337051242,113.29394557479316,-1.3952008955254953,0.0,123.02907266088518,114.20255212933296,-0.3088880236960953,0.0
122.30677108015048,113.7312400124446,-1.6328697195356794,0.0,122.55017199056985,114.64807141446991,-1.7234995258900296,0.0,122.65695532506285,114.07893322023196,-1.391429141166188,0.0,122.87520337051242,113.29394557479316,-1.3952008955254953,0.0
122.20018960339652,112.99681514443219,-1.3801859350372794,0.0,122.30677108015048,113.7312400124446,-1.6328697195356794,0.0,122.55017199056985,114.64807141446991,-1.7234995258900296,0.0,122.65695532506285,114.07893322023196,-1.391429141166188,0.0
121.8092280731496,113.15152630373365,-1.3307729525413303,0.0,122.20018960339652,112.99681514443219,-1.3801859350372794,0.0,122.30677108015048,113.7312400124446,-1.6328697195356794,0.0,122.55017199056985,114.64807141446991,-1.7234995258900296,0.0
121.51127999825366,111.21037700908167,-0.33838459479769156,0.0,121.8092280731496,113.15152630373365,-1.3307729525413303,0.0,122.20018960339652,112.99681514443219,-1.3801859350372794,0.0,122.30677108015048,113.7312400124446,-1.6328697195356794,0.0
121.17280670395027,110.73864202822887,-0.10733529353699323,0.0,121.51127999825366,111.21037700908167,-0.33838459479769156,0.0,121.8092280731496,113.15152630373365,-1.3307729525413303,0.0,122.20018960339652,112.99681514443219,-1.3801859350372794,0.0
120.68434536888135,111.15816701760656,0.06436894497581959,0.0,121.17280670395027,110.73864202822887,-0.10733529353699323,0.0,121.51127999825366,111.21037700908167,-0.33838459479769156,0.0,121.8092280731496,113.15152630373365,-1.3307729525413303,0.0
120.57990742682993,110.5542037516573,0.36259872800235665,0.0,120.68434536888135,111.15816701760656,0.06436894497581959,0.0,121.17280670395027,110.73864202822887,-0.10733529353699323,0.0,121.51127999825366,111.21037700908167,-0.33838459479769156,0.0
120.84453711856005,110.64510611340867,-0.2793375764884992,0.0,120.57990742682993,110.5542037516573,0.36259872800235665,0.0,120.68434536888135,111.15816701760656,0.06436894497581959,0.0,121.17280670395027,110.73864202822887,-0.10733529353699323,0.0
121.11826425104913,112.178484700435,0.29608583251933496,0.0,120.84453711856005,110.64510611340867,-0.2793375764884992,0.0,120.57990742682993,110.5542037516573,0.36259872800235665,0.0,120.68434536888135,111.15816701760656,0.06436894497581959,0.0
121.20492957435596,111.0806708981907,0.19898652274773804,0.0,121.11826425104913,112.178484700435,0.29608583251933496,0.0,120.84453711856005,110.64510611340867,-0.2793375764884992,0.0,120.57990742682993,110.5542037516573,0.36259872800235665,0.0
120.26194534354421,110.48293141753771,0.4944295268187967,0.0,121.20492957435596,111.0806708981907,0.19898652274773804,0.0,121.11826425104913,112.178484700435,0.29608583251933496,0.0,120.84453711856005,110.64510611340867,-0.2793375764884992,0.0
121.40753938945473,111.7862012852365,-0.14038499506504032,0.0,120.26194534354421,110.48293141753771,0.4944295268187967,0.0,121.20492957435596,111.0806708981907,0.19898652274773804,0.0,121.11826425104913,112.178484700435,0.29608583251933496,0.0
122.01651590650499,113.05511333007965,-0.8891873790600644,0.0,121.40753938945473,111.7862012852365,-0.14038499506504032,0.0,120.26194534354421,110.48293141753771,0.4944295268187967,0.0,121.20492957435596,111.0806708981907,0.19898652274773804,0.0
122.20192027395532,112.68344753714462,-0.30240507423553725,0.0,122.01651590650499,113.05511333007965,-0.8891873790600644,0.0,121.40753938945473,111.7862012852365,-0.14038499506504032,0.0,120.26194534354421,110.48293141753771,0.4944295268187967,0.0
123.046465770782,113.37631569317796,-0.05371929633967151,0.0,122.20192027395532,112.68344753714462,-0.30240507423553725,0.0,122.01651590650499,113.05511333007965,-0.8891873790600644,0.0,121.40753938945473,111.7862012852365,-0.14038499506504032,0.0
122.28224943421954,113.32482247328446,-0.4940012142504924,0.0,123.046465770782,113.37631569317796,-0.05371929633967151,0.0,122.20192027395532,112.68344753714462,-0.30240507423553725,0.0,122.01651590650499,113.05511333007965,-0.8891873790600644,0.0
123.12896025119736,112.81303712982577,-0.8300325120377412,0.0,122.28224943421954,113.32482247328446,-0.4940012142504924,0.0,123.046465770782,113.37631569317796,-0.05371929633967151,0.0,122.20192027395532,112.68344753714462,-0.30240507423553725,0.0
122.44017360172904,111.60775121707118,-0.10130861742280828,0.0,123.12896025119736,112.81303712982577,-0.8300325120377412,0.0,122.28224943421954,113.32482247328446,-0.4940012142504924,0.0,123.046465770782,113.37631569317796,-0.05371929633967151,0.0
122.38920814905134,113.6459938995514,-0.6757528403719105,0.0,122.44017360172904,111.60775121707118,-0.10130861742280828,0.0,123.12896025119736,112.81303712982577,-0.8300325120377412,0.0,122.28224943421954,113.32482247328446,-0.4940012142504924,0.0
121.74098808159343,110.6691955016112,0.28073420433045326,0.0,122.38920814905134,113.6459938995514,-0.6757528403719105,0.0,122.44017360172904,111.60775121707118,-0.10130861742280828,0.0,123.12896025119736,112.81303712982577,-0.8300325120377412,0.0
121.78939497675441,112.21485072585043,-0.22572300385957175,0.0,121.74098808159343,110.6691955016112,0.28073420433045326,0.0,122.38920814905134,113.6459938995514,-0.6757528403719105,0.0,122.44017360172904,111.60775121707118,-0.10130861742280828,0.0
122.03310456687795,111.82989327049557,0.13861755971653408,0.0,121.78939497675441,112.21485072585043,-0.22572300385957175,0.0,121.74098808159343,110.6691955016112,0.28073420433045326,0.0,122.38920814905134,113.6459938995514,-0.6757528403719105,0.0
121.94751036136438,112.0325625314141,-0.05341519010126504,0.0,122.03310456687795,111.82989327049557,0.13861755971653408,0.0,121.78939497675441,112.21485072585043,-0.22572300385957175,0.0,121.74098808159343,110.6691955016112,0.28073420433045326,0.0
122.2965679745507,112.36758073171754,0.2588615634601595,0.0,121.94751036136438,112.0325625314141,-0.05341519010126504,0.0,122.03310456687795,111.82989327049557,0.13861755971653408,0.0,121.78939497675441,112.21485072585043,-0.22572300385957175,0.0
122.29343764329515,111.86647922178102,-0.0649677502889687,0.0,122.2965679745507,112.36758073171754,0.2588615634601595,0.0,121.94751036136438,112.0325625314141,-0.05341519010126504,0.0,122.03310456687795,111.82989327049557,0.13861755971653408,0.0
121.97144893433183,112.04187632231083,-0.13337065326732206,0.0,122.29343764329515,111.86647922178102,-0.0649677502889687,0.0,122.2965679745507,112.36758073171754,0.2588615634601595,0.0,121.94751036136438,112.0325625314141,-0.05341519010126504,0.0
121.69288272022668,112.01739536675231,-0.08623693491599708,0.0,121.97144893433183,112.04187632231083,-0.13337065326732206,0.0,122.29343764329515,111.86647922178102,-0.0649677502889687,0.0,122.2965679745507,112.36758073171754,0.2588615634601595,0.0
122.09394682152667,113.3163248192505,-0.570083275823534,0.0,121.69288272022668,112.01739536675231,-0.08623693491599708,0.0,121.97144893433183,112.04187632231083,-0.13337065326732206,0.0,122.29343764329515,111.86647922178102,-0.0649677502889687,0.0
121.7349179472166,112.26736990202497,-0.08565444794876431,0.0,122.09394682152667,113.3163248192505,-0.570083275823534,0.0,121.69288272022668,112.01739536675231,-0.08623693491599708,0.0,121.97144893433183,112.04187632231083,-0.13337065326732206,0.0
122.17937602194854,113.3251964213444,-0.3251303415948041,0.0,121.7349179472166,112.26736990202497,-0.08565444794876431,0.0,122.09394682152667,113.3163248192505,-0.570083275823534,0.0,121.69288272022668,112.01739536675231,-0.08623693491599708,0.0
122.70137342013133,113.0696658768696,-0.37440423094585257,0.0,122.17937602194854,113.3251964213444,-0.3251303415948041,0.0,121.7349179472166,112.26736990202497,-0.08565444794876431,0.0,122.09394682152667,113.3163248192505,-0.570083275823534,0.0
121.67332405859226,113.06835492679537,-0.7966980720609382,0.0,122.70137342013133,113.0696658768696,-0.37440423094585257,0.0,122.17937602194854,113.3251964213444,-0.3251303415948041,0.0,121.7349179472166,112.26736990202497,-0.08565444794876431,0.0
122.19291158415147,114.24421712745715,-1.918525287046406,0.0,121.67332405859226,113.06835492679537,-0.7966980720609382,0.0,122.70137342013133,113.0696658768696,-0.37440423094585257,0.0,122.17937602194854,113.3251964213444,-0.3251303415948041,0.0
123.08312043555898,114.02840361969098,-1.6303341109372094,0.0,122.19291158415147,114.24421712745715,-1.918525287046406,0.0,121.67332405859226,113.06835492679537,-0.7966980720609382,0.0,122.70137342013133,113.0696658768696,-0.37440423094585257,0.0
122.96912641854672,112.4674362100292,-0.09795957794330956,0.0,123.08312043555898,114.02840361969098,-1.6303341109372094,0.0,122.19291158415147,114.24421712745715,-1.918525287046406,0.0,121.67332405859226,113.06835492679537,-0.7966980720609382,0.0
123.03784098020188,112.74004494565881,0.31393448159436427,0.0,122.96912641854672,112.4674362100292,-0.09795957794330956,0.0,123.08312043555898,114.02840361969098,-1.6303341109372094,0.0,122.19291158415147,114.24421712745715,-1.918525287046406,0.0
123.29397542663135,113.0960003942946,0.2415173954082941,0.0,123.03784098020188,112.74004494565881,0.31393448159436427,0.0,122.96912641854672,112.4674362100292,-0.09795957794330956,0.0,123.08312043555898,114.02840361969098,-1.6303341109372094,0.0
122.90240425955928,111.90069848312629,0.06176850172250145,0.0,123.29397542663135,113.0960003942946,0.2415173954082941,0.0,123.03784098020188,112.74004494565881,0.31393448159436427,0.0,122.96912641854672,112.4674362100292,-0.09795957794330956,0.0
122.78963315220432,112.46860734424095,0.060647747784024354,0.0,122.90240425955928,111.90069848312629,0.06176850172250145,0.0,123.29397542663135,113.0960003942946,0.2415173954082941,0.0,123.03784098020188,112.74004494565881,0.31393448159436427,0.0
121.98334807928164,111.82517355340505,0.32207775581482445,0.0,122.78963315220432,112.46860734424095,0.060647747784024354,0.0,122.90240425955928,111.90069848312629,0.06176850172250145,0.0,123.29397542663135,113.0960003942946,0.2415173954082941,0.0
122.00353172820228,113.04928498976508,-0.33274420300256285,0.0,121.98334807928164,111.82517355340505,0.32207775581482445,0.0,122.78963315220432,112.46860734424095,0.060647747784024354,0.0,122.90240425955928,111.90069848312629,0.06176850172250145,0.0
122.26312046198557,111.77521836797081,0.2909654849323858,0.0,122.00353172820228,113.04928498976508,-0.33274420300256285,0.0,121.98334807928164,111.82517355340505,0.32207775581482445,0.0,122.78963315220432,112.46860734424095,0.060647747784024354,0.0
122.49412774061867,111.4890028086607,0.5904630456665306,0.0,122.26312046198557,111.77521836797081,0.2909654849323858,0.0,122.00353172820228,113.04928498976508,-0.33274420300256285,0.0,121.98334807928164,111.82517355340505,0.32207775581482445,0.0
122.90837755347641,112.39274001634604,0.8314632993871918,0.0,122.49412774061867,111.4890028086607,0.5904630456665306,0.0,122.26312046198557,111.77521836797081,0.2909654849323858,0.0,122.00353172820228,113.04928498976508,-0.33274420300256285,0.0
122.37219185527385,111.34218196879021,0.8844085089146171,0.0,122.90837755347641,112.39274001634604,0.8314632993871918,0.0,122.49412774061867,111.4890028086607,0.5904630456665306,0.0,122.26312046198557,111.77521836797081,0.2909654849323858,0.0
122.05545479076991,111.51990630224873,0.7173351359786886,0.0,122.37219185527385,111.34218196879021,0.8844085089146171,0.0,122.90837755347641,112.39274001634604,0.8314632993871918,0.0,122.49412774061867,111.4890028086607,0.5904630456665306,0.0
122.9838396494952,112.16555712232835,0.9102987267663609,0.0,122.05545479076991,111.51990630224873,0.7173351359786886,0.0,122.37219185527385,111.34218196879021,0.8844085089146171,0.0,122.90837755347641,112.39274001634604,0.8314632993871918,0.0
122.66754217494234,112.88730715543971,1.0241460482837779,0.0,122.9838396494952,112.16555712232835,0.9102987267663609,0.0,122.05545479076991,111.51990630224873,0.7173351359786886,0.0,122.37219185527385,111.34218196879021,0.8844085089146171,0.0
122.62916278349996,112.09775700220155,0.6422964831565104,0.0,122.66754217494234,112.88730715543971,1.0241460482837779,0.0,122.9838396494952,112.16555712232835,0.9102987267663609,0.0,122.05545479076991,111.51990630224873,0.7173351359786886,0.0
122.48134405095372,111.76962309967297,0.2270363000767579,0.0,122.62916278349996,112.09775700220155,0.6422964831565104,0.0,122.66754217494234,112.88730715543971,1.0241460482837779,0.0,122.9838396494952,112.16555712232835,0.9102987267663609,0.0
121.97150249819612,112.054646588287,0.2325571876923997,0.0,122.48134405095372,111.76962309967297,0.2270363000767579,0.0,122.62916278349996,112.09775700220155,0.6422964831565104,0.0,122.66754217494234,112.88730715543971,1.0241460482837779,0.0
122.79838814714596,111.81156913713684,0.9605558259015134,0.0,121.97150249819612,112.054646588287,0.2325571876923997,0.0,122.48134405095372,111.76962309967297,0.2270363000767579,0.0,122.62916278349996,112.09775700220155,0.6422964831565104,0.0
122.34610057165129,112.575184802103,0.14889112289426032,0.0,122.79838814714596,111.81156913713684,0.9605558259015134,0.0,121.97150249819612,112.054646588287,0.2325571876923997,0.0,122.48134405095372,111.76962309967297,0.2270363000767579,0.0
121.70620595299701,112.14063484941144,-0.6146497345608117,0.0,122.34610057165129,112.575184802103,0.14889112289426032,0.0,122.79838814714596,111.81156913713684,0.9605558259015134,0.0,121.97150249819612,112.054646588287,0.2325571876923997,0.0
121.53687102424412,112.05447199004257,-0.4093393670303911,0.0,121.70620595299701,112.14063484941144,-0.6146497345608117,0.0,122.34610057165129,112.575184802103,0.14889112289426032,0.0,122.79838814714596,111.81156913713684,0.9605558259015134,0.0
120.65720133131494,111.42884974435225,-0.30202764269630383,0.0,121.53687102424412,112.05447199004257,-0.4093393670303911,0.0,121.70620595299701,112.14063484941144,-0.6146497345608117,0.0,122.34610057165129,112.575184802103,0.14889112289426032,0.0
120.6911271953842,110.17980274352345,-0.15495128197183897,0.0,120.65720133131494,111.42884974435225,-0.30202764269630383,0.0,121.53687102424412,112.05447199004257,-0.4093393670303911,0.0,121.70620595299701,112.14063484941144,-0.6146497345608117,0.0
120.56377289179844,110.10129131165553,-0.0019844266232210556,0.0,120.6911271953842,110.17980274352345,-0.15495128197183897,0.0,120.65720133131494,111.42884974435225,-0.30202764269630383,0.0,121.53687102424412,112.05447199004257,-0.4093393670303911,0.0
121.1799528822604,111.59559493284047,-0.1131886686159794,0.0,120.56377289179844,110.10129131165553,-0.0019844266232210556,0.0,120.6911271953842,110.17980274352345,-0.15495128197183897,0.0,120.65720133131494,111.42884974435225,-0.30202764269630383,0.0
121.09754184093738,110.19426690182021,0.6543807844082575,0.0,121.1799528822604,111.59559493284047,-0.1131886686159794,0.0,120.56377289179844,110.10129131165553,-0.0019844266232210556,0.0,120.6911271953842,110.17980274352345,-0.15495128197183897,0.0
121.73478416430882,111.74302552461026,-0.2769473617116517,0.0,121.09754184093738,110.19426690182021,0.6543807844082575,0.0,121.1799528822604,111.59559493284047,-0.1131886686159794,0.0,120.56377289179844,110.10129131165553,-0.0019844266232210556,0.0
122.44889194168479,112.76354772593862,-0.6358064017594444,0.0,121.73478416430882,111.74302552461026,-0.2769473617116517,0.0,121.09754184093738,110.19426690182021,0.6543807844082575,0.0,121.1799528822604,111.59559493284047,-0.1131886686159794,0.0
122.64698209430252,114.05438254378217,-0.5602725014820792,0.0,122.44889194168479,112.76354772593862,-0.6358064017594444,0.0,121.73478416430882,111.74302552461026,-0.2769473617116517,0.0,121.09754184093738,110.19426690182021,0.6543807844082575,0.0
122.3538724516187,113.12038158786513,-1.269812406762747,0.0,122.64698209430252,114.05438254378217,-0.5602725014820792,0.0,122.44889194168479,112.76354772593862,-0.6358064017594444,0.0,121.73478416430882,111.74302552461026,-0.2769473617116517,0.0
122.27068940875553,113.65931601784465,-1.1037771276262331,0.0,122.3538724516187,113.12038158786513,-1.269812406762747,0.0,122.64698209430252,114.05438254378217,-0.5602725014820792,0.0,122.44889194168479,112.76354772593862,-0.6358064017594444,0.0
121.46904669298526,111.70024727894287,-0.052286619236977416,0.0,122.27068940875553,113.65931601784465,-1.1037771276262331,0.0,122.3538724516187,113.12038158786513,-1.269812406762747,0.0,122.64698209430252,114.05438254378217,-0.5602725014820792,0.0
121.59307181844954,110.30551699356107,-0.03138605124160104,0.0,121.46904669298526,111.70024727894287,-0.052286619236977416,0.0,122.27068940875553,113.65931601784465,-1.1037771276262331,0.0,122.3538724516187,113.12038158786513,-1.269812406762747,0.0
121.29171155794053,111.05053325571393,0.0902416118660609,0.0,121.59307181844954,110.30551699356107,-0.03138605124160104,0.0,121.46904669298526,111.70024727894287,-0.052286619236977416,0.0,122.27068940875553,113.65931601784465,-1.1037771276262331,0.0
121.75521897179641,112.50626930261345,-0.5578890930934414,0.0,121.29171155794053,111.05053325571393,0.0902416118660609,0.0,121.59307181844954,110.30551699356107,-0.03138605124160104,0.0,121.46904669298526,111.70024727894287,-0.052286619236977416,0.0
122.950185156015,114.80732432088746,-0.7544919784944919,0.0,121.75521897179641,112.50626930261345,-0.5578890930934414,0.0,121.29171155794053,111.05053325571393,0.0902416118660609,0.0,121.59307181844954,110.30551699356107,-0.03138605124160104,0.0
122.95737472142825,113.05368442741263,-0.7911917729575622,0.0,122.950185156015,114.80732432088746,-0.7544919784944919,0.0,121.75521897179641,112.50626930261345,-0.5578890930934414,0.0,121.29171155794053,111.05053325571393,0.0902416118660609,0.0
121.71153229767414,113.17594809982259,-0.7918109667441668,0.0,122.95737472142825,113.05368442741263,-0.7911917729575622,0.0,122.950185156015,114.80732432088746,-0.7544919784944919,0.0,121.75521897179641,112.50626930261345,-0.5578890930934414,0.0
121.58466040504759,112.07900673269077,0.007373124106550777,0.0,121.71153229767414,113.17594809982259,-0.7918109667441668,0.0,122.95737472142825,113.05368442741263,-0.7911917729575622,0.0,122.950185156015,114.80732432088746,-0.7544919784944919,0.0
121.7475496959338,111.62848181582993,0.2847440296478029,0.0,121.58466040504759,112.07900673269077,0.007373124106550777,0.0,121.71153229767414,113.17594809982259,-0.7918109667441668,0.0,122.95737472142825,113.05368442741263,-0.7911917729575622,0.0
121.86736388231634,111.48709174121652,-0.32793375475027364,0.0,121.7475496959338,111.62848181582993,0.2847440296478029,0.0,121.58466040504759,112.07900673269077,0.007373124106550777,0.0,121.71153229767414,113.17594809982259,-0.7918109667441668,0.0
121.56272458284394,111.31519920409528,-0.13909461458421646,0.0,121.86736388231634,111.48709174121652,-0.32793375475027364,0.0,121.7475496959338,111.62848181582993,0.2847440296478029,0.0,121.58466040504759,112.07900673269077,0.007373124106550777,0.0
121.78644891331112,111.72753248565024,0.1378351825810194,0.0,121.56272458284394,111.31519920409528,-0.13909461458421646,0.0,121.86736388231634,111.48709174121652,-0.32793375475027364,0.0,121.7475496959338,111.62848181582993,0.2847440296478029,0.0
121.285364901949,110.4508762048041,0.6803426653254487,0.0,121.78644891331112,111.72753248565024,0.1378351825810194,0.0,121.56272458284394,111.31519920409528,-0.13909461458421646,0.0,121.86736388231634,111.48709174121652,-0.32793375475027364,0.0
121.05481442064011,110.02046279153112,1.3345444755445457,0.0,121.285364901949,110.4508762048041,0.6803426653254487,0.0,121.78644891331112,111.72753248565024,0.1378351825810194,0.0,121.56272458284394,111.31519920409528,-0.13909461458421646,0.0
121.61737726074206,110.98746193143771,0.5600884845217022,0.0,121.05481442064011,110.02046279153112,1.3345444755445457,0.0,121.285364901949,110.4508762048041,0.6803426653254487,0.0,121.78644891331112,111.72753248565024,0.1378351825810194,0.0
121.22860544130839,111.14929503690709,0.04264203201219269,0.0,121.61737726074206,110.98746193143771,0.5600884845217022,0.0,121.05481442064011,110.02046279153112,1.3345444755445457,0.0,121.285364901949,110.4508762048041,0.6803426653254487,0.0
121.66331013142143,111.7736004874283,-0.594675303847554,0.0,121.22860544130839,111.14929503690709,0.04264203201219269,0.0,121.61737726074206,110.98746193143771,0.5600884845217022,0.0,121.05481442064011,110.02046279153112,1.3345444755445457,0.0
121.08615063070334,111.19531174211536,-0.5927501726315338,0.0,121.66331013142143,111.7736004874283,-0.594675303847554,0.0,121.22860544130839,111.14929503690709,0.04264203201219269,0.0,121.61737726074206,110.98746193143771,0.5600884845217022,0.0
122.14441126997103,112.13844352975028,-0.24102095088205985,0.0,121.08615063070334,111.19531174211536,-0.5927501726315338,0.0,121.66331013142143,111.7736004874283,-0.594675303847554,0.0,121.22860544130839,111.14929503690709,0.04264203201219269,0.0
121.74702656258629,111.62734984377042,0.30085049758890303,0.0,122.14441126997103,112.13844352975028,-0.24102095088205985,0.0,121.08615063070334,111.19531174211536,-0.5927501726315338,0.0,121.66331013142143,111.7736004874283,-0.594675303847554,0.0
121.72806549127577,111.15444945783088,0.20270488624986105,0.0,121.74702656258629,111.62734984377042,0.30085049758890303,0.0,122.14441126997103,112.13844352975028,-0.24102095088205985,0.0,121.08615063070334,111.19531174211536,-0.5927501726315338,0.0
121.94816363740892,111.99190772313801,0.0022401473724668886,0.0,121.72806549127577,111.15444945783088,0.20270488624986105,0.0,121.74702656258629,111.62734984377042,0.30085049758890303,0.0,122.14441126997103,112.13844352975028,-0.24102095088205985,0.0
121.6692301239618,112.13251619429602,0.0776711140223437,0.0,121.94816363740892,111.99190772313801,0.0022401473724668886,0.0,121.72806549127577,111.15444945783088,0.20270488624986105,0.0,121.74702656258629,111.62734984377042,0.30085049758890303,0.0
121.78974586374044,112.34682431929306,-0.35543455959713655,0.0,121.6692301239618,112.13251619429602,0.0776711140223437,0.0,121.94816363740892,111.99190772313801,0.0022401473724668886,0.0,121.72806549127577,111.15444945783088,0.20270488624986105,0.0
122.15200887000525,111.34932366494343,0.7604217131696774,0.0,121.78974586374044,112.34682431929306,-0.35543455959713655,0.0,121.6692301239618,112.13251619429602,0.0776711140223437,0.0,121.94816363740892,111.99190772313801,0.0022401473724668886,0.0
122.58561376161562,112.32599901280656,-0.19549314302328735,0.0,122.15200887000525,111.34932366494343,0.7604217131696774,0.0,121.78974586374044,112.34682431929306,-0.35543455959713655,0.0,121.6692301239618,112.13251619429602,0.0776711140223437,0.0
122.81566696354906,112.97145527459841,-0.06402422497076767,0.0,122.58561376161562,112.32599901280656,-0.19549314302328735,0.0,122.15200887000525,111.34932366494343,0.7604217131696774,0.0,121.78974586374044,112.34682431929306,-0.35543455959713655,0.0
122.55659767394175,112.20061329992336,0.9605837296382056,0.0,122.81566696354906,112.97145527459841,-0.06402422497076767,0.0,122.58561376161562,112.32599901280656,-0.19549314302328735,0.0,122.15200887000525,111.34932366494343,0.7604217131696774,0.0
122.39235632334625,111.59211857570727,0.7718669059905634,0.0,122.55659767394175,112.20061329992336,0.9605837296382056,0.0,122.81566696354906,112.97145527459841,-0.06402422497076767,0.0,122.58561376161562,112.32599901280656,-0.19549314302328735,0.0
123.44514232291002,112.86594029559004,0.5224740072917036,0.0,122.39235632334625,111.59211857570727,0.7718669059905634,0.0,122.55659767394175,112.20061329992336,0.9605837296382056,0.0,122.81566696354906,112.97145527459841,-0.06402422497076767,0.0
123.56920681704443,113.23703150816493,0.2392564944281493,0.0,123.44514232291002,112.86594029559004,0.5224740072917036,0.0,122.39235632334625,111.59211857570727,0.7718669059905634,0.0,122.55659767394175,112.20061329992336,0.9605837296382056,0.0
122.78334369629275,112.2221985836542,0.10120935466131553,0.0,123.56920681704443,113.23703150816493,0.2392564944281493,0.0,123.44514232291002,112.86594029559004,0.5224740072917036,0.0,122.39235632334625,111.59211857570727,0.7718669059905634,0.0
122.70524924378343,111.42839590267118,0.7673917210673176,0.0,122.78334369629275,112.2221985836542,0.10120935466131553,0.0,123.56920681704443,113.23703150816493,0.2392564944281493,0.0,123.44514232291002,112.86594029559004,0.5224740072917036,0.0
122.34016349989291,113.12928651489466,-0.49201757881089936,0.0,122.70524924378343,111.42839590267118,0.7673917210673176,0.0,122.78334369629275,112.2221985836542,0.10120935466131553,0.0,123.56920681704443,113.23703150816493,0.2392564944281493,0.0
122.19782403417288,112.13279297559791,0.37310278759944326,0.0,122.34016349989291,113.12928651489466,-0.49201757881089936,0.0,122.70524924378343,111.42839590267118,0.7673917210673176,0.0,122.78334369629275,112.2221985836542,0.10120935466131553,0.0
121.5207922508601,112.45438795248339,-0.41349634614551795,0.0,122.19782403417288,112.13279297559791,0.37310278759944326,0.0,122.34016349989291,113.12928651489466,-0.49201757881089936,0.0,122.70524924378343,111.42839590267118,0.7673917210673176,0.0
121.43327277445279,111.5479881808462,-0.4641232415336217,0.0,121.5207922508601,112.45438795248339,-0.41349634614551795,0.0,122.19782403417288,112.13279297559791,0.37310278759944326,0.0,122.34016349989291,113.12928651489466,-0.49201757881089936,0.0
122.43744816066555,112.29895890987294,-0.5859208033762283,0.0,121.43327277445279,111.5479881808462,-0.4641232415336217,0.0,121.5207922508601,112.45438795248339,-0.41349634614551795,0.0,122.19782403417288,112.13279297559791,0.37310278759944326,0.0
122.5932348860778,112.92523585784792,-0.17446000781562282,0.0,122.43744816066555,112.29895890987294,-0.5859208033762283,0.0,121.43327277445279,111.5479881808462,-0.4641232415336217,0.0,121.5207922508601,112.45438795248339,-0.41349634614551795,0.0
121.21527612529397,112.27462158985082,-0.9386301821943721,0.0,122.5932348860778,112.92523585784792,-0.17446000781562282,0.0,122.43744816066555,112.29895890987294,-0.5859208033762283,0.0,121.43327277445279,111.5479881808462,-0.4641232415336217,0.0
121.99167744740086,111.77810398166588,-0.5198178127145263,0.0,121.21527612529397,112.27462158985082,-0.9386301821943721,0.0,122.5932348860778,112.92523585784792,-0.17446000781562282,0.0,122.43744816066555,112.29895890987294,-0.5859208033762283,0.0
122.55296256550403,111.7038830774247,0.5963005614718051,0.0,121.99167744740086,111.77810398166588,-0.5198178127145263,0.0,121.21527612529397,112.27462158985082,-0.9386301821943721,0.0,122.5932348860778,112.92523585784792,-0.17446000781562282,0.0
122.25086282401341,112.23729152473186,-0.20454655311896114,0.0,122.55296256550403,111.7038830774247,0.5963005614718051,0.0,121.99167744740086,111.77810398166588,-0.5198178127145263,0.0,121.21527612529397,112.27462158985082,-0.9386301821943721,0.0
122.50105705763667,113.16529946931348,-0.06878415868997109,0.0,122.25086282401341,112.23729152473186,-0.20454655311896114,0.0,122.55296256550403,111.7038830774247,0.5963005614718051,0.0,121.99167744740086,111.77810398166588,-0.5198178127145263,0.0
121.97029840156209,112.01695278277265,-0.3860184158502814,0.0,122.50105705763667,113.16529946931348,-0.06878415868997109,0.0,122.25086282401341,112.23729152473186,-0.20454655311896114,0.0,122.55296256550403,111.7038830774247,0.5963005614718051,0.0
121.7267513315472,112.28719063138581,-0.09587112958370725,0.0,121.97029840156209,112.01695278277265,-0.3860184158502814,0.0,122.50105705763667,113.16529946931348,-0.06878415868997109,0.0,122.25086282401341,112.23729152473186,-0.20454655311896114,0.0
122.4752072287394,113.10934033666598,-0.06712301495908977,0.0,121.7267513315472,112.28719063138581,-0.09587112958370725,0.0,121.97029840156209,112.01695278277265,-0.3860184158502814,0.0,122.50105705763667,113.16529946931348,-0.06878415868997109,0.0
122.20658036220289,112.75440801707566,-0.3744418664894266,0.0,122.4752072287394,113.10934033666598,-0.06712301495908977,0.0,121.7267513315472,112.28719063138581,-0.09587112958370725,0.0,121.97029840156209,112.01695278277265,-0.3860184158502814,0.0
121.25045026015313,111.59896397263353,-0.0556173507560043,0.0,122.20658036220289,112.75440801707566,-0.3744418664894266,0.0,122.4752072287394,113.10934033666598,-0.06712301495908977,0.0,121.7267513315472,112.28719063138581,-0.09587112958370725,0.0
121.43433582198728,110.68745549489125,0.8576801742885681,0.0,121.25045026015313,111.59896397263353,-0.0556173507560043,0.0,122.20658036220289,112.75440801707566,-0.3744418664894266,0.0,122.4752072287394,113.10934033666598,-0.06712301495908977,0.0
121.52541384042655,111.65521241412182,0.5906922435672052,0.0,121.43433582198728,110.68745549489125,0.8576801742885681,0.0,121.25045026015313,111.59896397263353,-0.0556173507560043,0.0,122.20658036220289,112.75440801707566,-0.3744418664894266,0.0
122.27153085998673,110.95968994082506,0.8324327659278551,0.0,121.52541384042655,111.65521241412182,0.5906922435672052,0.0,121.43433582198728,110.68745549489125,0.8576801742885681,0.0,121.25045026015313,111.59896397263353,-0.0556173507560043,0.0
122.24147670774335,111.65832382667838,0.01930973380670231,0.0,122.27153085998673,110.95968994082506,0.8324327659278551,0.0,121.52541384042655,111.65521241412182,0.5906922435672052,0.0,121.43433582198728,110.68745549489125,0.8576801742885681,0.0
121.91482678909794,113.35126842753198,-0.4627704013636425,0.0,122.24147670774335,111.65832382667838,0.01930973380670231,0.0,122.27153085998673,110.95968994082506,0.8324327659278551,0.0,121.52541384042655,111.65521241412182,0.5906922435672052,0.0
122.44966694278865,112.0944512221061,-0.13401318215072533,0.0,121.91482678909794,113.35126842753198,-0.4627704013636425,0.0,122.24147670774335,111.65832382667838,0.01930973380670231,0.0,122.27153085998673,110.95968994082506,0.8324327659278551,0.0
122.41105507444125,112.18147192080465,0.6348474685474021,0.0,122.44966694278865,112.0944512221061,-0.13401318215072533,0.0,121.91482678909794,113.35126842753198,-0.4627704013636425,0.0,122.24147670774335,111.65832382667838,0.01930973380670231,0.0
122.0090869901488,110.89491457242664,0.6856846492307518,0.0,122.41105507444125,112.18147192080465,0.6348474685474021,0.0,122.44966694278865,112.0944512221061,-0.13401318215072533,0.0,121.91482678909794,113.35126842753198,-0.4627704013636425,0.0
122.5739601383613,112.21616468057147,0.3920187041230243,0.0,122.0090869901488,110.89491457242664,0.6856846492307518,0.0,122.41105507444125,112.18147192080465,0.6348474685474021,0.0,122.44966694278865,112.0944512221061,-0.13401318215072533,0.0
122.54512515747615,112.21747670942554,0.3132606660100965,0.0,122.5739601383613,112.21616468057147,0.3920187041230243,0.0,122.0090869901488,110.89491457242664,0.6856846492307518,0.0,122.41105507444125,112.18147192080465,0.6348474685474021,0.0
122.39448181083453,112.8616259697219,-0.37459533417678154,0.0,122.54512515747615,112.21747670942554,0.3132606660100965,0.0,122.5739601383613,112.21616468057147,0.3920187041230243,0.0,122.0090869901488,110.89491457242664,0.6856846492307518,0.0
122.4142589945439,111.80561299659092,0.00258139583625816,0.0,122.39448181083453,112.8616259697219,-0.37459533417678154,0.0,122.54512515747615,112.21747670942554,0.3132606660100965,0.0,122.5739601383613,112.21616468057147,0.3920187041230243,0.0
121.79737608762404,111.97393844605583,0.4432316478307111,0.0,122.4142589945439,111.80561299659092,0.00258139583625816,0.0,122.39448181083453,112.8616259697219,-0.37459533417678154,0.0,122.54512515747615,112.21747670942554,0.3132606660100965,0.0
121.61494952197224,111.18248920075672,0.12854015184802872,0.0,121.79737608762404,111.97393844605583,0.4432316478307111,0.0,122.4142589945439,111.80561299659092,0.00258139583625816,0.0,122.39448181083453,112.8616259697219,-0.37459533417678154,0.0
121.72826164285367,111.30978551281021,-0.13218895240132778,0.0,121.61494952197224,111.18248920075672,0.12854015184802872,0.0,121.79737608762404,111.97393844605583,0.4432316478307111,0.0,122.4142589945439,111.80561299659092,0.00258139583625816,0.0
121.71861463469463,111.33325664151945,0.027187952904962023,0.0,121.72826164285367,111.30978551281021,-0.13218895240132778,0.0,121.61494952197224,111.18248920075672,0.12854015184802872,0.0,121.79737608762404,111.97393844605583,0.4432316478307111,0.0
122.4375170445117,111.47177709304628,-0.19660950569632812,0.0,121.71861463469463,111.33325664151945,0.027187952904962023,0.0,121.72826164285367,111.30978551281021,-0.13218895240132778,0.0,121.61494952197224,111.18248920075672,0.12854015184802872,0.0
122.41521447362977,112.87004176686207,-0.19035391186997375,0.0,122.4375170445117,111.47177709304628,-0.19660950569632812,0.0,121.71861463469463,111.33325664151945,0.027187952904962023,0.0,121.72826164285367,111.30978551281021,-0.13218895240132778,0.0
122.78898576099164,111.41275558460762,0.8975777650872787,0.0,122.41521447362977,112.87004176686207,-0.19035391186997375,0.0,122.4375170445117,111.47177709304628,-0.19660950569632812,0.0,121.71861463469463,111.33325664151945,0.027187952904962023,0.0
122.63139189360244,112.08988784957631,0.5945493616968247,0.0,122.78898576099164,111.41275558460762,0.8975777650872787,0.0,122.41521447362977,112.87004176686207,-0.19035391186997375,0.0,122.4375170445117,111.47177709304628,-0.19660950569632812,0.0
123.02753940888685,112.11436695736364,0.29646941334684873,0.0,122.63139189360244,112.08988784957631,0.5945493616968247,0.0,122.78898576099164,111.41275558460762,0.8975777650872787,0.0,122.41521447362977,112.87004176686207,-0.19035391186997375,0.0
122.96787943990097,113.05831930990175,-0.0865953721401006,0.0,123.02753940888685,112.11436695736364,0.29646941334684873,0.0,122.63139189360244,112.08988784957631,0.5945493616968247,0.0,122.78898576099164,111.41275558460762,0.8975777650872787,0.0
122.74900750901936,112.6401257119127,0.3028196880378879,0.0,122.96787943990097,113.05831930990175,-0.0865953721401006,0.0,123.02753940888685,112.11436695736364,0.29646941334684873,0.0,122.63139189360244,112.08988784957631,0.5945493616968247,0.0
122.60266519145127,111.79798542569418,0.15164366382125882,0.0,122.74900750901936,112.6401257119127,0.3028196880378879,0.0,122.96787943990097,113.05831930990175,-0.0865953721401006,0.0,123.02753940888685,112.11436695736364,0.29646941334684873,0.0
121.98329067822368,112.4324432358369,-0.20337158810370592,0.0,122.60266519145127,111.79798542569418,0.15164366382125882,0.0,122.74900750901936,112.6401257119127,0.3028196880378879,0.0,122.96787943990097,113.05831930990175,-0.0865953721401006,0.0
122.21873332948311,112.42714146327987,0.49795474565354125,0.0,121.98329067822368,112.4324432358369,-0.20337158810370592,0.0,122.60266519145127,111.79798542569418,0.15164366382125882,0.0,122.74900750901936,112.6401257119127,0.3028196880378879,0.0
122.18797275159804,111.33823089440534,1.1081652987796518,0.0,122.21873332948311,112.42714146327987,0.49795474565354125,0.0,121.98329067822368,112.4324432358369,-0.20337158810370592,0.0,122.60266519145127,111.79798542569418,0.15164366382125882,0.0
121.94683244539073,111.05099551594208,0.5863204561543689,0.0,122.18797275159804,111.33823089440534,1.1081652987796518,0.0,122.21873332948311,112.42714146327987,0.49795474565354125,0.0,121.98329067822368,112.4324432358369,-0.20337158810370592,0.0
122.49741631425758,112.26561054922087,-0.464213610756813,0.0,121.94683244539073,111.05099551594208,0.5863204561543689,0.0,122.18797275159804,111.33823089440534,1.1081652987796518,0.0,122.21873332948311,112.42714146327987,0.49795474565354125,0.0
121.79259292443497,111.60464228047368,0.13238595631301064,0.0,122.49741631425758,112.26561054922087,-0.464213610756813,0.0,121.94683244539073,111.05099551594208,0.5863204561543689,0.0,122.18797275159804,111.33823089440534,1.1081652987796518,0.0
121.66091524868679,111.23822286289939,-0.23640614782959346,0.0,121.79259292443497,111.60464228047368,0.13238595631301064,0.0,122.49741631425758,112.26561054922087,-0.464213610756813,0.0,121.94683244539073,111.05099551594208,0.5863204561543689,0.0
122.2085205660649,112.68142014548596,0.20618788131770954,0.0,121.66091524868679,111.23822286289939,-0.23640614782959346,0.0,121.79259292443497,111.60464228047368,0.13238595631301064,0.0,122.49741631425758,112.26561054922087,-0.464213610756813,0.0
122.2595154823824,113.30124881859308,-0.8201016038017501,0.0,122.2085205660649,112.68142014548596,0.20618788131770954,0.0,121.66091524868679,111.23822286289939,-0.23640614782959346,0.0,121.79259292443497,111.60464228047368,0.13238595631301064,0.0
122.15807563186296,112.51214580433177,-0.20978261389174552,0.0,122.2595154823824,113.30124881859308,-0.8201016038017501,0.0,122.2085205660649,112.68142014548596,0.20618788131770954,0.0,121.66091524868679,111.23822286289939,-0.23640614782959346,0.0
122.20040732246756,113.0310990919576,-0.773412055753787,0.0,122.15807563186296,112.51214580433177,-0.20978261389174552,0.0,122.2595154823824,113.30124881859308,-0.8201016038017501,0.0,122.2085205660649,112.68142014548596,0.20618788131770954,0.0
122.22806468947738,112.43936508042202,-0.25334758506976746,0.0,122.20040732246756,113.0310990919576,-0.773412055753787,0.0,122.15807563186296,112.51214580433177,-0.20978261389174552,0.0,122.2595154823824,113.30124881859308,-0.8201016038017501,0.0
121.45868207206368,111.30876812750518,-0.19554153413759692,0.0,122.22806468947738,112.43936508042202,-0.25334758506976746,0.0,122.20040732246756,113.0310990919576,-0.773412055753787,0.0,122.15807563186296,112.51214580433177,-0.20978261389174552,0.0
121.38049942587837,112.23630578197199,-0.6334029370084,0.0,121.45868207206368,111.30876812750518,-0.19554153413759692,0.0,122.22806468947738,112.43936508042202,-0.25334758506976746,0.0,122.20040732246756,113.0310990919576,-0.773412055753787,0.0
122.2672610093618,112.90798717195534,-0.7102405060701102,0.0,121.38049942587837,112.23630578197199,-0.6334029370084,0.0,121.45868207206368,111.30876812750518,-0.19554153413759692,0.0,122.22806468947738,112.43936508042202,-0.25334758506976746,0.0
121.87787334192751,112.12546796346726,-0.22503317637773784,0.0,122.2672610093618,112.90798717195534,-0.7102405060701102,0.0,121.38049942587837,112.23630578197199,-0.6334029370084,0.0,121.45868207206368,111.30876812750518,-0.19554153413759692,0.0
121.72728281253843,112.31730707902855,-0.12707931454457316,0.0,121.87787334192751,112.12546796346726,-0.22503317637773784,0.0,122.2672610093618,112.90798717195534,-0.7102405060701102,0.0,121.38049942587837,112.23630578197199,-0.6334029370084,0.0
121.54066795531348,111.4069582612536,0.19054303860058358,0.0,121.72728281253843,112.31730707902855,-0.12707931454457316,0.0,121.87787334192751,112.12546796346726,-0.22503317637773784,0.0,122.2672610093618,112.90798717195534,-0.7102405060701102,0.0
121.65949333381067,110.59066837562102,1.1406547231382096,0.0,121.54066795531348,111.4069582612536,0.19054303860058358,0.0,121.72728281253843,112.31730707902855,-0.12707931454457316,0.0,121.87787334192751,112.12546796346726,-0.22503317637773784,0.0
121.46516798656579,111.41730529641225,0.13040297265504208,0.0,121.65949333381067,110.59066837562102,1.1406547231382096,0.0,121.54066795531348,111.4069582612536,0.19054303860058358,0.0,121.72728281253843,112.31730707902855,-0.12707931454457316,0.0
121.86851958097773,110.93971118707867,0.9129286656083456,0.0,121.46516798656579,111.41730529641225,0.13040297265504208,0.0,121.65949333381067,110.59066837562102,1.1406547231382096,0.0,121.54066795531348,111.4069582612536,0.19054303860058358,0.0
122.03284786143341,111.21249018987842,0.782520901248283,0.0,121.86851958097773,110.93971118707867,0.9129286656083456,0.0,121.46516798656579,111.41730529641225,0.13040297265504208,0.0,121.65949333381067,110.59066837562102,1.1406547231382096,0.0
122.39150090672801,112.43102379944463,0.1766246968370624,0.0,122.03284786143341,111.21249018987842,0.782520901248283,0.0,121.86851958097773,110.93971118707867,0.9129286656083456,0.0,121.46516798656579,111.41730529641225,0.13040297265504208,0.0
121.80319538844498,111.69069507685919,-0.523857055399845,0.0,122.39150090672801,112.43102379944463,0.1766246968370624,0.0,122.03284786143341,111.21249018987842,0.782520901248283,0.0,121.86851958097773,110.93971118707867,0.9129286656083456,0.0
121.63568263009432,112.73406878440423,-0.5136458397083927,0.0,121.80319538844498,111.69069507685919,-0.523857055399845,0.0,122.39150090672801,112.43102379944463,0.1766246968370624,0.0,122.03284786143341,111.21249018987842,0.782520901248283,0.0
121.60014852834992,111.91072519838934,0.049908384195515465,0.0,121.63568263009432,112.73406878440423,-0.5136458397083927,0.0,121.80319538844498,111.69069507685919,-0.523857055399845,0.0,122.39150090672801,112.43102379944463,0.1766246968370624,0.0
121.97737997684591,110.61124601756649,-0.02384785283235473,0.0,121.60014852834992,111.91072519838934,0.049908384195515465,0.0,121.63568263009432,112.73406878440423,-0.5136458397083927,0.0,121.80319538844498,111.69069507685919,-0.523857055399845,0.0
121.61539862680131,111.39789512143813,0.7364991828577899,0.0,121.97737997684591,110.61124601756649,-0.02384785283235473,0.0,121.60014852834992,111.91072519838934,0.049908384195515465,0.0,121.63568263009432,112.73406878440423,-0.5136458397083927,0.0
122.10426905882429,112.91753489491873,-0.1363884987395475,0.0,121.61539862680131,111.39789512143813,0.7364991828577899,0.0,121.97737997684591,110.61124601756649,-0.02384785283235473,0.0,121.60014852834992,111.91072519838934,0.049908384195515465,0.0
122.65640685456908,112.40432375498312,-0.11515527291466528,0.0,122.10426905882429,112.91753489491873,-0.1363884987395475,0.0,121.61539862680131,111.39789512143813,0.7364991828577899,0.0,121.97737997684591,110.61124601756649,-0.02384785283235473,0.0
121.94556692044402,113.70244778786923,-0.7183209405382918,0.0,122.65640685456908,112.40432375498312,-0.11515527291466528,0.0,122.10426905882429,112.91753489491873,-0.1363884987395475,0.0,121.61539862680131,111.39789512143813,0.7364991828577899,0.0
121.70046971486022,112.21094748096456,-0.3928408111181495,0.0,121.94556692044402,113.70244778786923,-0.7183209405382918,0.0,122.65640685456908,112.40432375498312,-0.11515527291466528,0.0,122.10426905882429,112.91753489491873,-0.1363884987395475,0.0
121.57572780302549,110.3736442943331,0.12917104615413055,0.0,121.70046971486022,112.21094748096456,-0.3928408111181495,0.0,121.94556692044402,113.70244778786923,-0.7183209405382918,0.0,122.65640685456908,112.40432375498312,-0.11515527291466528,0.0
122.8883807082947,113.76789272928866,-0.10704405991722218,0.0,121.57572780302549,110.3736442943331,0.12917104615413055,0.0,121.70046971486022,112.21094748096456,-0.3928408111181495,0.0,121.94556692044402,113.70244778786923,-0.7183209405382918,0.0
122.35887456483428,114.73759898395096,-1.387742176247345,0.0,122.8883807082947,113.76789272928866,-0.10704405991722218,0.0,121.57572780302549,110.3736442943331,0.12917104615413055,0.0,121.70046971486022,112.21094748096456,-0.3928408111181495,0.0
122.9884731995396,114.74878346811806,-1.0107196675996286,0.0,122.35887456483428,114.73759898395096,-1.387742176247345,0.0,122.8883807082947,113.76789272928866,-0.10704405991722218,0.0,121.57572780302549,110.3736442943331,0.12917104615413055,0.0
122.14324878892991,112.28427546296936,-0.5902064582129483,0.0,122.9884731995396,114.74878346811806,-1.0107196675996286,0.0,122.35887456483428,114.73759898395096,-1.387742176247345,0.0,122.8883807082947,113.76789272928866,-0.10704405991722218,0.0
121.65180197772088,111.35943140681749,-0.2700177890895098,0.0,122.14324878892991,112.28427546296936,-0.5902064582129483,0.0,122.9884731995396,114.74878346811806,-1.0107196675996286,0.0,122.35887456483428,114.73759898395096,-1.387742176247345,0.0
121.4146842281525,111.26910176200226,0.4018768646394692,0.0,121.65180197772088,111.35943140681749,-0.2700177890895098,0.0,122.14324878892991,112.28427546296936,-0.5902064582129483,0.0,122.9884731995396,114.74878346811806,-1.0107196675996286,0.0
121.15741120904106,111.02983035515354,-0.21402534811294904,0.0,121.4146842281525,111.26910176200226,0.4018768646394692,0.0,121.65180197772088,111.35943140681749,-0.2700177890895098,0.0,122.14324878892991,112.28427546296936,-0.5902064582129483,0.0
121.27160035433633,110.40758491634543,0.16888777423486545,0.0,121.15741120904106,111.02983035515354,-0.21402534811294904,0.0,121.4146842281525,111.26910176200226,0.4018768646394692,0.0,121.65180197772088,111.35943140681749,-0.2700177890895098,0.0
121.18489813452419,109.55986095168242,0.7313639756268798,0.0,121.27160035433633,110.40758491634543,0.16888777423486545,0.0,121.15741120904106,111.02983035515354,-0.21402534811294904,0.0,121.4146842281525,111.26910176200226,0.4018768646394692,0.0
120.96845637966429,111.39582663175594,-0.30420261150175454,0.0,121.18489813452419,109.55986095168242,0.7313639756268798,0.0,121.27160035433633,110.40758491634543,0.16888777423486545,0.0,121.15741120904106,111.02983035515354,-0.21402534811294904,0.0
121.70694047639454,112.94121251147146,-0.08353617624191503,0.0,120.96845637966429,111.39582663175594,-0.30420261150175454,0.0,121.18489813452419,109.55986095168242,0.7313639756268798,0.0,121.27160035433633,110.40758491634543,0.16888777423486545,0.0
122.32474407284487,113.05410239054706,-0.3189188564973678,0.0,121.70694047639454,112.94121251147146,-0.08353617624191503,0.0,120.96845637966429,111.39582663175594,-0.30420261150175454,0.0,121.18489813452419,109.55986095168242,0.7313639756268798,0.0
122.67521769666926,113.1845162158856,-0.29589642174871716,0.0,122.32474407284487,113.05410239054706,-0.3189188564973678,0.0,121.70694047639454,112.94121251147146,-0.08353617624191503,0.0,120.96845637966429,111.39582663175594,-0.30420261150175454,0.0
122.75481544803013,112.94716374194911,-0.06287889562980556,0.0,122.67521769666926,113.1845162158856,-0.29589642174871716,0.0,122.32474407284487,113.05410239054706,-0.3189188564973678,0.0,121.70694047639454,112.94121251147146,-0.08353617624191503,0.0
122.60079193939109,112.98863903845609,-0.2939173985606206,0.0,122.75481544803013,112.94716374194911,-0.06287889562980556,0.0,122.67521769666926,113.1845162158856,-0.29589642174871716,0.0,122.32474407284487,113.05410239054706,-0.3189188564973678,0.0
122.2204201649588,112.23396082442275,-0.5729879584293024,0.0,122.60079193939109,112.98863903845609,-0.2939173985606206,0.0,122.75481544803013,112.94716374194911,-0.06287889562980556,0.0,122.67521769666926,113.1845162158856,-0.29589642174871716,0.0
121.72338322129211,111.52748316594773,-0.44131415799942963,0.0,122.2204201649588,112.23396082442275,-0.5729879584293024,0.0,122.60079193939109,112.98863903845609,-0.2939173985606206,0.0,122.75481544803013,112.94716374194911,-0.06287889562980556,0.0
121.91531321200988,112.89782433480323,-0.896674295830945,0.0,121.72338322129211,111.52748316594773,-0.44131415799942963,0.0,122.2204201649588,112.23396082442275,-0.5729879584293024,0.0,122.60079193939109,112.98863903845609,-0.2939173985606206,0.0
121.34274751921947,112.0537570823009,-1.2602520011073488,0.0,121.91531321200988,112.89782433480323,-0.896674295830945,0.0,121.72338322129211,111.52748316594773,-0.44131415799942963,0.0,122.2204201649588,112.23396082442275,-0.5729879584293024,0.0
121.00262222569836,111.49230650179047,-0.6685149594076275,0.0,121.34274751921947,112.0537570823009,-1.2602520011073488,0.0,121.91531321200988,112.89782433480323,-0.896674295830945,0.0,121.72338322129211,111.52748316594773,-0.44131415799942963,0.0
121.73781581783561,112.81477181650973,-1.10920898510543,0.0,121.00262222569836,111.49230650179047,-0.6685149594076275,0.0,121.34274751921947,112.0537570823009,-1.2602520011073488,0.0,121.91531321200988,112.89782433480323,-0.896674295830945,0.0
122.70050498302457,112.80144384209933,-0.5542109376297382,0.0,121.73781581783561,112.81477181650973,-1.10920898510543,0.0,121.00262222569836,111.49230650179047,-0.6685149594076275,0.0,121.34274751921947,112.0537570823009,-1.2602520011073488,0.0
122.71262304907145,112.88857012862931,-0.21207310367681498,0.0,122.70050498302457,112.80144384209933,-0.5542109376297382,0.0,121.73781581783561,112.81477181650973,-1.10920898510543,0.0,121.00262222569836,111.49230650179047,-0.6685149594076275,0.0
123.06966114520486,113.07331740399275,-1.0325618473367504,0.0,122.71262304907145,112.88857012862931,-0.21207310367681498,0.0,122.70050498302457,112.80144384209933,-0.5542109376297382,0.0,121.73781581783561,112.81477181650973,-1.10920898510543,0.0
122.60819322673349,114.492230614168,-1.1648318040372279,0.0,123.06966114520486,113.07331740399275,-1.0325618473367504,0.0,122.71262304907145,112.88857012862931,-0.21207310367681498,0.0,122.70050498302457,112.80144384209933,-0.5542109376297382,0.0
121.79818826550509,112.39058445675721,-0.33481074170609615,0.0,122.60819322673349,114.492230614168,-1.1648318040372279,0.0,123.06966114520486,113.07331740399275,-1.0325618473367504,0.0,122.71262304907145,112.88857012862931,-0.21207310367681498,0.0
122.09862083937408,112.92031164678573,-0.7584313589347178,0.0,121.79818826550509,112.39058445675721,-0.33481074170609615,0.0,122.60819322673349,114.492230614168,-1.1648318040372279,0.0,123.06966114520486,113.07331740399275,-1.0325618473367504,0.0
122.3167431328387,112.93596400591218,-0.8389472183024681,0.0,122.09862083937408,112.92031164678573,-0.7584313589347178,0.0,121.79818826550509,112.39058445675721,-0.33481074170609615,0.0,122.60819322673349,114.492230614168,-1.1648318040372279,0.0
122.28468707522653,112.09083415969101,-0.44012732801602633,0.0,122.3167431328387,112.93596400591218,-0.8389472183024681,0.0,122.09862083937408,112.92031164678573,-0.7584313589347178,0.0,121.79818826550509,112.39058445675721,-0.33481074170609615,0.0
122.10279203481828,112.07539792620787,0.03959339222847663,0.0,122.28468707522653,112.09083415969101,-0.44012732801602633,0.0,122.3167431328387,112.93596400591218,-0.8389472183024681,0.0,122.09862083937408,112.92031164678573,-0.7584313589347178,0.0
122.4981699423291,113.30337949632167,-0.09409472923946655,0.0,122.10279203481828,112.07539792620787,0.03959339222847663,0.0,122.28468707522653,112.09083415969101,-0.44012732801602633,0.0,122.3167431328387,112.93596400591218,-0.8389472183024681,0.0
121.91241022907053,111.86518416158037,-0.37403088073739404,0.0,122.4981699423291,113.30337949632167,-0.09409472923946655,0.0,122.10279203481828,112.07539792620787,0.03959339222847663,0.0,122.28468707522653,112.09083415969101,-0.44012732801602633,0.0
121.60239035645488,110.81295074712457,0.4119602262593386,0.0,121.91241022907053,111.86518416158037,-0.37403088073739404,0.0,122.4981699423291,113.30337949632167,-0.09409472923946655,0.0,122.10279203481828,112.07539792620787,0.03959339222847663,0.0
121.2278699675662,110.99978128434967,1.1990180129062602,0.0,121.60239035645488,110.81295074712457,0.4119602262593386,0.0,121.91241022907053,111.86518416158037,-0.37403088073739404,0.0,122.4981699423291,113.30337949632167,-0.09409472923946655,0.0
121.52106621315706,110.07432484427656,1.448643435715906,0.0,121.2278699675662,110.99978128434967,1.1990180129062602,0.0,121.60239035645488,110.81295074712457,0.4119602262593386,0.0,121.91241022907053,111.86518416158037,-0.37403088073739404,0.0
121.13641105685407,110.729908152339,1.2015738198552368,0.0,121.52106621315706,110.07432484427656,1.448643435715906,0.0,121.2278699675662,110.99978128434967,1.1990180129062602,0.0,121.60239035645488,110.81295074712457,0.4119602262593386,0.0
121.02690265480122,110.80210200848853,0.5571261950637263,0.0,121.13641105685407,110.729908152339,1.2015738198552368,0.0,121.52106621315706,110.07432484427656,1.448643435715906,0.0,121.2278699675662,110.99978128434967,1.1990180129062602,0.0
120.90247434018279,111.32340005089148,0.030478752772698403,0.0,121.02690265480122,110.80210200848853,0.5571261950637263,0.0,121.13641105685407,110.729908152339,1.2015738198552368,0.0,121.52106621315706,110.07432484427656,1.448643435715906,0.0
121.07256088207416,110.38228847810214,0.28564005485103744,0.0,120.90247434018279,111.32340005089148,0.030478752772698403,0.0,121.02690265480122,110.80210200848853,0.5571261950637263,0.0,121.13641105685407,110.729908152339,1.2015738198552368,0.0
120.60873123288371,110.11260499147247,0.4377111543251718,0.0,121.07256088207416,110.38228847810214,0.28564005485103744,0.0,120.90247434018279,111.32340005089148,0.030478752772698403,0.0,121.02690265480122,110.80210200848853,0.5571261950637263,0.0
121.00094868409846,110.59277596454314,1.050968219933352,0.0,120.60873123288371,110.11260499147247,0.4377111543251718,0.0,121.07256088207416,110.38228847810214,0.28564005485103744,0.0,120.90247434018279,111.32340005089148,0.030478752772698403,0.0
121.90924990742457,110.30321730373112,1.1659996222147513,0.0,121.00094868409846,110.59277596454314,1.050968219933352,0.0,120.60873123288371,110.11260499147247,0.4377111543251718,0.0,121.07256088207416,110.38228847810214,0.28564005485103744,0.0
121.9698699465185,112.50551331159082,0.18125954689189205,0.0,121.90924990742457,110.30321730373112,1.1659996222147513,0.0,121.00094868409846,110.59277596454314,1.050968219933352,0.0,120.60873123288371,110.11260499147247,0.4377111543251718,0.0
122.75081756828189,111.91477922667147,0.6709814463749729,0.0,121.9698699465185,112.50551331159082,0.18125954689189205,0.0,121.90924990742457,110.30321730373112,1.1659996222147513,0.0,121.00094868409846,110.59277596454314,1.050968219933352,0.0
123.18970535524174,113.55895584644475,0.03775484344277186,0.0,122.75081756828189,111.91477922667147,0.6709814463749729,0.0,121.9698699465185,112.50551331159082,0.18125954689189205,0.0,121.90924990742457,110.30321730373112,1.1659996222147513,0.0
123.26038170732662,113.60500200981383,-0.1617817612219583,0.0,123.18970535524174,113.55895584644475,0.03775484344277186,0.0,122.75081756828189,111.91477922667147,0.6709814463749729,0.0,121.9698699465185,112.50551331159082,0.18125954689189205,0.0
123.0076559910363,112.75984592286883,-0.004325305851719419,0.0,123.26038170732662,113.60500200981383,-0.1617817612219583,0.0,123.18970535524174,113.55895584644475,0.03775484344277186,0.0,122.75081756828189,111.91477922667147,0.6709814463749729,0.0
122.83821894946551,111.58312074972514,0.9943735002106067,0.0,123.0076559910363,112.75984592286883,-0.004325305851719419,0.0,123.26038170732662,113.60500200981383,-0.1617817612219583,0.0,123.18970535524174,113.55895584644475,0.03775484344277186,0.0
123.14611635857285,110.12717374362373,2.3504580781711657,0.0,122.83821894946551,111.58312074972514,0.9943735002106067,0.0,123.0076559910363,112.75984592286883,-0.004325305851719419,0.0,123.26038170732662,113.60500200981383,-0.1617817612219583,0.0
122.78875032306642,110.6461491807971,2.183727992105024,0.0,123.14611635857285,110.12717374362373,2.3504580781711657,0.0,122.83821894946551,111.58312074972514,0.9943735002106067,0.0,123.0076559910363,112.75984592286883,-0.004325305851719419,0.0
121.79063843667589,109.98202892087042,1.6553840843238254,0.0,122.78875032306642,110.6461491807971,2.183727992105024,0.0,123.14611635857285,110.12717374362373,2.3504580781711657,0.0,122.83821894946551,111.58312074972514,0.9943735002106067,0.0
122.14014033134957,110.7674489008524,1.5915600916993355,0.0,121.79063843667589,109.98202892087042,1.6553840843238254,0.0,122.78875032306642,110.6461491807971,2.183727992105024,0.0,123.14611635857285,110.12717374362373,2.3504580781711657,0.0
121.65426808237389,109.8461973547661,1.7170757862963866,0.0,122.14014033134957,110.7674489008524,1.5915600916993355,0.0,121.79063843667589,109.98202892087042,1.6553840843238254,0.0,122.78875032306642,110.6461491807971,2.183727992105024,0.0
121.34666413696864,109.9135942967059,1.2133268162585136,0.0,121.65426808237389,109.8461973547661,1.7170757862963866,0.0,122.14014033134957,110.7674489008524,1.5915600916993355,0.0,121.79063843667589,109.98202892087042,1.6553840843238254,0.0
121.58895132755676,109.76983912032097,1.868267130962972,0.0,121.34666413696864,109.9135942967059,1.2133268162585136,0.0,121.65426808237389,109.8461973547661,1.7170757862963866,0.0,122.14014033134957,110.7674489008524,1.5915600916993355,0.0
121.67522601465205,110.96745217233223,1.6096490843660787,0.0,121.58895132755676,109.76983912032097,1.868267130962972,0.0,121.34666413696864,109.9135942967059,1.2133268162585136,0.0,121.65426808237389,109.8461973547661,1.7170757862963866,0.0
121.16119935388004,109.45887309367603,1.53659081203856,0.0,121.67522601465205,110.96745217233223,1.6096490843660787,0.0,121.58895132755676,109.76983912032097,1.868267130962972,0.0,121.34666413696864,109.9135942967059,1.2133268162585136,0.0
121.52279146751181,109.77827595317598,1.5622347756580788,0.0,121.16119935388004,109.45887309367603,1.53659081203856,0.0,121.67522601465205,110.96745217233223,1.6096490843660787,0.0,121.58895132755676,109.76983912032097,1.868267130962972,0.0
122.14983592745044,111.02934153979075,1.460581125833691,0.0,121.52279146751181,109.77827595317598,1.5622347756580788,0.0,121.16119935388004,109.45887309367603,1.53659081203856,0.0,121.67522601465205,110.96745217233223,1.6096490843660787,0.0
121.62189051282928,110.67614887996373,1.587935150901759,0.0,122.14983592745044,111.02934153979075,1.460581125833691,0.0,121.52279146751181,109.77827595317598,1.5622347756580788,0.0,121.16119935388004,109.45887309367603,1.53659081203856,0.0
122.39879726745029,110.6991361647504,0.9617215274479458,0.0,121.62189051282928,110.67614887996373,1.587935150901759,0.0,122.14983592745044,111.02934153979075,1.460581125833691,0.0,121.52279146751181,109.77827595317598,1.5622347756580788,0.0
121.59595224420657,110.86000314377401,0.4902263449853414,0.0,122.39879726745029,110.6991361647504,0.9617215274479458,0.0,121.62189051282928,110.67614887996373,1.587935150901759,0.0,122.14983592745044,111.02934153979075,1.460581125833691,0.0
122.68743051405029,112.95986707000876,-0.15789604049757433,0.0,121.59595224420657,110.86000314377401,0.4902263449853414,0.0,122.39879726745029,110.6991361647504,0.9617215274479458,0.0,121.62189051282928,110.67614887996373,1.587935150901759,0.0
122.30529529815756,112.78037795681922,0.09343378291205373,0.0,122.68743051405029,112.95986707000876,-0.15789604049757433,0.0,121.59595224420657,110.86000314377401,0.4902263449853414,0.0,122.39879726745029,110.6991361647504,0.9617215274479458,0.0
122.30448583822215,112.25117797434709,0.4642152780857,0.0,122.30529529815756,112.78037795681922,0.09343378291205373,0.0,122.68743051405029,112.95986707000876,-0.15789604049757433,0.0,121.59595224420657,110.86000314377401,0.4902263449853414,0.0
121.39061864479217,110.13906479085455,0.600258655544503,0.0,122.30448583822215,112.25117797434709,0.4642152780857,0.0,122.30529529815756,112.78037795681922,0.09343378291205373,0.0,122.68743051405029,112.95986707000876,-0.15789604049757433,0.0
121.57213436969165,110.18585025814829,1.317453141109371,0.0,121.39061864479217,110.13906479085455,0.600258655544503,0.0,122.30448583822215,112.25117797434709,0.4642152780857,0.0,122.30529529815756,112.78037795681922,0.09343378291205373,0.0
121.8197544124867,111.04388344251407,1.0511645034729737,0.0,121.57213436969165,110.18585025814829,1.317453141109371,0.0,121.39061864479217,110.13906479085455,0.600258655544503,0.0,122.30448583822215,112.25117797434709,0.4642152780857,0.0
121.88974269547522,110.45959564928822,1.1753024305746353,0.0,121.8197544124867,111.04388344251407,1.0511645034729737,0.0,121.57213436969165,110.18585025814829,1.317453141109371,0.0,121.39061864479217,110.13906479085455,0.600258655544503,0.0
121.64725070332126,111.66005829065443,0.39439150639005116,0.0,121.88974269547522,110.45959564928822,1.1753024305746353,0.0,121.8197544124867,111.04388344251407,1.0511645034729737,0.0,121.57213436969165,110.18585025814829,1.317453141109371,0.0
121.3220357588989,110.44965088988386,0.12196335387484045,0.0,121.64725070332126,111.66005829065443,0.39439150639005116,0.0,121.88974269547522,110.45959564928822,1.1753024305746353,0.0,121.8197544124867,111.04388344251407,1.0511645034729737,0.0
122.07521800795651,110.95347817862537,0.44533956188276114,0.0,121.3220357588989,110.44965088988386,0.12196335387484045,0.0,121.64725070332126,111.66005829065443,0.39439150639005116,0.0,121.88974269547522,110.45959564928822,1.1753024305746353,0.0
122.0980521498362,111.55051648055982,0.7808227048777809,0.0,122.07521800795651,110.95347817862537,0.44533956188276114,0.0,121.3220357588989,110.44965088988386,0.12196335387484045,0.0,121.64725070332126,111.66005829065443,0.39439150639005116,0.0
122.81617608233817,112.65283651578349,0.47767469007013375,0.0,122.0980521498362,111.55051648055982,0.7808227048777809,0.0,122.07521800795651,110.95347817862537,0.44533956188276114,0.0,121.3220357588989,110.44965088988386,0.12196335387484045,0.0
122.3252984426782,113.28802491589727,0.3463401261270736,0.0,122.81617608233817,112.65283651578349,0.47767469007013375,0.0,122.0980521498362,111.55051648055982,0.7808227048777809,0.0,122.07521800795651,110.95347817862537,0.44533956188276114,0.0
121.98257966623403,113.20523482444847,-0.4818647724387458,0.0,122.3252984426782,113.28802491589727,0.3463401261270736,0.0,122.81617608233817,112.65283651578349,0.47767469007013375,0.0,122.0980521498362,111.55051648055982,0.7808227048777809,0.0
122.31635599047014,113.55009729630333,-0.5640064183543014,0.0,121.98257966623403,113.20523482444847,-0.4818647724387458,0.0,122.3252984426782,113.28802491589727,0.3463401261270736,0.0,122.81617608233817,112.65283651578349,0.47767469007013375,0.0
121.47112037357415,111.40953875600397,-0.006013552923548049,0.0,122.31635599047014,113.55009729630333,-0.5640064183543014,0.0,121.98257966623403,113.20523482444847,-0.4818647724387458,0.0,122.3252984426782,113.28802491589727,0.3463401261270736,0.0
121.02490319948339,110.90522838598963,0.2827916657144447,0.0,121.47112037357415,111.40953875600397,-0.006013552923548049,0.0,122.31635599047014,113.55009729630333,-0.5640064183543014,0.0,121.98257966623403,113.20523482444847,-0.4818647724387458,0.0
121.77034282642002,111.96644437686547,0.4765661932621606,0.0,121.02490319948339,110.90522838598963,0.2827916657144447,0.0,121.47112037357415,111.40953875600397,-0.006013552923548049,0.0,122.31635599047014,113.55009729630333,-0.5640064183543014,0.0
121.2796049384503,111.01404716148238,0.40613979820020857,0.0,121.77034282642002,111.96644437686547,0.4765661932621606,0.0,121.02490319948339,110.90522838598963,0.2827916657144447,0.0,121.47112037357415,111.40953875600397,-0.006013552923548049,0.0
120.61258480256559,110.03147281086765,0.3284434178742551,0.0,121.2796049384503,111.01404716148238,0.40613979820020857,0.0,121.77034282642002,111.96644437686547,0.4765661932621606,0.0,121.02490319948339,110.90522838598963,0.2827916657144447,0.0
121.842054407681,111.64554056816056,-0.06740583543731948,0.0,120.61258480256559,110.03147281086765,0.3284434178742551,0.0,121.2796049384503,111.01404716148238,0.40613979820020857,0.0,121.77034282642002,111.96644437686547,0.4765661932621606,0.0
121.18477849740363,111.83912409608169,0.2954895417514118,0.0,121.842054407681,111.64554056816056,-0.06740583543731948,0.0,120.61258480256559,110.03147281086765,0.3284434178742551,0.0,121.2796049384503,111.01404716148238,0.40613979820020857,0.0
121.48478077652827,111.10203441117437,0.44687810559582436,0.0,121.18477849740363,111.83912409608169,0.2954895417514118,0.0,121.842054407681,111.64554056816056,-0.06740583543731948,0.0,120.61258480256559,110.03147281086765,0.3284434178742551,0.0
121.63615170817535,111.72431018818807,0.6035119084730591,0.0,121.48478077652827,111.10203441117437,0.44687810559582436,0.0,121.18477849740363,111.83912409608169,0.2954895417514118,0.0,121.842054407681,111.64554056816056,-0.06740583543731948,0.0
120.41632383898285,109.74566738496804,0.21979210544465716,0.0,121.63615170817535,111.72431018818807,0.6035119084730591,0.0,121.48478077652827,111.10203441117437,0.44687810559582436,0.0,121.18477849740363,111.83912409608169,0.2954895417514118,0.0
120.64186888688783,111.15063345429095,-0.9008377755798964,0.0,120.41632383898285,109.74566738496804,0.21979210544465716,0.0,121.63615170817535,111.72431018818807,0.6035119084730591,0.0,121.48478077652827,111.10203441117437,0.44687810559582436,0.0
121.14918700986891,111.7702944876182,-0.17209386458706932,0.0,120.64186888688783,111.15063345429095,-0.9008377755798964,0.0,120.41632383898285,109.74566738496804,0.21979210544465716,0.0,121.63615170817535,111.72431018818807,0.6035119084730591,0.0
121.4842842643913,112.24440068526533,-0.3770938196738576,0.0,121.14918700986891,111.7702944876182,-0.17209386458706932,0.0,120.64186888688783,111.15063345429095,-0.9008377755798964,0.0,120.41632383898285,109.74566738496804,0.21979210544465716,0.0
121.99143136215649,112.95512782516633,-0.7330629377606463,0.0,121.4842842643913,112.24440068526533,-0.3770938196738576,0.0,121.14918700986891,111.7702944876182,-0.17209386458706932,0.0,120.64186888688783,111.15063345429095,-0.9008377755798964,0.0
121.74389909780155,113.1100066894187,-0.23971089425152026,0.0,121.99143136215649,112.95512782516633,-0.7330629377606463,0.0,121.4842842643913,112.24440068526533,-0.3770938196738576,0.0,121.14918700986891,111.7702944876182,-0.17209386458706932,0.0
122.13369709700504,112.35348804564552,-0.387775035360781,0.0,121.74389909780155,113.1100066894187,-0.23971089425152026,0.0,121.99143136215649,112.95512782516633,-0.7330629377606463,0.0,121.4842842643913,112.24440068526533,-0.3770938196738576,0.0
121.7775804172307,111.69425452666607,0.21974816373468609,0.0,122.13369709700504,112.35348804564552,-0.387775035360781,0.0,121.74389909780155,113.1100066894187,-0.23971089425152026,0.0,121.99143136215649,112.95512782516633,-0.7330629377606463,0.0
121.20504769326779,110.23565864620775,0.48430150577609765,0.0,121.7775804172307,111.69425452666607,0.21974816373468609,0.0,122.13369709700504,112.35348804564552,-0.387775035360781,0.0,121.74389909780155,113.1100066894187,-0.23971089425152026,0.0
120.78492859965296,110.6049073424131,0.729225866221117,0.0,121.20504769326779,110.23565864620775,0.48430150577609765,0.0,121.7775804172307,111.69425452666607,0.21974816373468609,0.0,122.13369709700504,112.35348804564552,-0.387775035360781,0.0
120.35850449551167,110.76766313225994,-0.09959716262337359,0.0,120.78492859965296,110.6049073424131,0.729225866221117,0.0,121.20504769326779,110.23565864620775,0.48430150577609765,0.0,121.7775804172307,111.69425452666607,0.21974816373468609,0.0
121.2192839638416,111.4462523302667,0.5262942625945013,0.0,120.35850449551167,110.76766313225994,-0.09959716262337359,0.0,120.78492859965296,110.6049073424131,0.729225866221117,0.0,121.20504769326779,110.23565864620775,0.48430150577609765,0.0
120.6863011297536,110.63678573580822,0.5516606756925291,0.0,121.2192839638416,111.4462523302667,0.5262942625945013,0.0,120.35850449551167,110.76766313225994,-0.09959716262337359,0.0,120.78492859965296,110.6049073424131,0.729225866221117,0.0
121.11366216454512,111.44796319164831,0.2566899709309217,0.0,120.6863011297536,110.63678573580822,0.5516606756925291,0.0,121.2192839638416,111.4462523302667,0.5262942625945013,0.0,120.35850449551167,110.76766313225994,-0.09959716262337359,0.0
121.23497074961128,110.45993769977218,0.2770462104158629,0.0,121.11366216454512,111.44796319164831,0.2566899709309217,0.0,120.6863011297536,110.63678573580822,0.5516606756925291,0.0,121.2192839638416,111.4462523302667,0.5262942625945013,0.0
121.31987784222771,112.33548941471994,-0.6664806481164697,0.0,121.23497074961128,110.45993769977218,0.2770462104158629,0.0,121.11366216454512,111.44796319164831,0.2566899709309217,0.0,120.6863011297536,110.63678573580822,0.5516606756925291,0.0
122.11844515034572,112.38521542072624,-0.32885811275284027,0.0,121.31987784222771,112.33548941471994,-0.6664806481164697,0.0,121.23497074961128,110.45993769977218,0.2770462104158629,0.0,121.11366216454512,111.44796319164831,0.2566899709309217,0.0
121.83536641843594,112.8035203646601,-0.7777722442933079,0.0,122.11844515034572,112.38521542072624,-0.32885811275284027,0.0,121.31987784222771,112.33548941471994,-0.6664806481164697,0.0,121.23497074961128,110.45993769977218,0.2770462104158629,0.0
122.07374251138616,114.00702808274895,-1.2985529383564136,0.0,121.83536641843594,112.8035203646601,-0.7777722442933079,0.0,122.11844515034572,112.38521542072624,-0.32885811275284027,0.0,121.31987784222771,112.33548941471994,-0.6664806481164697,0.0
121.98434959717191,113.8685217525518,-1.8000219437940765,0.0,122.07374251138616,114.00702808274895,-1.2985529383564136,0.0,121.83536641843594,112.8035203646601,-0.7777722442933079,0.0,122.11844515034572,112.38521542072624,-0.32885811275284027,0.0
121.88787060937216,112.47199231098065,-0.8836733675402988,0.0,121.98434959717191,113.8685217525518,-1.8000219437940765,0.0,122.07374251138616,114.00702808274895,-1.2985529383564136,0.0,121.83536641843594,112.8035203646601,-0.7777722442933079,0.0
122.93238909079376,114.55783917794406,-1.0215703908786335,0.0,121.88787060937216,112.47199231098065,-0.8836733675402988,0.0,121.98434959717191,113.8685217525518,-1.8000219437940765,0.0,122.07374251138616,114.00702808274895,-1.2985529383564136,0.0
122.04090342538895,111.68673948776791,-0.05039245774465728,0.0,122.93238909079376,114.55783917794406,-1.0215703908786335,0.0,121.88787060937216,112.47199231098065,-0.8836733675402988,0.0,121.98434959717191,113.8685217525518,-1.8000219437940765,0.0
122.61012847629225,113.34320363475294,-0.3082146977218747,0.0,122.04090342538895,111.68673948776791,-0.05039245774465728,0.0,122.93238909079376,114.55783917794406,-1.0215703908786335,0.0,121.88787060937216,112.47199231098065,-0.8836733675402988,0.0
122.71354183693167,114.05528453694208,-1.1002507369739731,0.0,122.61012847629225,113.34320363475294,-0.3082146977218747,0.0,122.04090342538895,111.68673948776791,-0.05039245774465728,0.0,122.93238909079376,114.55783917794406,-1.0215703908786335,0.0
122.25944277126385,113.43256401931234,-1.4384628095535081,0.0,122.71354183693167,114.05528453694208,-1.1002507369739731,0.0,122.61012847629225,113.34320363475294,-0.3082146977218747,0.0,122.04090342538895,111.68673948776791,-0.05039245774465728,0.0
122.93236604754233,113.7969485637914,-0.5328644376393372,0.0,122.25944277126385,113.43256401931234,-1.4384628095535081,0.0,122.71354183693167,114.05528453694208,-1.1002507369739731,0.0,122.61012847629225,113.34320363475294,-0.3082146977218747,0.0
121.8072048774943,112.29265808690613,-0.5042406390798035,0.0,122.93236604754233,113.7969485637914,-0.5328644376393372,0.0,122.25944277126385,113.43256401931234,-1.4384628095535081,0.0,122.71354183693167,114.05528453694208,-1.1002507369739731,0.0
121.56489189966737,112.3997734735706,-0.6775361595091434,0.0,121.8072048774943,112.29265808690613,-0.5042406390798035,0.0,122.93236604754233,113.7969485637914,-0.5328644376393372,0.0,122.25944277126385,113.43256401931234,-1.4384628095535081,0.0
121.07410059717421,111.47143640850317,-0.46201981468092085,0.0,121.56489189966737,112.3997734735706,-0.6775361595091434,0.0,121.8072048774943,112.29265808690613,-0.5042406390798035,0.0,122.93236604754233,113.7969485637914,-0.5328644376393372,0.0
121.42844524605141,112.73753928247413,-0.11872448366096422,0.0,121.07410059717421,111.47143640850317,-0.46201981468092085,0.0,121.56489189966737,112.3997734735706,-0.6775361595091434,0.0,121.8072048774943,112.29265808690613,-0.5042406390798035,0.0
121.01301723039855,111.46413831698013,0.463719821022459,0.0,121.42844524605141,112.73753928247413,-0.11872448366096422,0.0,121.07410059717421,111.47143640850317,-0.46201981468092085,0.0,121.56489189966737,112.3997734735706,-0.6775361595091434,0.0
121.52105352993229,110.11784455514442,1.0952254717644303,0.0,121.01301723039855,111.46413831698013,0.463719821022459,0.0,121.42844524605141,112.73753928247413,-0.11872448366096422,0.0,121.07410059717421,111.47143640850317,-0.46201981468092085,0.0
121.60416090847822,110.3892741511367,0.6962960545170014,0.0,121.52105352993229,110.11784455514442,1.0952254717644303,0.0,121.01301723039855,111.46413831698013,0.463719821022459,0.0,121.42844524605141,112.73753928247413,-0.11872448366096422,0.0
121.44341927418562,112.00464962537876,-0.10598699942741796,0.0,121.60416090847822,110.3892741511367,0.6962960545170014,0.0,121.52105352993229,110.11784455514442,1.0952254717644303,0.0,121.01301723039855,111.46413831698013,0.463719821022459,0.0
121.74131640433876,112.15485276052792,-0.2915221801035724,0.0,121.44341927418562,112.00464962537876,-0.10598699942741796,0.0,121.60416090847822,110.3892741511367,0.6962960545170014,0.0,121.52105352993229,110.11784455514442,1.0952254717644303,0.0
121.6771013507476,111.63281921508784,-0.10307749079141484,0.0,121.74131640433876,112.15485276052792,-0.2915221801035724,0.0,121.44341927418562,112.00464962537876,-0.10598699942741796,0.0,121.60416090847822,110.3892741511367,0.6962960545170014,0.0
121.22521621554583,111.44294887045493,-0.5643414557384373,0.0,121.6771013507476,111.63281921508784,-0.10307749079141484,0.0,121.74131640433876,112.15485276052792,-0.2915221801035724,0.0,121.44341927418562,112.00464962537876,-0.10598699942741796,0.0
122.65110962320044,114.59499688107417,-0.9300486220382713,0.0,121.22521621554583,111.44294887045493,-0.5643414557384373,0.0,121.6771013507476,111.63281921508784,-0.10307749079141484,0.0,121.74131640433876,112.15485276052792,-0.2915221801035724,0.0
122.21575795526526,113.23092303561015,-0.5721449568556745,0.0,122.65110962320044,114.59499688107417,-0.9300486220382713,0.0,121.22521621554583,111.44294887045493,-0.5643414557384373,0.0,121.6771013507476,111.63281921508784,-0.10307749079141484,0.0
121.07750974531092,111.72584157650562,-0.48204214126976513,0.0,122.21575795526526,113.23092303561015,-0.5721449568556745,0.0,122.65110962320044,114.59499688107417,-0.9300486220382713,0.0,121.22521621554583,111.44294887045493,-0.5643414557384373,0.0
120.89530971005091,110.9129748267429,-0.36923521531001885,0.0,121.07750974531092,111.72584157650562,-0.48204214126976513,0.0,122.21575795526526,113.23092303561015,-0.5721449568556745,0.0,122.65110962320044,114.59499688107417,-0.9300486220382713,0.0
120.58222704187381,110.0076476396111,-0.6746358395980498,0.0,120.89530971005091,110.9129748267429,-0.36923521531001885,0.0,121.07750974531092,111.72584157650562,-0.48204214126976513,0.0,122.21575795526526,113.23092303561015,-0.5721449568556745,0.0
121.2765798542,112.04549174638618,-0.6549090287813236,0.0,120.58222704187381,110.0076476396111,-0.6746358395980498,0.0,120.89530971005091,110.9129748267429,-0.36923521531001885,0.0,121.07750974531092,111.72584157650562,-0.48204214126976513,0.0
121.52153674937642,113.21106927558762,-0.9860437951592111,0.0,121.2765798542,112.04549174638618,-0.6549090287813236,0.0,120.58222704187381,110.0076476396111,-0.6746358395980498,0.0,120.89530971005091,110.9129748267429,-0.36923521531001885,0.0
121.81852924837915,111.9611310403435,-0.34373583056497553,0.0,121.52153674937642,113.21106927558762,-0.9860437951592111,0.0,121.2765798542,112.04549174638618,-0.6549090287813236,0.0,120.58222704187381,110.0076476396111,-0.6746358395980498,0.0
121.72854177206544,110.8254078743852,0.24263600290989584,0.0,121.81852924837915,111.9611310403435,-0.34373583056497553,0.0,121.52153674937642,113.21106927558762,-0.9860437951592111,0.0,121.2765798542,112.04549174638618,-0.6549090287813236,0.0
121.62800894353222,112.30298701183361,-0.7289851287911302,0.0,121.72854177206544,110.8254078743852,0.24263600290989584,0.0,121.81852924837915,111.9611310403435,-0.34373583056497553,0.0,121.52153674937642,113.21106927558762,-0.9860437951592111,0.0
121.46845544070156,112.96972324640782,-1.0479435331291092,0.0,121.62800894353222,112.30298701183361,-0.7289851287911302,0.0,121.72854177206544,110.8254078743852,0.24263600290989584,0.0,121.81852924837915,111.9611310403435,-0.34373583056497553,0.0
121.50360632031249,112.61122880362078,-1.586619454048327,0.0,121.46845544070156,112.96972324640782,-1.0479435331291092,0.0,121.62800894353222,112.30298701183361,-0.7289851287911302,0.0,121.72854177206544,110.8254078743852,0.24263600290989584,0.0
121.9594524170217,113.22198713821459,-1.5943075304421106,0.0,121.50360632031249,112.61122880362078,-1.586619454048327,0.0,121.46845544070156,112.96972324640782,-1.0479435331291092,0.0,121.62800894353222,112.30298701183361,-0.7289851287911302,0.0
122.041989874574,113.87219530592068,-1.317165009248869,0.0,121.9594524170217,113.22198713821459,-1.5943075304421106,0.0,121.50360632031249,112.61122880362078,-1.586619454048327,0.0,121.46845544070156,112.96972324640782,-1.0479435331291092,0.0
122.19452973718627,113.78237154566747,-1.7785546172483602,0.0,122.041989874574,113.87219530592068,-1.317165009248869,0.0,121.9594524170217,113.22198713821459,-1.5943075304421106,0.0,121.50360632031249,112.61122880362078,-1.586619454048327,0.0
122.32013924099718,113.70528005752908,-1.8837736003613448,0.0,122.19452973718627,113.78237154566747,-1.7785546172483602,0.0,122.041989874574,113.87219530592068,-1.317165009248869,0.0,121.9594524170217,113.22198713821459,-1.5943075304421106,0.0
122.59755236593914,114.01560491098951,-2.008997566329825,0.0,122.32013924099718,113.70528005752908,-1.8837736003613448,0.0,122.19452973718627,113.78237154566747,-1.7785546172483602,0.0,122.041989874574,113.87219530592068,-1.317165009248869,0.0
122.51931187592427,114.0561007519434,-1.5035643883643883,0.0,122.59755236593914,114.01560491098951,-2.008997566329825,0.0,122.32013924099718,113.70528005752908,-1.8837736003613448,0.0,122.19452973718627,113.78237154566747,-1.7785546172483602,0.0
122.50239293696734,113.84961200223043,-1.1681793421733855,0.0,122.51931187592427,114.0561007519434,-1.5035643883643883,0.0,122.59755236593914,114.01560491098951,-2.008997566329825,0.0,122.32013924099718,113.70528005752908,-1.8837736003613448,0.0
122.91640828876395,113.59818362813067,-1.295412250407335,0.0,122.50239293696734,113.84961200223043,-1.1681793421733855,0.0,122.51931187592427,114.0561007519434,-1.5035643883643883,0.0,122.59755236593914,114.01560491098951,-2.008997566329825,0.0
122.30757494402123,113.86057455976785,-0.9479193642561691,0.0,122.91640828876395,113.59818362813067,-1.295412250407335,0.0,122.50239293696734,113.84961200223043,-1.1681793421733855,0.0,122.51931187592427,114.0561007519434,-1.5035643883643883,0.0
121.78816130555174,112.60054719378982,-1.031675533698568,0.0,122.30757494402123,113.86057455976785,-0.9479193642561691,0.0,122.91640828876395,113.59818362813067,-1.295412250407335,0.0,122.50239293696734,113.84961200223043,-1.1681793421733855,0.0
121.19548493338836,112.84166622919244,-0.961167982121881,0.0,121.78816130555174,112.60054719378982,-1.031675533698568,0.0,122.30757494402123,113.86057455976785,-0.9479193642561691,0.0,122.91640828876395,113.59818362813067,-1.295412250407335,0.0
121.50273258885704,110.9022527932755,0.06779165945176369,0.0,121.19548493338836,112.84166622919244,-0.961167982121881,0.0,121.78816130555174,112.60054719378982,-1.031675533698568,0.0,122.30757494402123,113.86057455976785,-0.9479193642561691,0.0
120.7667542907225,110.17131319507149,0.7244638534565849,0.0,121.50273258885704,110.9022527932755,0.06779165945176369,0.0,121.19548493338836,112.84166622919244,-0.961167982121881,0.0,121.78816130555174,112.60054719378982,-1.031675533698568,0.0
121.30731817591818,110.74324609379303,-0.0702195356985309,0.0,120.7667542907225,110.17131319507149,0.7244638534565849,0.0,121.50273258885704,110.9022527932755,0.06779165945176369,0.0,121.19548493338836,112.84166622919244,-0.961167982121881,0.0
121.44902651563068,110.84462955707212,0.3586905803807625,0.0,121.30731817591818,110.74324609379303,-0.0702195356985309,0.0,120.7667542907225,110.17131319507149,0.7244638534565849,0.0,121.50273258885704,110.9022527932755,0.06779165945176369,0.0
122.12437437499148,112.04333374847204,0.6926507415504061,0.0,121.44902651563068,110.84462955707212,0.3586905803807625,0.0,121.30731817591818,110.74324609379303,-0.0702195356985309,0.0,120.7667542907225,110.17131319507149,0.7244638534565849,0.0
121.80776760524364,111.11546479034101,-0.020011051135984226,0.0,122.12437437499148,112.04333374847204,0.6926507415504061,0.0,121.44902651563068,110.84462955707212,0.3586905803807625,0.0,121.30731817591818,110.74324609379303,-0.0702195356985309,0.0
121.81238578304313,110.64338316886065,0.3933799809686429,0.0,121.80776760524364,111.11546479034101,-0.020011051135984226,0.0,122.12437437499148,112.04333374847204,0.6926507415504061,0.0,121.44902651563068,110.84462955707212,0.3586905803807625,0.0
122.46404852628116,110.9392353360004,1.0836699439811908,0.0,121.81238578304313,110.64338316886065,0.3933799809686429,0.0,121.80776760524364,111.11546479034101,-0.020011051135984226,0.0,122.12437437499148,112.04333374847204,0.6926507415504061,0.0
123.00861916703929,113.08374954749465,0.30566355206274576,0.0,122.46404852628116,110.9392353360004,1.0836699439811908,0.0,121.81238578304313,110.64338316886065,0.3933799809686429,0.0,121.80776760524364,111.11546479034101,-0.020011051135984226,0.0
122.42710264138452,112.79433018742014,-0.2142205688569352,0.0,123.00861916703929,113.08374954749465,0.30566355206274576,0.0,122.46404852628116,110.9392353360004,1.0836699439811908,0.0,121.81238578304313,110.64338316886065,0.3933799809686429,0.0
122.43150583214586,112.02133794510678,0.33745427833620306,0.0,122.42710264138452,112.79433018742014,-0.2142205688569352,0.0,123.00861916703929,113.08374954749465,0.30566355206274576,0.0,122.46404852628116,110.9392353360004,1.0836699439811908,0.0
122.47153042712334,112.41767454870731,0.4057110780817864,0.0,122.43150583214586,112.02133794510678,0.33745427833620306,0.0,122.42710264138452,112.79433018742014,-0.2142205688569352,0.0,123.00861916703929,113.08374954749465,0.30566355206274576,0.0
122.60607148459533,111.15959119827849,0.6003070000851908,0.0,122.47153042712334,112.41767454870731,0.4057110780817864,0.0,122.43150583214586,112.02133794510678,0.33745427833620306,0.0,122.42710264138452,112.79433018742014,-0.2142205688569352,0.0
122.3711471716429,111.64844372751148,0.6505402082684011,0.0,122.60607148459533,111.15959119827849,0.6003070000851908,0.0,122.47153042712334,112.41767454870731,0.4057110780817864,0.0,122.43150583214586,112.02133794510678,0.33745427833620306,0.0
122.86268070624038,113.49857460271525,0.715780127078793,0.0,122.3711471716429,111.64844372751148,0.6505402082684011,0.0,122.60607148459533,111.15959119827849,0.6003070000851908,0.0,122.47153042712334,112.41767454870731,0.4057110780817864,0.0
121.7611867813103,111.68212083742469,-0.09061196249250703,0.0,122.86268070624038,113.49857460271525,0.715780127078793,0.0,122.3711471716429,111.64844372751148,0.6505402082684011,0.0,122.60607148459533,111.15959119827849,0.6003070000851908,0.0
121.6307036541839,111.3536130692759,0.4511692833167185,0.0,121.7611867813103,111.68212083742469,-0.09061196249250703,0.0,122.86268070624038,113.49857460271525,0.715780127078793,0.0,122.3711471716429,111.64844372751148,0.6505402082684011,0.0
121.97518252092763,111.06691537611957,0.9457304228672616,0.0,121.6307036541839,111.3536130692759,0.4511692833167185,0.0,121.7611867813103,111.68212083742469,-0.09061196249250703,0.0,122.86268070624038,113.49857460271525,0.715780127078793,0.0
122.2206070351287,111.76302775176174,0.6418889662597954,0.0,121.97518252092763,111.06691537611957,0.9457304228672616,0.0,121.6307036541839,111.3536130692759,0.4511692833167185,0.0,121.7611867813103,111.68212083742469,-0.09061196249250703,0.0
122.85488565593386,111.95958974952964,0.4917726981009051,0.0,122.2206070351287,111.76302775176174,0.6418889662597954,0.0,121.97518252092763,111.06691537611957,0.9457304228672616,0.0,121.6307036541839,111.3536130692759,0.4511692833167185,0.0
123.23086346302068,113.04315516654111,-0.3721355927971369,0.0,122.85488565593386,111.95958974952964,0.4917726981009051,0.0,122.2206070351287,111.76302775176174,0.6418889662597954,0.0,121.97518252092763,111.06691537611957,0.9457304228672616,0.0
122.80663545905522,112.70568997415467,-0.040581096228792135,0.0,123.23086346302068,113.04315516654111,-0.3721355927971369,0.0,122.85488565593386,111.95958974952964,0.4917726981009051,0.0,122.2206070351287,111.76302775176174,0.6418889662597954,0.0
123.23756133478545,113.15365308448054,0.25356384387403835,0.0,122.80663545905522,112.70568997415467,-0.040581096228792135,0.0,123.23086346302068,113.04315516654111,-0.3721355927971369,0.0,122.85488565593386,111.95958974952964,0.4917726981009051,0.0
122.61007861347562,112.45899164928065,0.1717555665995752,0.0,123.23756133478545,113.15365308448054,0.25356384387403835,0.0,122.80663545905522,112.70568997415467,-0.040581096228792135,0.0,123.23086346302068,113.04315516654111,-0.3721355927971369,0.0
122.94188155166822,112.2325006101645,0.6995811332149116,0.0,122.61007861347562,112.45899164928065,0.1717555665995752,0.0,123.23756133478545,113.15365308448054,0.25356384387403835,0.0,122.80663545905522,112.70568997415467,-0.040581096228792135,0.0
123.579368613431,113.58795734228147,0.392626291081959,0.0,122.94188155166822,112.2325006101645,0.6995811332149116,0.0,122.61007861347562,112.45899164928065,0.1717555665995752,0.0,123.23756133478545,113.15365308448054,0.25356384387403835,0.0
123.82405748588302,112.93818916578502,0.5964039958123674,0.0,123.579368613431,113.58795734228147,0.392626291081959,0.0,122.94188155166822,112.2325006101645,0.6995811332149116,0.0,122.61007861347562,112.45899164928065,0.1717555665995752,0.0
123.44952075231447,113.25220856308042,-0.03270897269616391,0.0,123.82405748588302,112.93818916578502,0.5964039958123674,0.0,123.579368613431,113.58795734228147,0.392626291081959,0.0,122.94188155166822,112.2325006101645,0.6995811332149116,0.0
122.98127722312402,112.2489998568297,-0.03794325359405019,0.0,123.44952075231447,113.25220856308042,-0.03270897269616391,0.0,123.82405748588302,112.93818916578502,0.5964039958123674,0.0,123.579368613431,113.58795734228147,0.392626291081959,0.0
122.044031703129,111.53388854481142,-0.11753173182665808,0.0,122.98127722312402,112.2489998568297,-0.03794325359405019,0.0,123.44952075231447,113.25220856308042,-0.03270897269616391,0.0,123.82405748588302,112.93818916578502,0.5964039958123674,0.0
122.16598546409382,112.49019434732972,0.018628575559144323,0.0,122.044031703129,111.53388854481142,-0.11753173182665808,0.0,122.98127722312402,112.2489998568297,-0.03794325359405019,0.0,123.44952075231447,113.25220856308042,-0.03270897269616391,0.0
121.60685160614652,111.36656302286144,-0.16986060396936384,0.0,122.16598546409382,112.49019434732972,0.018628575559144323,0.0,122.044031703129,111.53388854481142,-0.11753173182665808,0.0,122.98127722312402,112.2489998568297,-0.03794325359405019,0.0
121.29053226617366,111.96763373873222,-0.20162478101132497,0.0,121.60685160614652,111.36656302286144,-0.16986060396936384,0.0,122.16598546409382,112.49019434732972,0.018628575559144323,0.0,122.044031703129,111.53388854481142,-0.11753173182665808,0.0
120.92098800299019,110.3212981916081,0.25172376091169313,0.0,121.29053226617366,111.96763373873222,-0.20162478101132497,0.0,121.60685160614652,111.36656302286144,-0.16986060396936384,0.0,122.16598546409382,112.49019434732972,0.018628575559144323,0.0
120.94555116723842,111.2208613765082,-0.017003109889754203,0.0,120.92098800299019,110.3212981916081,0.25172376091169313,0.0,121.29053226617366,111.96763373873222,-0.20162478101132497,0.0,121.60685160614652,111.36656302286144,-0.16986060396936384,0.0
121.1200288990941,112.44854654906302,-0.8168910382811431,0.0,120.94555116723842,111.2208613765082,-0.017003109889754203,0.0,120.92098800299019,110.3212981916081,0.25172376091169313,0.0,121.29053226617366,111.96763373873222,-0.20162478101132497,0.0
121.47704333285662,111.11574154003011,0.22127912147779583,0.0,121.1200288990941,112.44854654906302,-0.8168910382811431,0.0,120.94555116723842,111.2208613765082,-0.017003109889754203,0.0,120.92098800299019,110.3212981916081,0.25172376091169313,0.0
121.2932425592389,111.7627757867885,0.8677503365274799,0.0,121.47704333285662,111.11574154003011,0.22127912147779583,0.0,121.1200288990941,112.44854654906302,-0.8168910382811431,0.0,120.94555116723842,111.2208613765082,-0.017003109889754203,0.0
121.93129995934481,112.75871882487826,0.04806892166917465,0.0,121.2932425592389,111.7627757867885,0.8677503365274799,0.0,121.47704333285662,111.11574154003011,0.22127912147779583,0.0,121.1200288990941,112.44854654906302,-0.8168910382811431,0.0
121.86253856512802,111.56797546705724,0.3833090399579369,0.0,121.93129995934481,112.75871882487826,0.04806892166917465,0.0,121.2932425592389,111.7627757867885,0.8677503365274799,0.0,121.47704333285662,111.11574154003011,0.22127912147779583,0.0
121.52475111616197,111.42837038615389,0.05515984669067803,0.0,121.86253856512802,111.56797546705724,0.3833090399579369,0.0,121.93129995934481,112.75871882487826,0.04806892166917465,0.0,121.2932425592389,111.7627757867885,0.8677503365274799,0.0
121.74524536337928,111.7540332634403,0.1758714850180722,0.0,121.52475111616197,111.42837038615389,0.05515984669067803,0.0,121.86253856512802,111.56797546705724,0.3833090399579369,0.0,121.93129995934481,112.75871882487826,0.04806892166917465,0.0
122.71702596441281,113.2189348612504,0.2878092525212046,0.0,121.74524536337928,111.7540332634403,0.1758714850180722,0.0,121.52475111616197,111.42837038615389,0.05515984669067803,0.0,121.86253856512802,111.56797546705724,0.3833090399579369,0.0
122.69181517508311,112.98771759429357,0.1130435018588027,0.0,122.71702596441281,113.2189348612504,0.2878092525212046,0.0,121.74524536337928,111.7540332634403,0.1758714850180722,0.0,121.52475111616197,111.42837038615389,0.05515984669067803,0.0
122.3492687219003,112.45511208958774,-0.30144803130615605,0.0,122.69181517508311,112.98771759429357,0.1130435018588027,0.0,122.71702596441281,113.2189348612504,0.2878092525212046,0.0,121.74524536337928,111.7540332634403,0.1758714850180722,0.0
121.52467371063472,111.82021177652359,-0.5864289512030545,0.0,122.3492687219003,112.45511208958774,-0.30144803130615605,0.0,122.69181517508311,112.98771759429357,0.1130435018588027,0.0,122.71702596441281,113.2189348612504,0.2878092525212046,0.0
121.48882407061589,112.42417474811694,-0.9272391187030649,0.0,121.52467371063472,111.82021177652359,-0.5864289512030545,0.0,122.3492687219003,112.45511208958774,-0.30144803130615605,0.0,122.69181517508311,112.98771759429357,0.1130435018588027,0.0
121.69481813677031,112.27410364532949,-1.1577023990776742,0.0,121.48882407061589,112.42417474811694,-0.9272391187030649,0.0,121.52467371063472,111.82021177652359,-0.5864289512030545,0.0,122.3492687219003,112.45511208958774,-0.30144803130615605,0.0
121.54667755824819,112.30773011080538,-0.959751064286817,0.0,121.69481813677031,112.27410364532949,-1.1577023990776742,0.0,121.48882407061589,112.42417474811694,-0.9272391187030649,0.0,121.52467371063472,111.82021177652359,-0.5864289512030545,0.0
120.79017075602844,112.28957942899237,-1.1256808459848295,0.0,121.54667755824819,112.30773011080538,-0.959751064286817,0.0,121.69481813677031,112.27410364532949,-1.1577023990776742,0.0,121.48882407061589,112.42417474811694,-0.9272391187030649,0.0
120.63987183479922,111.33964150543656,-0.5595186439315537,0.0,120.79017075602844,112.28957942899237,-1.1256808459848295,0.0,121.54667755824819,112.30773011080538,-0.959751064286817,0.0,121.69481813677031,112.27410364532949,-1.1577023990776742,0.0
121.63704328807543,112.04246820415662,0.29600816252272066,0.0,120.63987183479922,111.33964150543656,-0.5595186439315537,0.0,120.79017075602844,112.28957942899237,-1.1256808459848295,0.0,121.54667755824819,112.30773011080538,-0.959751064286817,0.0
122.4012101457452,112.50849973160774,-0.053220090666844966,0.0,121.63704328807543,112.04246820415662,0.29600816252272066,0.0,120.63987183479922,111.33964150543656,-0.5595186439315537,0.0,120.79017075602844,112.28957942899237,-1.1256808459848295,0.0
121.91362605367725,111.28044956633235,0.07712617773421256,0.0,122.4012101457452,112.50849973160774,-0.053220090666844966,0.0,121.63704328807543,112.04246820415662,0.29600816252272066,0.0,120.63987183479922,111.33964150543656,-0.5595186439315537,0.0
122.2857034890726,111.63151494937827,0.31154349733883696,0.0,121.91362605367725,111.28044956633235,0.07712617773421256,0.0,122.4012101457452,112.50849973160774,-0.053220090666844966,0.0,121.63704328807543,112.04246820415662,0.29600816252272066,0.0
121.71294136065478,110.5267007643645,0.4852359333307068,0.0,122.2857034890726,111.63151494937827,0.31154349733883696,0.0,121.91362605367725,111.28044956633235,0.07712617773421256,0.0,122.4012101457452,112.50849973160774,-0.053220090666844966,0.0
122.46309277853092,112.1883690198078,0.4261663806226092,0.0,121.71294136065478,110.5267007643645,0.4852359333307068,0.0,122.2857034890726,111.63151494937827,0.31154349733883696,0.0,121.91362605367725,111.28044956633235,0.07712617773421256,0.0
122.5355793879225,111.1502551769874,0.7122743136779486,0.0,122.46309277853092,112.1883690198078,0.4261663806226092,0.0,121.71294136065478,110.5267007643645,0.4852359333307068,0.0,122.2857034890726,111.63151494937827,0.31154349733883696,0.0
122.89428461938017,112.17999280532146,0.8109439272826875,0.0,122.5355793879225,111.1502551769874,0.7122743136779486,0.0,122.46309277853092,112.1883690198078,0.4261663806226092,0.0,121.71294136065478,110.5267007643645,0.4852359333307068,0.0
121.9011112814383,111.13539480949089,0.029923930662501097,0.0,122.89428461938017,112.17999280532146,0.8109439272826875,0.0,122.5355793879225,111.1502551769874,0.7122743136779486,0.0,122.46309277853092,112.1883690198078,0.4261663806226092,0.0
122.26865430120311,111.82106549819954,0.4585171767246375,0.0,121.9011112814383,111.13539480949089,0.029923930662501097,0.0,122.89428461938017,112.17999280532146,0.8109439272826875,0.0,122.5355793879225,111.1502551769874,0.7122743136779486,0.0
122.25646681092002,111.09239196400478,0.810459160013081,0.0,122.26865430120311,111.82106549819954,0.4585171767246375,0.0,121.9011112814383,111.13539480949089,0.029923930662501097,0.0,122.89428461938017,112.17999280532146,0.8109439272826875,0.0
122.6489066733669,111.64462621529077,0.26672427592117415,0.0,122.25646681092002,111.09239196400478,0.810459160013081,0.0,122.26865430120311,111.82106549819954,0.4585171767246375,0.0,121.9011112814383,111.13539480949089,0.029923930662501097,0.0
122.93651520376281,112.80088067959267,0.23234833846074035,0.0,122.6489066733669,111.64462621529077,0.26672427592117415,0.0,122.25646681092002,111.09239196400478,0.810459160013081,0.0,122.26865430120311,111.82106549819954,0.4585171767246375,0.0
122.77518227694755,112.13844461600132,0.527543167174127,0.0,122.93651520376281,112.80088067959267,0.23234833846074035,0.0,122.6489066733669,111.64462621529077,0.26672427592117415,0.0,122.25646681092002,111.09239196400478,0.810459160013081,0.0
122.35030616079784,111.38849682424507,0.3173776239496208,0.0,122.77518227694755,112.13844461600132,0.527543167174127,0.0,122.93651520376281,112.80088067959267,0.23234833846074035,0.0,122.6489066733669,111.64462621529077,0.26672427592117415,0.0
122.67265475883991,111.94876521776223,0.7903911230427025,0.0,122.35030616079784,111.38849682424507,0.3173776239496208,0.0,122.77518227694755,112.13844461600132,0.527543167174127,0.0,122.93651520376281,112.80088067959267,0.23234833846074035,0.0
122.53879686437516,111.38499385988439,1.8142491457438426,0.0,122.67265475883991,111.94876521776223,0.7903911230427025,0.0,122.35030616079784,111.38849682424507,0.3173776239496208,0.0,122.77518227694755,112.13844461600132,0.527543167174127,0.0
122.0963242915379,109.96641446396788,1.058406300277583,0.0,122.53879686437516,111.38499385988439,1.8142491457438426,0.0,122.67265475883991,111.94876521776223,0.7903911230427025,0.0,122.35030616079784,111.38849682424507,0.3173776239496208,0.0
121.63147556459555,111.71015505811894,0.15620273864517897,0.0,122.0963242915379,109.96641446396788,1.058406300277583,0.0,122.53879686437516,111.38499385988439,1.8142491457438426,0.0,122.67265475883991,111.94876521776223,0.7903911230427025,0.0
121.03277211355203,110.67652259936469,0.276871488718581,0.0,121.63147556459555,111.71015505811894,0.15620273864517897,0.0,122.0963242915379,109.96641446396788,1.058406300277583,0.0,122.53879686437516,111.38499385988439,1.8142491457438426,0.0
121.07532019045074,109.91503841218727,0.5822784435379366,0.0,121.03277211355203,110.67652259936469,0.276871488718581,0.0,121.63147556459555,111.71015505811894,0.15620273864517897,0.0,122.0963242915379,109.96641446396788,1.058406300277583,0.0
121.82277076780942,111.77662815176708,0.3503895679079648,0.0,121.07532019045074,109.91503841218727,0.5822784435379366,0.0,121.03277211355203,110.67652259936469,0.276871488718581,0.0,121.63147556459555,111.71015505811894,0.15620273864517897,0.0
121.97360182435146,111.47059379497563,1.006941985986889,0.0,121.82277076780942,111.77662815176708,0.3503895679079648,0.0,121.07532019045074,109.91503841218727,0.5822784435379366,0.0,121.03277211355203,110.67652259936469,0.276871488718581,0.0
121.74014626036707,111.47702692305177,0.13625068892788694,0.0,121.97360182435146,111.47059379497563,1.006941985986889,0.0,121.82277076780942,111.77662815176708,0.3503895679079648,0.0,121.07532019045074,109.91503841218727,0.5822784435379366,0.0
122.16427720054172,112.60535553683982,0.4554598626581151,0.0,121.74014626036707,111.47702692305177,0.13625068892788694,0.0,121.97360182435146,111.47059379497563,1.006941985986889,0.0,121.82277076780942,111.77662815176708,0.3503895679079648,0.0
121.72481683013079,111.80733238881771,0.06143747974704544,0.0,122.16427720054172,112.60535553683982,0.4554598626581151,0.0,121.74014626036707,111.47702692305177,0.13625068892788694,0.0,121.97360182435146,111.47059379497563,1.006941985986889,0.0
121.88485382354665,110.85349555448764,0.9088389369012847,0.0,121.72481683013079,111.80733238881771,0.06143747974704544,0.0,122.16427720054172,112.60535553683982,0.4554598626581151,0.0,121.74014626036707,111.47702692305177,0.13625068892788694,0.0
121.90236715843733,110.31401428074483,1.723328826105087,0.0,121.88485382354665,110.85349555448764,0.9088389369012847,0.0,121.72481683013079,111.80733238881771,0.06143747974704544,0.0,122.16427720054172,112.60535553683982,0.4554598626581151,0.0
122.30727571839431,112.08366642299475,0.9953347669923958,0.0,121.90236715843733,110.31401428074483,1.723328826105087,0.0,121.88485382354665,110.85349555448764,0.9088389369012847,0.0,121.72481683013079,111.80733238881771,0.06143747974704544,0.0
121.54584314327883,110.22726491953719,0.5214892456396265,0.0,122.30727571839431,112.08366642299475,0.9953347669923958,0.0,121.90236715843733,110.31401428074483,1.723328826105087,0.0,121.88485382354665,110.85349555448764,0.9088389369012847,0.0
121.29191748815673,110.39316307118051,0.8469853400016022,0.0,121.54584314327883,110.22726491953719,0.5214892456396265,0.0,122.30727571839431,112.08366642299475,0.9953347669923958,0.0,121.90236715843733,110.31401428074483,1.723328826105087,0.0
120.7375153440738,109.53791633808638,0.4840229471065245,0.0,121.29191748815673,110.39316307118051,0.8469853400016022,0.0,121.54584314327883,110.22726491953719,0.5214892456396265,0.0,122.30727571839431,112.08366642299475,0.9953347669923958,0.0
120.9256558528913,110.6911612292624,0.3645127487191005,0.0,120.7375153440738,109.53791633808638,0.4840229471065245,0.0,121.29191748815673,110.39316307118051,0.8469853400016022,0.0,121.54584314327883,110.22726491953719,0.5214892456396265,0.0
121.7518603381422,111.88756191974107,0.3043044092464855,0.0,120.9256558528913,110.6911612292624,0.3645127487191005,0.0,120.7375153440738,109.53791633808638,0.4840229471065245,0.0,121.29191748815673,110.39316307118051,0.8469853400016022,0.0
121.54254717729361,112.12434976786767,-0.7163930507016397,0.0,121.7518603381422,111.88756191974107,0.3043044092464855,0.0,120.9256558528913,110.6911612292624,0.3645127487191005,0.0,120.7375153440738,109.53791633808638,0.4840229471065245,0.0
121.37552326561756,112.06345014239008,-0.5800333136084304,0.0,121.54254717729361,112.12434976786767,-0.7163930507016397,0.0,121.7518603381422,111.88756191974107,0.3043044092464855,0.0,120.9256558528913,110.6911612292624,0.3645127487191005,0.0
121.87275453451466,113.27052580142916,-0.8088905379188313,0.0,121.37552326561756,112.06345014239008,-0.5800333136084304,0.0,121.54254717729361,112.12434976786767,-0.7163930507016397,0.0,121.7518603381422,111.88756191974107,0.3043044092464855,0.0
122.40432316307839,112.56310487521961,-0.893673841534951,0.0,121.87275453451466,113.27052580142916,-0.8088905379188313,0.0,121.37552326561756,112.06345014239008,-0.5800333136084304,0.0,121.54254717729361,112.12434976786767,-0.7163930507016397,0.0
122.25139055969646,112.55564874263703,0.006876928506446278,0.0,122.40432316307839,112.56310487521961,-0.893673841534951,0.0,121.87275453451466,113.27052580142916,-0.8088905379188313,0.0,121.37552326561756,112.06345014239008,-0.5800333136084304,0.0
122.44411963804335,113.98700473477561,-0.6227519043344711,0.0,122.25139055969646,112.55564874263703,0.006876928506446278,0.0,122.40432316307839,112.56310487521961,-0.893673841534951,0.0,121.87275453451466,113.27052580142916,-0.8088905379188313,0.0
121.8528025188952,111.28031842201011,-0.09159893009358833,0.0,122.44411963804335,113.98700473477561,-0.6227519043344711,0.0,122.25139055969646,112.55564874263703,0.006876928506446278,0.0,122.40432316307839,112.56310487521961,-0.893673841534951,0.0
122.52188923925858,112.98679885640573,-0.21276060924077494,0.0,121.8528025188952,111.28031842201011,-0.09159893009358833,0.0,122.44411963804335,113.98700473477561,-0.6227519043344711,0.0,122.25139055969646,112.55564874263703,0.006876928506446278,0.0
123.391585249979,114.00558576792736,-0.31008857164053716,0.0,122.52188923925858,112.98679885640573,-0.21276060924077494,0.0,121.8528025188952,111.28031842201011,-0.09159893009358833,0.0,122.44411963804335,113.98700473477561,-0.6227519043344711,0.0
123.2734258670833,114.00900456988487,0.14711509071342593,0.0,123.391585249979,114.00558576792736,-0.31008857164053716,0.0,122.52188923925858,112.98679885640573,-0.21276060924077494,0.0,121.8528025188952,111.28031842201011,-0.09159893009358833,0.0
122.03284219633613,110.87465373318247,0.28771771985518596,0.0,123.2734258670833,114.00900456988487,0.14711509071342593,0.0,123.391585249979,114.00558576792736,-0.31008857164053716,0.0,122.52188923925858,112.98679885640573,-0.21276060924077494,0.0
121.75304347134713,111.88230309045804,0.5154806744939142,0.0,122.03284219633613,110.87465373318247,0.28771771985518596,0.0,123.2734258670833,114.00900456988487,0.14711509071342593,0.0,123.391585249979,114.00558576792736,-0.31008857164053716,0.0
122.14774525564104,111.22204364542665,0.8964768698615619,0.0,121.75304347134713,111.88230309045804,0.5154806744939142,0.0,122.03284219633613,110.87465373318247,0.28771771985518596,0.0,123.2734258670833,114.00900456988487,0.14711509071342593,0.0
121.95985388496005,110.95201641939221,0.5515273042975882,0.0,122.14774525564104,111.22204364542665,0.8964768698615619,0.0,121.75304347134713,111.88230309045804,0.5154806744939142,0.0,122.03284219633613,110.87465373318247,0.28771771985518596,0.0
122.59169569735941,112.24573375467367,0.13510347618419544,0.0,121.95985388496005,110.95201641939221,0.5515273042975882,0.0,122.14774525564104,111.22204364542665,0.8964768698615619,0.0,121.75304347134713,111.88230309045804,0.5154806744939142,0.0
122.70878019827532,113.173099836603,-0.4344924823315427,0.0,122.59169569735941,112.24573375467367,0.13510347618419544,0.0,121.95985388496005,110.95201641939221,0.5515273042975882,0.0,122.14774525564104,111.22204364542665,0.8964768698615619,0.0
122.12688552308329,113.73801770308174,-0.7602992508547117,0.0,122.70878019827532,113.173099836603,-0.4344924823315427,0.0,122.59169569735941,112.24573375467367,0.13510347618419544,0.0,121.95985388496005,110.95201641939221,0.5515273042975882,0.0
122.13401247005392,111.67256707596698,0.8663078119705931,0.0,122.12688552308329,113.73801770308174,-0.7602992508547117,0.0,122.70878019827532,113.173099836603,-0.4344924823315427,0.0,122.59169569735941,112.24573375467367,0.13510347618419544,0.0
121.74357873921134,110.33429253024522,1.315386039944868,0.0,122.13401247005392,111.67256707596698,0.8663078119705931,0.0,122.12688552308329,113.73801770308174,-0.7602992508547117,0.0,122.70878019827532,113.173099836603,-0.4344924823315427,0.0
121.71688550748169,111.73370089362331,0.37677164885188374,0.0,121.74357873921134,110.33429253024522,1.315386039944868,0.0,122.13401247005392,111.67256707596698,0.8663078119705931,0.0,122.12688552308329,113.73801770308174,-0.7602992508547117,0.0
121.50790970409956,111.76604163339047,-0.35981165929027803,0.0,121.71688550748169,111.73370089362331,0.37677164885188374,0.0,121.74357873921134,110.33429253024522,1.315386039944868,0.0,122.13401247005392,111.67256707596698,0.8663078119705931,0.0
122.19848231789324,111.90452691005868,-0.04691629657297666,0.0,121.50790970409956,111.76604163339047,-0.35981165929027803,0.0,121.71688550748169,111.73370089362331,0.37677164885188374,0.0,121.74357873921134,110.33429253024522,1.315386039944868,0.0
123.19300897423487,112.47565816990422,0.23609936143060214,0.0,122.19848231789324,111.90452691005868,-0.04691629657297666,0.0,121.50790970409956,111.76604163339047,-0.35981165929027803,0.0,121.71688550748169,111.73370089362331,0.37677164885188374,0.0
122.22030914206178,112.37007741416497,0.4633214068031639,0.0,123.19300897423487,112.47565816990422,0.23609936143060214,0.0,122.19848231789324,111.90452691005868,-0.04691629657297666,0.0,121.50790970409956,111.76604163339047,-0.35981165929027803,0.0
121.31591836509745,109.97441610894225,0.24317922866568223,0.0,122.22030914206178,112.37007741416497,0.4633214068031639,0.0,123.19300897423487,112.47565816990422,0.23609936143060214,0.0,122.19848231789324,111.90452691005868,-0.04691629657297666,0.0
121.38659645467874,110.87104052947058,0.1318162529310957,0.0,121.31591836509745,109.97441610894225,0.24317922866568223,0.0,122.22030914206178,112.37007741416497,0.4633214068031639,0.0,123.19300897423487,112.47565816990422,0.23609936143060214,0.0
120.82237723686492,110.55384154927489,0.2693927644245553,0.0,121.38659645467874,110.87104052947058,0.1318162529310957,0.0,121.31591836509745,109.97441610894225,0.24317922866568223,0.0,122.22030914206178,112.37007741416497,0.4633214068031639,0.0
121.16301813489393,110.35978912866935,0.25846071468630943,0.0,120.82237723686492,110.55384154927489,0.2693927644245553,0.0,121.38659645467874,110.87104052947058,0.1318162529310957,0.0,121.31591836509745,109.97441610894225,0.24317922866568223,0.0
121.73226064608274,111.45243837470747,-0.90288161462472,0.0,121.16301813489393,110.35978912866935,0.25846071468630943,0.0,120.82237723686492,110.55384154927489,0.2693927644245553,0.0,121.38659645467874,110.87104052947058,0.1318162529310957,0.0
122.43338210249887,113.98994726001467,-0.8372051069873729,0.0,121.73226064608274,111.45243837470747,-0.90288161462472,0.0,121.16301813489393,110.35978912866935,0.25846071468630943,0.0,120.82237723686492,110.55384154927489,0.2693927644245553,0.0
122.36856955253187,113.57666817649758,-1.0954673027200552,0.0,122.43338210249887,113.98994726001467,-0.8372051069873729,0.0,121.73226064608274,111.45243837470747,-0.90288161462472,0.0,121.16301813489393,110.35978912866935,0.25846071468630943,0.0
122.09464650615979,114.07263046881826,-0.7887681327217881,0.0,122.36856955253187,113.57666817649758,-1.0954673027200552,0.0,122.43338210249887,113.98994726001467,-0.8372051069873729,0.0,121.73226064608274,111.45243837470747,-0.90288161462472,0.0
121.17563979496543,110.21769903351716,0.8616149951242744,0.0,122.09464650615979,114.07263046881826,-0.7887681327217881,0.0,122.36856955253187,113.57666817649758,-1.0954673027200552,0.0,122.43338210249887,113.98994726001467,-0.8372051069873729,0.0
121.43465800767164,110.37892805787249,0.8730328288365719,0.0,121.17563979496543,110.21769903351716,0.8616149951242744,0.0,122.09464650615979,114.07263046881826,-0.7887681327217881,0.0,122.36856955253187,113.57666817649758,-1.0954673027200552,0.0
121.62807052811918,111.10599016585752,0.5416614199830585,0.0,121.43465800767164,110.37892805787249,0.8730328288365719,0.0,121.17563979496543,110.21769903351716,0.8616149951242744,0.0,122.09464650615979,114.07263046881826,-0.7887681327217881,0.0
122.04788855683383,111.48092545535792,0.8942298869750729,0.0,121.62807052811918,111.10599016585752,0.5416614199830585,0.0,121.43465800767164,110.37892805787249,0.8730328288365719,0.0,121.17563979496543,110.21769903351716,0.8616149951242744,0.0
121.69587173757813,111.76390114248764,0.9567278531846647,0.0,122.04788855683383,111.48092545535792,0.8942298869750729,0.0,121.62807052811918,111.10599016585752,0.5416614199830585,0.0,121.43465800767164,110.37892805787249,0.8730328288365719,0.0
121.61645800801767,110.45426163853813,0.9754295277736524,0.0,121.69587173757813,111.76390114248764,0.9567278531846647,0.0,122.04788855683383,111.48092545535792,0.8942298869750729,0.0,121.62807052811918,111.10599016585752,0.5416614199830585,0.0
121.09022817790598,109.27874201712154,1.0837689188267574,0.0,121.61645800801767,110.45426163853813,0.9754295277736524,0.0,121.69587173757813,111.76390114248764,0.9567278531846647,0.0,122.04788855683383,111.48092545535792,0.8942298869750729,0.0
120.29192859367927,108.69215090406979,1.8952869174761766,0.0,121.09022817790598,109.27874201712154,1.0837689188267574,0.0,121.61645800801767,110.45426163853813,0.9754295277736524,0.0,121.69587173757813,111.76390114248764,0.9567278531846647,0.0
120.22650961293954,109.05569433210997,0.9507853163179835,0.0,120.29192859367927,108.69215090406979,1.8952869174761766,0.0,121.09022817790598,109.27874201712154,1.0837689188267574,0.0,121.61645800801767,110.45426163853813,0.9754295277736524,0.0
119.91115560948823,109.69778347473812,0.997444291460114,0.0,120.22650961293954,109.05569433210997,0.9507853163179835,0.0,120.29192859367927,108.69215090406979,1.8952869174761766,0.0,121.09022817790598,109.27874201712154,1.0837689188267574,0.0
120.5956659098115,110.03229450978796,0.33476486817732204,0.0,119.91115560948823,109.69778347473812,0.997444291460114,0.0,120.22650961293954,109.05569433210997,0.9507853163179835,0.0,120.29192859367927,108.69215090406979,1.8952869174761766,0.0
120.6999138599598,110.35103679111916,0.5455682177129818,0.0,120.5956659098115,110.03229450978796,0.33476486817732204,0.0,119.91115560948823,109.69778347473812,0.997444291460114,0.0,120.22650961293954,109.05569433210997,0.9507853163179835,0.0
120.73391203817786,111.13800969505198,-0.022888681572661718,0.0,120.6999138599598,110.35103679111916,0.5455682177129818,0.0,120.5956659098115,110.03229450978796,0.33476486817732204,0.0,119.91115560948823,109.69778347473812,0.997444291460114,0.0
120.53768028459167,111.14485645726035,-0.22699435206067156,0.0,120.73391203817786,111.13800969505198,-0.022888681572661718,0.0,120.6999138599598,110.35103679111916,0.5455682177129818,0.0,120.5956659098115,110.03229450978796,0.33476486817732204,0.0
119.32148971421707,109.84743594400106,-0.32914043876749044,0.0,120.53768028459167,111.14485645726035,-0.22699435206067156,0.0,120.73391203817786,111.13800969505198,-0.022888681572661718,0.0,120.6999138599598,110.35103679111916,0.5455682177129818,0.0
120.6972740753073,110.28146140880267,0.22459600865836216,0.0,119.32148971421707,109.84743594400106,-0.32914043876749044,0.0,120.53768028459167,111.14485645726035,-0.22699435206067156,0.0,120.73391203817786,111.13800969505198,-0.022888681572661718,0.0
120.53030963835472,110.54748721005458,0.6389040288978967,0.0,120.6972740753073,110.28146140880267,0.22459600865836216,0.0,119.32148971421707,109.84743594400106,-0.32914043876749044,0.0,120.53768028459167,111.14485645726035,-0.22699435206067156,0.0
120.66906954210894,110.97936267299775,-0.11173546510487486,0.0,120.53030963835472,110.54748721005458,0.6389040288978967,0.0,120.6972740753073,110.28146140880267,0.22459600865836216,0.0,119.32148971421707,109.84743594400106,-0.32914043876749044,0.0
120.28921589596507,110.3718731015486,-0.06192131658397553,0.0,120.66906954210894,110.97936267299775,-0.11173546510487486,0.0,120.53030963835472,110.54748721005458,0.6389040288978967,0.0,120.6972740753073,110.28146140880267,0.22459600865836216,0.0
121.11394815128286,112.06779474419054,-0.40432698064176675,0.0,120.28921589596507,110.3718731015486,-0.06192131658397553,0.0,120.66906954210894,110.97936267299775,-0.11173546510487486,0.0,120.53030963835472,110.54748721005458,0.6389040288978967,0.0
121.39062277866121,111.44500421767475,-0.9527140398510807,0.0,121.11394815128286,112.06779474419054,-0.40432698064176675,0.0,120.28921589596507,110.3718731015486,-0.06192131658397553,0.0,120.66906954210894,110.97936267299775,-0.11173546510487486,0.0
121.08042305279986,112.37785054992361,-0.8706797570930499,0.0,121.39062277866121,111.44500421767475,-0.9527140398510807,0.0,121.11394815128286,112.06779474419054,-0.40432698064176675,0.0,120.28921589596507,110.3718731015486,-0.06192131658397553,0.0
121.0561413845066,112.24164504122567,-0.8507851999023498,0.0,121.08042305279986,112.37785054992361,-0.8706797570930499,0.0,121.39062277866121,111.44500421767475,-0.9527140398510807,0.0,121.11394815128286,112.06779474419054,-0.40432698064176675,0.0
122.08207797531878,112.03850186697912,0.5327300832508813,0.0,121.0561413845066,112.24164504122567,-0.8507851999023498,0.0,121.08042305279986,112.37785054992361,-0.8706797570930499,0.0,121.39062277866121,111.44500421767475,-0.9527140398510807,0.0
122.10121225281608,110.55930822996595,0.6426639792810531,0.0,122.08207797531878,112.03850186697912,0.5327300832508813,0.0,121.0561413845066,112.24164504122567,-0.8507851999023498,0.0,121.08042305279986,112.37785054992361,-0.8706797570930499,0.0
121.99542074839266,111.89364570104519,-0.1746775669522761,0.0,122.10121225281608,110.55930822996595,0.6426639792810531,0.0,122.08207797531878,112.03850186697912,0.5327300832508813,0.0,121.0561413845066,112.24164504122567,-0.8507851999023498,0.0
121.50583295495812,112.39625801372725,-0.422129055647292,0.0,121.99542074839266,111.89364570104519,-0.1746775669522761,0.0,122.10121225281608,110.55930822996595,0.6426639792810531,0.0,122.08207797531878,112.03850186697912,0.5327300832508813,0.0
120.75588666463018,110.02978248200336,0.1729884031968656,0.0,121.50583295495812,112.39625801372725,-0.422129055647292,0.0,121.99542074839266,111.89364570104519,-0.1746775669522761,0.0,122.10121225281608,110.55930822996595,0.6426639792810531,0.0
121.03698863592507,109.75402717978815,1.182612108992455,0.0,120.75588666463018,110.02978248200336,0.1729884031968656,0.0,121.50583295495812,112.39625801372725,-0.422129055647292,0.0,121.99542074839266,111.89364570104519,-0.1746775669522761,0.0
121.43468543046087,111.15296068883009,0.15309803107498499,0.0,121.03698863592507,109.75402717978815,1.182612108992455,0.0,120.75588666463018,110.02978248200336,0.1729884031968656,0.0,121.50583295495812,112.39625801372725,-0.422129055647292,0.0
122.04576615040787,113.03548852249364,-0.8174837677095346,0.0,121.43468543046087,111.15296068883009,0.15309803107498499,0.0,121.03698863592507,109.75402717978815,1.182612108992455,0.0,120.75588666463018,110.02978248200336,0.1729884031968656,0.0
120.95971812578901,111.0529305457492,0.2814955735182634,0.0,122.04576615040787,113.03548852249364,-0.8174837677095346,0.0,121.43468543046087,111.15296068883009,0.15309803107498499,0.0,121.03698863592507,109.75402717978815,1.182612108992455,0.0
120.69968634949626,110.11079975246892,0.42000354750006264,0.0,120.95971812578901,111.0529305457492,0.2814955735182634,0.0,122.04576615040787,113.03548852249364,-0.8174837677095346,0.0,121.43468543046087,111.15296068883009,0.15309803107498499,0.0
120.71508969254475,111.08577683548066,-0.09814352793813308,0.0,120.69968634949626,110.11079975246892,0.42000354750006264,0.0,120.95971812578901,111.0529305457492,0.2814955735182634,0.0,122.04576615040787,113.03548852249364,-0.8174837677095346,0.0
121.07160972049917,109.9744321850009,0.1887997207107112,0.0,120.71508969254475,111.08577683548066,-0.09814352793813308,0.0,120.69968634949626,110.11079975246892,0.42000354750006264,0.0,120.95971812578901,111.0529305457492,0.2814955735182634,0.0
121.13780661748292,112.93928626304432,-1.16683409293987,0.0,121.07160972049917,109.9744321850009,0.1887997207107112,0.0,120.71508969254475,111.08577683548066,-0.09814352793813308,0.0,120.69968634949626,110.11079975246892,0.42000354750006264,0.0
121.27734847086802,111.44104960549384,-0.9317795210533155,0.0,121.13780661748292,112.93928626304432,-1.16683409293987,0.0,121.07160972049917,109.9744321850009,0.1887997207107112,0.0,120.71508969254475,111.08577683548066,-0.09814352793813308,0.0
121.61339826975086,112.25057072457088,-0.5815130304211098,0.0,121.27734847086802,111.44104960549384,-0.9317795210533155,0.0,121.13780661748292,112.93928626304432,-1.16683409293987,0.0,121.07160972049917,109.9744321850009,0.1887997207107112,0.0
121.28228136765073,111.13581385520817,-0.0030753545679729766,0.0,121.61339826975086,112.25057072457088,-0.5815130304211098,0.0,121.27734847086802,111.44104960549384,-0.9317795210533155,0.0,121.13780661748292,112.93928626304432,-1.16683409293987,0.0
121.89357556801251,111.98640494449845,-0.5094082598006472,0.0,121.28228136765073,111.13581385520817,-0.0030753545679729766,0.0,121.61339826975086,112.25057072457088,-0.5815130304211098,0.0,121.27734847086802,111.44104960549384,-0.9317795210533155,0.0
122.09294884907399,112.77275652371509,-0.3646830271388382,0.0,121.89357556801251,111.98640494449845,-0.5094082598006472,0.0,121.28228136765073,111.13581385520817,-0.0030753545679729766,0.0,121.61339826975086,112.25057072457088,-0.5815130304211098,0.0
121.90316782864342,112.22550237103499,-0.7544587347408642,0.0,122.09294884907399,112.77275652371509,-0.3646830271388382,0.0,121.89357556801251,111.98640494449845,-0.5094082598006472,0.0,121.28228136765073,111.13581385520817,-0.0030753545679729766,0.0
122.60143419712085,114.43108123476696,-0.47587510995553295,0.0,121.90316782864342,112.22550237103499,-0.7544587347408642,0.0,122.09294884907399,112.77275652371509,-0.3646830271388382,0.0,121.89357556801251,111.98640494449845,-0.5094082598006472,0.0
123.14279711875689,114.33116513451381,-0.8283732491459385,0.0,122.60143419712085,114.43108123476696,-0.47587510995553295,0.0,121.90316782864342,112.22550237103499,-0.7544587347408642,0.0,122.09294884907399,112.77275652371509,-0.3646830271388382,0.0
123.25166319188007,114.58044361444746,-0.8667490188968611,0.0,123.14279711875689,114.33116513451381,-0.8283732491459385,0.0,122.60143419712085,114.43108123476696,-0.47587510995553295,0.0,121.90316782864342,112.22550237103499,-0.7544587347408642,0.0
121.42966587836689,113.24772579706539,-1.1913069125126035,0.0,123.25166319188007,114.58044361444746,-0.8667490188968611,0.0,123.14279711875689,114.33116513451381,-0.8283732491459385,0.0,122.60143419712085,114.43108123476696,-0.47587510995553295,0.0
122.28234048347203,113.01729531160973,-0.6274774090982543,0.0,121.42966587836689,113.24772579706539,-1.1913069125126035,0.0,123.25166319188007,114.58044361444746,-0.8667490188968611,0.0,123.14279711875689,114.33116513451381,-0.8283732491459385,0.0
122.5992929321625,112.47917431702191,-0.07275636895027082,0.0,122.28234048347203,113.01729531160973,-0.6274774090982543,0.0,121.42966587836689,113.24772579706539,-1.1913069125126035,0.0,123.25166319188007,114.58044361444746,-0.8667490188968611,0.0
123.42040894813526,113.2445943290245,-0.17551538013892354,0.0,122.5992929321625,112.47917431702191,-0.07275636895027082,0.0,122.28234048347203,113.01729531160973,-0.6274774090982543,0.0,121.42966587836689,113.24772579706539,-1.1913069125126035,0.0
123.67144448378424,113.6722994118152,-0.12129330663112467,0.0,123.42040894813526,113.2445943290245,-0.17551538013892354,0.0,122.5992929321625,112.47917431702191,-0.07275636895027082,0.0,122.28234048347203,113.01729531160973,-0.6274774090982543,0.0
123.97011244906916,115.12428953413763,-0.8213303526216718,0.0,123.67144448378424,113.6722994118152,-0.12129330663112467,0.0,123.42040894813526,113.2445943290245,-0.17551538013892354,0.0,122.5992929321625,112.47917431702191,-0.07275636895027082,0.0
123.88980729998677,114.51220168717495,-0.806902606100731,0.0,123.97011244906916,115.12428953413763,-0.8213303526216718,0.0,123.67144448378424,113.6722994118152,-0.12129330663112467,0.0,123.42040894813526,113.2445943290245,-0.17551538013892354,0.0
124.05311272572703,114.66159427170305,-0.6706243934014572,0.0,123.88980729998677,114.51220168717495,-0.806902606100731,0.0,123.97011244906916,115.12428953413763,-0.8213303526216718,0.0,123.67144448378424,113.6722994118152,-0.12129330663112467,0.0
124.5729983873209,113.33107327255908,0.7738970307938218,0.0,124.05311272572703,114.66159427170305,-0.6706243934014572,0.0,123.88980729998677,114.51220168717495,-0.806902606100731,0.0,123.97011244906916,115.12428953413763,-0.8213303526216718,0.0
124.08500590686334,113.6334034436496,0.06313411174797567,0.0,124.5729983873209,113.33107327255908,0.7738970307938218,0.0,124.05311272572703,114.66159427170305,-0.6706243934014572,0.0,123.88980729998677,114.51220168717495,-0.806902606100731,0.0
122.87788681832227,112.08005270258735,0.7825959087745993,0.0,124.08500590686334,113.6334034436496,0.06313411174797567,0.0,124.5729983873209,113.33107327255908,0.7738970307938218,0.0,124.05311272572703,114.66159427170305,-0.6706243934014572,0.0
122.55464093827031,111.87876132759834,1.1245061137525834,0.0,122.87788681832227,112.08005270258735,0.7825959087745993,0.0,124.08500590686334,113.6334034436496,0.06313411174797567,0.0,124.5729983873209,113.33107327255908,0.7738970307938218,0.0
122.64224566769,111.92879765235892,1.0399230932471348,0.0,122.55464093827031,111.87876132759834,1.1245061137525834,0.0,122.87788681832227,112.08005270258735,0.7825959087745993,0.0,124.08500590686334,113.6334034436496,0.06313411174797567,0.0
122.5933885982682,111.1570345613919,1.7112487166952746,0.0,122.64224566769,111.92879765235892,1.0399230932471348,0.0,122.55464093827031,111.87876132759834,1.1245061137525834,0.0,122.87788681832227,112.08005270258735,0.7825959087745993,0.0
121.92504840254279,110.52762985984123,1.5550517096596512,0.0,122.5933885982682,111.1570345613919,1.7112487166952746,0.0,122.64224566769,111.92879765235892,1.0399230932471348,0.0,122.55464093827031,111.87876132759834,1.1245061137525834,0.0
121.24108306514721,109.66843688579064,1.4386209655616855,0.0,121.92504840254279,110.52762985984123,1.5550517096596512,0.0,122.5933885982682,111.1570345613919,1.7112487166952746,0.0,122.64224566769,111.92879765235892,1.0399230932471348,0.0
121.13941076176245,109.65748712075785,1.1243364459405758,0.0,121.24108306514721,109.66843688579064,1.4386209655616855,0.0,121.92504840254279,110.52762985984123,1.5550517096596512,0.0,122.5933885982682,111.1570345613919,1.7112487166952746,0.0
121.79969819045213,110.31400393899804,1.5112535979617743,0.0,121.13941076176245,109.65748712075785,1.1243364459405758,0.0,121.24108306514721,109.66843688579064,1.4386209655616855,0.0,121.92504840254279,110.52762985984123,1.5550517096596512,0.0
122.68399374498519,110.91869385576007,1.7572374952748615,0.0,121.79969819045213,110.31400393899804,1.5112535979617743,0.0,121.13941076176245,109.65748712075785,1.1243364459405758,0.0,121.24108306514721,109.66843688579064,1.4386209655616855,0.0
123.01305621726249,111.84845171229068,1.092951352471783,0.0,122.68399374498519,110.91869385576007,1.7572374952748615,0.0,121.79969819045213,110.31400393899804,1.5112535979617743,0.0,121.13941076176245,109.65748712075785,1.1243364459405758,0.0
123.27333129406921,113.31654646595734,0.21473748467804288,0.0,123.01305621726249,111.84845171229068,1.092951352471783,0.0,122.68399374498519,110.91869385576007,1.7572374952748615,0.0,121.79969819045213,110.31400393899804,1.5112535979617743,0.0
122.91298802446168,113.30538448423857,0.07029966904460577,0.0,123.27333129406921,113.31654646595734,0.21473748467804288,0.0,123.01305621726249,111.84845171229068,1.092951352471783,0.0,122.68399374498519,110.91869385576007,1.7572374952748615,0.0
121.80788025327186,113.02937874889034,-0.3437795469631386,0.0,122.91298802446168,113.30538448423857,0.07029966904460577,0.0,123.27333129406921,113.31654646595734,0.21473748467804288,0.0,123.01305621726249,111.84845171229068,1.092951352471783,0.0
121.60569131617173,112.26005192008836,-0.30678592487818845,0.0,121.80788025327186,113.02937874889034,-0.3437795469631386,0.0,122.91298802446168,113.30538448423857,0.07029966904460577,0.0,123.27333129406921,113.31654646595734,0.21473748467804288,0.0
121.60539428543319,110.99553123135976,0.37329032743951884,0.0,121.60569131617173,112.26005192008836,-0.30678592487818845,0.0,121.80788025327186,113.02937874889034,-0.3437795469631386,0.0,122.91298802446168,113.30538448423857,0.07029966904460577,0.0
121.44925282923631,111.7307271138479,0.06998143440822008,0.0,121.60539428543319,110.99553123135976,0.37329032743951884,0.0,121.60569131617173,112.26005192008836,-0.30678592487818845,0.0,121.80788025327186,113.02937874889034,-0.3437795469631386,0.0
121.60241256474691,111.68674262658908,0.034573456870788624,0.0,121.44925282923631,111.7307271138479,0.06998143440822008,0.0,121.60539428543319,110.99553123135976,0.37329032743951884,0.0,121.60569131617173,112.26005192008836,-0.30678592487818845,0.0
121.92108021007081,111.63119443346383,0.056670132900828514,0.0,121.60241256474691,111.68674262658908,0.034573456870788624,0.0,121.44925282923631,111.7307271138479,0.06998143440822008,0.0,121.60539428543319,110.99553123135976,0.37329032743951884,0.0
122.3808253113906,111.65092901575593,0.4695515474233051,0.0,121.92108021007081,111.63119443346383,0.056670132900828514,0.0,121.60241256474691,111.68674262658908,0.034573456870788624,0.0,121.44925282923631,111.7307271138479,0.06998143440822008,0.0
122.09640173730712,113.38397159244383,-0.7478034290536585,0.0,122.3808253113906,111.65092901575593,0.4695515474233051,0.0,121.92108021007081,111.63119443346383,0.056670132900828514,0.0,121.60241256474691,111.68674262658908,0.034573456870788624,0.0
121.14770335847949,111.55076657087824,-0.9015928906255752,0.0,122.09640173730712,113.38397159244383,-0.7478034290536585,0.0,122.3808253113906,111.65092901575593,0.4695515474233051,0.0,121.92108021007081,111.63119443346383,0.056670132900828514,0.0
121.11821519624179,111.1701726179248,-0.6156324663607239,0.0,121.14770335847949,111.55076657087824,-0.9015928906255752,0.0,122.09640173730712,113.38397159244383,-0.7478034290536585,0.0,122.3808253113906,111.65092901575593,0.4695515474233051,0.0
121.327197889824,111.78458931330843,0.10753350512485149,0.0,121.11821519624179,111.1701726179248,-0.6156324663607239,0.0,121.14770335847949,111.55076657087824,-0.9015928906255752,0.0,122.09640173730712,113.38397159244383,-0.7478034290536585,0.0
122.04244774304973,112.61429059752354,-0.15992441965322138,0.0,121.327197889824,111.78458931330843,0.10753350512485149,0.0,121.11821519624179,111.1701726179248,-0.6156324663607239,0.0,121.14770335847949,111.55076657087824,-0.9015928906255752,0.0
121.73954356760879,112.2102141147792,-1.066215888743514,0.0,122.04244774304973,112.61429059752354,-0.15992441965322138,0.0,121.327197889824,111.78458931330843,0.10753350512485149,0.0,121.11821519624179,111.1701726179248,-0.6156324663607239,0.0
122.01626617224265,112.63280992088204,-0.5431169880117432,0.0,121.73954356760879,112.2102141147792,-1.066215888743514,0.0,122.04244774304973,112.61429059752354,-0.15992441965322138,0.0,121.327197889824,111.78458931330843,0.10753350512485149,0.0
122.06186066636613,113.92392442491425,-0.7521747848222093,0.0,122.01626617224265,112.63280992088204,-0.5431169880117432,0.0,121.73954356760879,112.2102141147792,-1.066215888743514,0.0,122.04244774304973,112.61429059752354,-0.15992441965322138,0.0
121.97773152777727,113.87414543754653,-1.1965731574029481,0.0,122.06186066636613,113.92392442491425,-0.7521747848222093,0.0,122.01626617224265,112.63280992088204,-0.5431169880117432,0.0,121.73954356760879,112.2102141147792,-1.066215888743514,0.0
122.35975817163414,113.75387420499936,-1.2694312207789706,0.0,121.97773152777727,113.87414543754653,-1.1965731574029481,0.0,122.06186066636613,113.92392442491425,-0.7521747848222093,0.0,122.01626617224265,112.63280992088204,-0.5431169880117432,0.0
121.87897094276319,113.56829992335662,-1.1078076554511014,0.0,122.35975817163414,113.75387420499936,-1.2694312207789706,0.0,121.97773152777727,113.87414543754653,-1.1965731574029481,0.0,122.06186066636613,113.92392442491425,-0.7521747848222093,0.0
121.56744477361084,112.96277511555905,-1.1886184566299876,0.0,121.87897094276319,113.56829992335662,-1.1078076554511014,0.0,122.35975817163414,113.75387420499936,-1.2694312207789706,0.0,121.97773152777727,113.87414543754653,-1.1965731574029481,0.0
121.56774421237236,113.60522389938413,-2.0536777938535247,0.0,121.56744477361084,112.96277511555905,-1.1886184566299876,0.0,121.87897094276319,113.56829992335662,-1.1078076554511014,0.0,122.35975817163414,113.75387420499936,-1.2694312207789706,0.0
121.34376954820948,111.80705138283136,-1.1944091366392537,0.0,121.56774421237236,113.60522389938413,-2.0536777938535247,0.0,121.56744477361084,112.96277511555905,-1.1886184566299876,0.0,121.87897094276319,113.56829992335662,-1.1078076554511014,0.0
121.7198628064339,112.18317955321984,-0.31808978867204196,0.0,121.34376954820948,111.80705138283136,-1.1944091366392537,0.0,121.56774421237236,113.60522389938413,-2.0536777938535247,0.0,121.56744477361084,112.96277511555905,-1.1886184566299876,0.0
121.4758781868476,110.8683181223291,0.07128916473211927,0.0,121.7198628064339,112.18317955321984,-0.31808978867204196,0.0,121.34376954820948,111.80705138283136,-1.1944091366392537,0.0,121.56774421237236,113.60522389938413,-2.0536777938535247,0.0
121.71807912593356,111.51551054834192,-0.5118115034267129,0.0,121.4758781868476,110.8683181223291,0.07128916473211927,0.0,121.7198628064339,112.18317955321984,-0.31808978867204196,0.0,121.34376954820948,111.80705138283136,-1.1944091366392537,0.0
121.74735705676335,111.54039719180244,-0.5101949697151293,0.0,121.71807912593356,111.51551054834192,-0.5118115034267129,0.0,121.4758781868476,110.8683181223291,0.07128916473211927,0.0,121.7198628064339,112.18317955321984,-0.31808978867204196,0.0
121.89704443901365,112.16608377570768,-0.41141663338683254,0.0,121.74735705676335,111.54039719180244,-0.5101949697151293,0.0,121.71807912593356,111.51551054834192,-0.5118115034267129,0.0,121.4758781868476,110.8683181223291,0.07128916473211927,0.0
121.65447220894,112.66585289478803,-0.029736111928510944,0.0,121.89704443901365,112.16608377570768,-0.41141663338683254,0.0,121.74735705676335,111.54039719180244,-0.5101949697151293,0.0,121.71807912593356,111.51551054834192,-0.5118115034267129,0.0
121.60102219929954,111.06022841178134,0.31038135481623164,0.0,121.65447220894,112.66585289478803,-0.029736111928510944,0.0,121.89704443901365,112.16608377570768,-0.41141663338683254,0.0,121.74735705676335,111.54039719180244,-0.5101949697151293,0.0
121.76104123795875,111.35562310958821,-0.11878181553626255,0.0,121.60102219929954,111.06022841178134,0.31038135481623164,0.0,121.65447220894,112.66585289478803,-0.029736111928510944,0.0,121.89704443901365,112.16608377570768,-0.41141663338683254,0.0
121.90965922104826,112.00422044798816,-0.054027674222229836,0.0,121.76104123795875,111.35562310958821,-0.11878181553626255,0.0,121.60102219929954,111.06022841178134,0.31038135481623164,0.0,121.65447220894,112.66585289478803,-0.029736111928510944,0.0
121.97953516099182,110.92182516302435,0.18541806292983667,0.0,121.90965922104826,112.00422044798816,-0.054027674222229836,0.0,121.76104123795875,111.35562310958821,-0.11878181553626255,0.0,121.60102219929954,111.06022841178134,0.31038135481623164,0.0
122.85868326348339,111.5525208713324,0.8762456114172527,0.0,121.97953516099182,110.92182516302435,0.18541806292983667,0.0,121.90965922104826,112.00422044798816,-0.054027674222229836,0.0,121.76104123795875,111.35562310958821,-0.11878181553626255,0.0
122.24614045123543,110.9087540036129,1.0532497590461638,0.0,122.85868326348339,111.5525208713324,0.8762456114172527,0.0,121.97953516099182,110.92182516302435,0.18541806292983667,0.0,121.90965922104826,112.00422044798816,-0.054027674222229836,0.0
122.24173941794132,110.46142091141368,1.2371281509246905,0.0,122.24614045123543,110.9087540036129,1.0532497590461638,0.0,122.85868326348339,111.5525208713324,0.8762456114172527,0.0,121.97953516099182,110.92182516302435,0.18541806292983667,0.0
121.49189720124886,110.29359644091403,1.031615834704433,0.0,122.24173941794132,110.46142091141368,1.2371281509246905,0.0,122.24614045123543,110.9087540036129,1.0532497590461638,0.0,122.85868326348339,111.5525208713324,0.8762456114172527,0.0
121.80358509511063,111.519468104443,1.5305222403652983,0.0,121.49189720124886,110.29359644091403,1.031615834704433,0.0,122.24173941794132,110.46142091141368,1.2371281509246905,0.0,122.24614045123543,110.9087540036129,1.0532497590461638,0.0
121.37545837488281,110.19572866034602,1.4292991902719874,0.0,121.80358509511063,111.519468104443,1.5305222403652983,0.0,121.49189720124886,110.29359644091403,1.031615834704433,0.0,122.24173941794132,110.46142091141368,1.2371281509246905,0.0
121.45408146905305,110.14260205829834,0.7128953971308046,0.0,121.37545837488281,110.19572866034602,1.4292991902719874,0.0,121.80358509511063,111.519468104443,1.5305222403652983,0.0,121.49189720124886,110.29359644091403,1.031615834704433,0.0
121.44823170877399,110.58002607605587,1.2720013027672392,0.0,121.45408146905305,110.14260205829834,0.7128953971308046,0.0,121.37545837488281,110.19572866034602,1.4292991902719874,0.0,121.80358509511063,111.519468104443,1.5305222403652983,0.0
121.77311595391717,110.51829952805232,1.366552678483305,0.0,121.44823170877399,110.58002607605587,1.2720013027672392,0.0,121.45408146905305,110.14260205829834,0.7128953971308046,0.0,121.37545837488281,110.19572866034602,1.4292991902719874,0.0
121.58053562202353,111.23123364675263,0.871720132222403,0.0,121.77311595391717,110.51829952805232,1.366552678483305,0.0,121.44823170877399,110.58002607605587,1.2720013027672392,0.0,121.45408146905305,110.14260205829834,0.7128953971308046,0.0
121.46119542357695,110.11160450389781,0.4576296220783007,0.0,121.58053562202353,111.23123364675263,0.871720132222403,0.0,121.77311595391717,110.51829952805232,1.366552678483305,0.0,121.44823170877399,110.58002607605587,1.2720013027672392,0.0
122.33775376747774,110.98261606853569,0.5143914702330215,0.0,121.46119542357695,110.11160450389781,0.4576296220783007,0.0,121.58053562202353,111.23123364675263,0.871720132222403,0.0,121.77311595391717,110.51829952805232,1.366552678483305,0.0
122.40242377669709,112.2012526504472,0.6431055738202096,0.0,122.33775376747774,110.98261606853569,0.5143914702330215,0.0,121.46119542357695,110.11160450389781,0.4576296220783007,0.0,121.58053562202353,111.23123364675263,0.871720132222403,0.0
122.07214530947604,111.38536571740974,0.6131305918717709,0.0,122.40242377669709,112.2012526504472,0.6431055738202096,0.0,122.33775376747774,110.98261606853569,0.5143914702330215,0.0,121.46119542357695,110.11160450389781,0.4576296220783007,0.0
121.9500904771353,111.64417869079844,0.6461588102188591,0.0,122.07214530947604,111.38536571740974,0.6131305918717709,0.0,122.40242377669709,112.2012526504472,0.6431055738202096,0.0,122.33775376747774,110.98261606853569,0.5143914702330215,0.0
122.8252083434215,111.15083028844256,1.3669057354632774,0.0,121.9500904771353,111.64417869079844,0.6461588102188591,0.0,122.07214530947604,111.38536571740974,0.6131305918717709,0.0,122.40242377669709,112.2012526504472,0.6431055738202096,0.0
122.60646773406393,110.72233003095468,1.6292961644880648,0.0,122.8252083434215,111.15083028844256,1.3669057354632774,0.0,121.9500904771353,111.64417869079844,0.6461588102188591,0.0,122.07214530947604,111.38536571740974,0.6131305918717709,0.0
122.21977738221565,110.41516986918603,1.3987547272229641,0.0,122.60646773406393,110.72233003095468,1.6292961644880648,0.0,122.8252083434215,111.15083028844256,1.3669057354632774,0.0,121.9500904771353,111.64417869079844,0.6461588102188591,0.0
121.92486166239061,110.16924336637456,1.5896590721621129,0.0,122.21977738221565,110.41516986918603,1.3987547272229641,0.0,122.60646773406393,110.72233003095468,1.6292961644880648,0.0,122.8252083434215,111.15083028844256,1.3669057354632774,0.0
121.78712810464354,109.56395969548339,0.7554653059659205,0.0,121.92486166239061,110.16924336637456,1.5896590721621129,0.0,122.21977738221565,110.41516986918603,1.3987547272229641,0.0,122.60646773406393,110.72233003095468,1.6292961644880648,0.0
121.56849744463192,111.27912355739116,0.803335769746141,0.0,121.78712810464354,109.56395969548339,0.7554653059659205,0.0,121.92486166239061,110.16924336637456,1.5896590721621129,0.0,122.21977738221565,110.41516986918603,1.3987547272229641,0.0
121.09483336876494,110.4028132553197,1.5473217906634678,0.0,121.56849744463192,111.27912355739116,0.803335769746141,0.0,121.78712810464354,109.56395969548339,0.7554653059659205,0.0,121.92486166239061,110.16924336637456,1.5896590721621129,0.0
120.81941058644063,109.88712120195677,1.1288344848345875,0.0,121.09483336876494,110.4028132553197,1.5473217906634678,0.0,121.56849744463192,111.27912355739116,0.803335769746141,0.0,121.78712810464354,109.56395969548339,0.7554653059659205,0.0
120.69107724429591,110.99582075351796,0.47925062355812764,0.0,120.81941058644063,109.88712120195677,1.1288344848345875,0.0,121.09483336876494,110.4028132553197,1.5473217906634678,0.0,121.56849744463192,111.27912355739116,0.803335769746141,0.0
121.25162242918155,111.94049750963461,0.05735605454997178,0.0,120.69107724429591,110.99582075351796,0.47925062355812764,0.0,120.81941058644063,109.88712120195677,1.1288344848345875,0.0,121.09483336876494,110.4028132553197,1.5473217906634678,0.0
121.20066652343075,112.20025552556095,-0.49893167503121677,0.0,121.25162242918155,111.94049750963461,0.05735605454997178,0.0,120.69107724429591,110.99582075351796,0.47925062355812764,0.0,120.81941058644063,109.88712120195677,1.1288344848345875,0.0
121.23268698748319,112.48530773428783,-0.7915262940888251,0.0,121.20066652343075,112.20025552556095,-0.49893167503121677,0.0,121.25162242918155,111.94049750963461,0.05735605454997178,0.0,120.69107724429591,110.99582075351796,0.47925062355812764,0.0
121.95848037698757,113.25426451252866,-0.8184750845660747,0.0,121.23268698748319,112.48530773428783,-0.7915262940888251,0.0,121.20066652343075,112.20025552556095,-0.49893167503121677,0.0,121.25162242918155,111.94049750963461,0.05735605454997178,0.0
122.53272873472218,113.63118283674169,-1.3575635772421808,0.0,121.95848037698757,113.25426451252866,-0.8184750845660747,0.0,121.23268698748319,112.48530773428783,-0.7915262940888251,0.0,121.20066652343075,112.20025552556095,-0.49893167503121677,0.0
122.20814638565791,113.53948261101954,-1.0782416948189433,0.0,122.53272873472218,113.63118283674169,-1.3575635772421808,0.0,121.95848037698757,113.25426451252866,-0.8184750845660747,0.0,121.23268698748319,112.48530773428783,-0.7915262940888251,0.0
121.83430928606164,112.33552134245971,-0.41145476896183103,0.0,122.20814638565791,113.53948261101954,-1.0782416948189433,0.0,122.53272873472218,113.63118283674169,-1.3575635772421808,0.0,121.95848037698757,113.25426451252866,-0.8184750845660747,0.0
121.44612952010753,111.7820550381,-0.783041905242925,0.0,121.83430928606164,112.33552134245971,-0.41145476896183103,0.0,122.20814638565791,113.53948261101954,-1.0782416948189433,0.0,122.53272873472218,113.63118283674169,-1.3575635772421808,0.0
121.89599415209709,112.14594697686127,0.13320843762654433,0.0,121.44612952010753,111.7820550381,-0.783041905242925,0.0,121.83430928606164,112.33552134245971,-0.41145476896183103,0.0,122.20814638565791,113.53948261101954,-1.0782416948189433,0.0
121.83421542587348,111.60452558086084,0.3619627943650328,0.0,121.89599415209709,112.14594697686127,0.13320843762654433,0.0,121.44612952010753,111.7820550381,-0.783041905242925,0.0,121.83430928606164,112.33552134245971,-0.41145476896183103,0.0
121.73667802057612,110.7489374992256,0.8048605283040549,0.0,121.83421542587348,111.60452558086084,0.3619627943650328,0.0,121.89599415209709,112.14594697686127,0.13320843762654433,0.0,121.44612952010753,111.7820550381,-0.783041905242925,0.0
121.38068522967856,112.03649798427148,0.31497114571717544,0.0,121.73667802057612,110.7489374992256,0.8048605283040549,0.0,121.83421542587348,111.60452558086084,0.3619627943650328,0.0,121.89599415209709,112.14594697686127,0.13320843762654433,0.0
121.13719458858928,111.65040781295752,0.6792395301070482,0.0,121.38068522967856,112.03649798427148,0.31497114571717544,0.0,121.73667802057612,110.7489374992256,0.8048605283040549,0.0,121.83421542587348,111.60452558086084,0.3619627943650328,0.0
121.50315136526895,111.33266802698213,-0.0025753261120179394,0.0,121.13719458858928,111.65040781295752,0.6792395301070482,0.0,121.38068522967856,112.03649798427148,0.31497114571717544,0.0,121.73667802057612,110.7489374992256,0.8048605283040549,0.0
121.02786237215442,110.33879174234232,0.44306348952864,0.0,121.50315136526895,111.33266802698213,-0.0025753261120179394,0.0,121.13719458858928,111.65040781295752,0.6792395301070482,0.0,121.38068522967856,112.03649798427148,0.31497114571717544,0.0
121.80318882958552,110.33070830063963,0.4403704615196776,0.0,121.02786237215442,110.33879174234232,0.44306348952864,0.0,121.50315136526895,111.33266802698213,-0.0025753261120179394,0.0,121.13719458858928,111.65040781295752,0.6792395301070482,0.0
121.6295497263029,110.92158030916136,0.628921979208134,0.0,121.80318882958552,110.33070830063963,0.4403704615196776,0.0,121.02786237215442,110.33879174234232,0.44306348952864,0.0,121.50315136526895,111.33266802698213,-0.0025753261120179394,0.0
121.66198315797674,111.3367730187936,-0.08465971944591866,0.0,121.6295497263029,110.92158030916136,0.628921979208134,0.0,121.80318882958552,110.33070830063963,0.4403704615196776,0.0,121.02786237215442,110.33879174234232,0.44306348952864,0.0
121.07661675846354,111.68961577695154,-0.5152626966950373,0.0,121.66198315797674,111.3367730187936,-0.08465971944591866,0.0,121.6295497263029,110.92158030916136,0.628921979208134,0.0,121.80318882958552,110.33070830063963,0.4403704615196776,0.0
121.29224887216935,111.25723130960617,-0.1135960482293375,0.0,121.07661675846354,111.68961577695154,-0.5152626966950373,0.0,121.66198315797674,111.3367730187936,-0.08465971944591866,0.0,121.6295497263029,110.92158030916136,0.628921979208134,0.0
121.3172071479992,111.04862956782006,-0.5650508406955703,0.0,121.29224887216935,111.25723130960617,-0.1135960482293375,0.0,121.07661675846354,111.68961577695154,-0.5152626966950373,0.0,121.66198315797674,111.3367730187936,-0.08465971944591866,0.0
121.39486068780252,112.6772946233722,-0.22043752650689477,0.0,121.3172071479992,111.04862956782006,-0.5650508406955703,0.0,121.29224887216935,111.25723130960617,-0.1135960482293375,0.0,121.07661675846354,111.68961577695154,-0.5152626966950373,0.0
122.20865472346712,112.86176551911689,-0.8599189244356387,0.0,121.39486068780252,112.6772946233722,-0.22043752650689477,0.0,121.3172071479992,111.04862956782006,-0.5650508406955703,0.0,121.29224887216935,111.25723130960617,-0.1135960482293375,0.0
122.28187625548571,111.4779309236622,-0.26384803321517686,0.0,122.20865472346712,112.86176551911689,-0.8599189244356387,0.0,121.39486068780252,112.6772946233722,-0.22043752650689477,0.0,121.3172071479992,111.04862956782006,-0.5650508406955703,0.0
121.80367167961721,112.48999465396895,-0.827340083956396,0.0,122.28187625548571,111.4779309236622,-0.26384803321517686,0.0,122.20865472346712,112.86176551911689,-0.8599189244356387,0.0,121.39486068780252,112.6772946233722,-0.22043752650689477,0.0
121.53262438817623,111.09306000488513,-0.3857220983253552,0.0,121.80367167961721,112.48999465396895,-0.827340083956396,0.0,122.28187625548571,111.4779309236622,-0.26384803321517686,0.0,122.20865472346712,112.86176551911689,-0.8599189244356387,0.0
121.91252065635027,112.22288894295227,0.0042377881627162495,0.0,121.53262438817623,111.09306000488513,-0.3857220983253552,0.0,121.80367167961721,112.48999465396895,-0.827340083956396,0.0,122.28187625548571,111.4779309236622,-0.26384803321517686,0.0
122.53458304694152,112.89560247270799,-0.34499567868461445,0.0,121.91252065635027,112.22288894295227,0.0042377881627162495,0.0,121.53262438817623,111.09306000488513,-0.3857220983253552,0.0,121.80367167961721,112.48999465396895,-0.827340083956396,0.0
122.54306133573161,112.51128224394265,0.015016740594671896,0.0,122.53458304694152,112.89560247270799,-0.34499567868461445,0.0,121.91252065635027,112.22288894295227,0.0042377881627162495,0.0,121.53262438817623,111.09306000488513,-0.3857220983253552,0.0
122.69569275246269,113.66225376799957,0.1422345241425155,0.0,122.54306133573161,112.51128224394265,0.015016740594671896,0.0,122.53458304694152,112.89560247270799,-0.34499567868461445,0.0,121.91252065635027,112.22288894295227,0.0042377881627162495,0.0
122.78517805000298,113.52490027271043,-0.15563330878235673,0.0,122.69569275246269,113.66225376799957,0.1422345241425155,0.0,122.54306133573161,112.51128224394265,0.015016740594671896,0.0,122.53458304694152,112.89560247270799,-0.34499567868461445,0.0
123.21791768594605,114.39513921470203,-0.6287839890639895,0.0,122.78517805000298,113.52490027271043,-0.15563330878235673,0.0,122.69569275246269,113.66225376799957,0.1422345241425155,0.0,122.54306133573161,112.51128224394265,0.015016740594671896,0.0
121.94845115475265,113.02175815282388,-1.484340037087481,0.0,123.21791768594605,114.39513921470203,-0.6287839890639895,0.0,122.78517805000298,113.52490027271043,-0.15563330878235673,0.0,122.69569275246269,113.66225376799957,0.1422345241425155,0.0
122.25099225790046,112.82756271107857,-1.0126470060201382,0.0,121.94845115475265,113.02175815282388,-1.484340037087481,0.0,123.21791768594605,114.39513921470203,-0.6287839890639895,0.0,122.78517805000298,113.52490027271043,-0.15563330878235673,0.0
122.59155884744283,114.02205961658669,-1.5925189904971382,0.0,122.25099225790046,112.82756271107857,-1.0126470060201382,0.0,121.94845115475265,113.02175815282388,-1.484340037087481,0.0,123.21791768594605,114.39513921470203,-0.6287839890639895,0.0
121.7744482311181,112.58873987536731,-1.2263430926770564,0.0,122.59155884744283,114.02205961658669,-1.5925189904971382,0.0,122.25099225790046,112.82756271107857,-1.0126470060201382,0.0,121.94845115475265,113.02175815282388,-1.484340037087481,0.0
121.34950555091818,112.54437883946187,-1.1127985821827697,0.0,121.7744482311181,112.58873987536731,-1.2263430926770564,0.0,122.59155884744283,114.02205961658669,-1.5925189904971382,0.0,122.25099225790046,112.82756271107857,-1.0126470060201382,0.0
121.10164569929296,111.05134734255032,-0.5506674780271181,0.0,121.34950555091818,112.54437883946187,-1.1127985821827697,0.0,121.7744482311181,112.58873987536731,-1.2263430926770564,0.0,122.59155884744283,114.02205961658669,-1.5925189904971382,0.0
120.94053651019347,111.52769902104407,-0.5915567321666266,0.0,121.10164569929296,111.05134734255032,-0.5506674780271181,0.0,121.34950555091818,112.54437883946187,-1.1127985821827697,0.0,121.7744482311181,112.58873987536731,-1.2263430926770564,0.0
120.93439887612128,111.54343613131476,-0.637969278906847,0.0,120.94053651019347,111.52769902104407,-0.5915567321666266,0.0,121.10164569929296,111.05134734255032,-0.5506674780271181,0.0,121.34950555091818,112.54437883946187,-1.1127985821827697,0.0
121.29043684575606,111.5676732333686,-0.14444007098132977,0.0,120.93439887612128,111.54343613131476,-0.637969278906847,0.0,120.94053651019347,111.52769902104407,-0.5915567321666266,0.0,121.10164569929296,111.05134734255032,-0.5506674780271181,0.0
121.89037801144505,111.49617581486982,0.05197695775699494,0.0,121.29043684575606,111.5676732333686,-0.14444007098132977,0.0,120.93439887612128,111.54343613131476,-0.637969278906847,0.0,120.94053651019347,111.52769902104407,-0.5915567321666266,0.0
122.43087037606176,112.44181023957123,0.1996595447969851,0.0,121.89037801144505,111.49617581486982,0.05197695775699494,0.0,121.29043684575606,111.5676732333686,-0.14444007098132977,0.0,120.93439887612128,111.54343613131476,-0.637969278906847,0.0
121.9713463106977,111.08876919135679,0.3943614307418512,0.0,122.43087037606176,112.44181023957123,0.1996595447969851,0.0,121.89037801144505,111.49617581486982,0.05197695775699494,0.0,121.29043684575606,111.5676732333686,-0.14444007098132977,0.0
121.52743521413169,112.54580670149977,-0.4522969170100719,0.0,121.9713463106977,111.08876919135679,0.3943614307418512,0.0,122.43087037606176,112.44181023957123,0.1996595447969851,0.0,121.89037801144505,111.49617581486982,0.05197695775699494,0.0
122.24115621453765,112.7740575355163,0.016556806385433442,0.0,121.52743521413169,112.54580670149977,-0.4522969170100719,0.0,121.9713463106977,111.08876919135679,0.3943614307418512,0.0,122.43087037606176,112.44181023957123,0.1996595447969851,0.0
122.52329200030798,111.86009878062958,0.3194798421151479,0.0,122.24115621453765,112.7740575355163,0.016556806385433442,0.0,121.52743521413169,112.54580670149977,-0.4522969170100719,0.0,121.9713463106977,111.08876919135679,0.3943614307418512,0.0
122.4240138393205,112.72104363720811,-0.2527576905961303,0.0,122.52329200030798,111.86009878062958,0.3194798421151479,0.0,122.24115621453765,112.7740575355163,0.016556806385433442,0.0,121.52743521413169,112.54580670149977,-0.4522969170100719,0.0
122.52220933748987,113.07340143488042,-0.3242463893140049,0.0,122.4240138393205,112.72104363720811,-0.2527576905961303,0.0,122.52329200030798,111.86009878062958,0.3194798421151479,0.0,122.24115621453765,112.7740575355163,0.016556806385433442,0.0
122.39158522344269,112.22560711246993,-0.2790507552650195,0.0,122.52220933748987,113.07340143488042,-0.3242463893140049,0.0,122.4240138393205,112.72104363720811,-0.2527576905961303,0.0,122.52329200030798,111.86009878062958,0.3194798421151479,0.0
122.51986146200491,113.11398116546081,-0.29048899641288195,0.0,122.39158522344269,112.22560711246993,-0.2790507552650195,0.0,122.52220933748987,113.07340143488042,-0.3242463893140049,0.0,122.4240138393205,112.72104363720811,-0.2527576905961303,0.0
122.2281692660012,112.39373110699742,-0.06546121384603823,0.0,122.51986146200491,113.11398116546081,-0.29048899641288195,0.0,122.39158522344269,112.22560711246993,-0.2790507552650195,0.0,122.52220933748987,113.07340143488042,-0.3242463893140049,0.0
122.36674695215648,111.00381855728213,0.6633144198387612,0.0,122.2281692660012,112.39373110699742,-0.06546121384603823,0.0,122.51986146200491,113.11398116546081,-0.29048899641288195,0.0,122.39158522344269,112.22560711246993,-0.2790507552650195,0.0
121.64779032397244,109.80668425135966,1.0715348997074234,0.0,122.36674695215648,111.00381855728213,0.6633144198387612,0.0,122.2281692660012,112.39373110699742,-0.06546121384603823,0.0,122.51986146200491,113.11398116546081,-0.29048899641288195,0.0
121.4511485554043,110.4638311272189,0.2011183230502357,0.0,121.64779032397244,109.80668425135966,1.0715348997074234,0.0,122.36674695215648,111.00381855728213,0.6633144198387612,0.0,122.2281692660012,112.39373110699742,-0.06546121384603823,0.0
121.27519675636628,110.94432999124004,0.4719296535932129,0.0,121.4511485554043,110.4638311272189,0.2011183230502357,0.0,121.64779032397244,109.80668425135966,1.0715348997074234,0.0,122.36674695215648,111.00381855728213,0.6633144198387612,0.0
121.34840998118696,109.69104814605242,1.042010382642275,0.0,121.27519675636628,110.94432999124004,0.4719296535932129,0.0,121.4511485554043,110.4638311272189,0.2011183230502357,0.0,121.64779032397244,109.80668425135966,1.0715348997074234,0.0
121.08866491922707,110.53612876665295,1.0270125664584213,0.0,121.34840998118696,109.69104814605242,1.042010382642275,0.0,121.27519675636628,110.94432999124004,0.4719296535932129,0.0,121.4511485554043,110.4638311272189,0.2011183230502357,0.0
121.09508815608577,110.18143932768709,1.3671002657597207,0.0,121.08866491922707,110.53612876665295,1.0270125664584213,0.0,121.34840998118696,109.69104814605242,1.042010382642275,0.0,121.27519675636628,110.94432999124004,0.4719296535932129,0.0
120.63342178012083,109.70883427097485,2.099815435458159,0.0,121.09508815608577,110.18143932768709,1.3671002657597207,0.0,121.08866491922707,110.53612876665295,1.0270125664584213,0.0,121.34840998118696,109.69104814605242,1.042010382642275,0.0
121.36428068896437,108.33613946659511,2.1917071214200177,0.0,120.63342178012083,109.70883427097485,2.099815435458159,0.0,121.09508815608577,110.18143932768709,1.3671002657597207,0.0,121.08866491922707,110.53612876665295,1.0270125664584213,0.0
121.54520885260642,110.09917878218758,1.8780199949568788,0.0,121.36428068896437,108.33613946659511,2.1917071214200177,0.0,120.63342178012083,109.70883427097485,2.099815435458159,0.0,121.09508815608577,110.18143932768709,1.3671002657597207,0.0
120.93490283367035,108.973208890536,2.0249602330078798,0.0,121.54520885260642,110.09917878218758,1.8780199949568788,0.0,121.36428068896437,108.33613946659511,2.1917071214200177,0.0,120.63342178012083,109.70883427097485,2.099815435458159,0.0
120.84987600786903,109.61262607587847,1.6924121029547494,0.0,120.93490283367035,108.973208890536,2.0249602330078798,0.0,121.54520885260642,110.09917878218758,1.8780199949568788,0.0,121.36428068896437,108.33613946659511,2.1917071214200177,0.0
121.36559496331893,109.65213113514758,1.3658812040062773,0.0,120.84987600786903,109.61262607587847,1.6924121029547494,0.0,120.93490283367035,108.973208890536,2.0249602330078798,0.0,121.54520885260642,110.09917878218758,1.8780199949568788,0.0
121.2927848078207,110.56360379283117,0.9169978453481555,0.0,121.36559496331893,109.65213113514758,1.3658812040062773,0.0,120.84987600786903,109.61262607587847,1.6924121029547494,0.0,120.93490283367035,108.973208890536,2.0249602330078798,0.0
121.17038280162991,110.30748629115183,1.5153049556945786,0.0,121.2927848078207,110.56360379283117,0.9169978453481555,0.0,121.36559496331893,109.65213113514758,1.3658812040062773,0.0,120.84987600786903,109.61262607587847,1.6924121029547494,0.0
121.38114566522265,110.357284751545,0.8030296315846621,0.0,121.17038280162991,110.30748629115183,1.5153049556945786,0.0,121.2927848078207,110.56360379283117,0.9169978453481555,0.0,121.36559496331893,109.65213113514758,1.3658812040062773,0.0
121.7250499309784,111.03330737577673,1.4086075676067877,0.0,121.38114566522265,110.357284751545,0.8030296315846621,0.0,121.17038280162991,110.30748629115183,1.5153049556945786,0.0,121.2927848078207,110.56360379283117,0.9169978453481555,0.0
121.15216140850289,110.194046155205,1.3768181159556159,0.0,121.7250499309784,111.03330737577673,1.4086075676067877,0.0,121.38114566522265,110.357284751545,0.8030296315846621,0.0,121.17038280162991,110.30748629115183,1.5153049556945786,0.0
121.5849630569655,112.23660620891502,0.40180140536352194,0.0,121.15216140850289,110.194046155205,1.3768181159556159,0.0,121.7250499309784,111.03330737577673,1.4086075676067877,0.0,121.38114566522265,110.357284751545,0.8030296315846621,0.0
121.29284584809821,111.49955913341049,0.5052657707865283,0.0,121.5849630569655,112.23660620891502,0.40180140536352194,0.0,121.15216140850289,110.194046155205,1.3768181159556159,0.0,121.7250499309784,111.03330737577673,1.4086075676067877,0.0
121.42617703974939,111.98271309208573,-0.6458006371965893,0.0,121.29284584809821,111.49955913341049,0.5052657707865283,0.0,121.5849630569655,112.23660620891502,0.40180140536352194,0.0,121.15216140850289,110.194046155205,1.3768181159556159,0.0
121.489451271842,112.67560579223525,-0.20388650134175362,0.0,121.42617703974939,111.98271309208573,-0.6458006371965893,0.0,121.29284584809821,111.49955913341049,0.5052657707865283,0.0,121.5849630569655,112.23660620891502,0.40180140536352194,0.0
121.33807108786593,111.79913740975567,0.2795065404210926,0.0,121.489451271842,112.67560579223525,-0.20388650134175362,0.0,121.42617703974939,111.98271309208573,-0.6458006371965893,0.0,121.29284584809821,111.49955913341049,0.5052657707865283,0.0
121.00470394004725,111.07846114360282,-0.07257274548915271,0.0,121.33807108786593,111.79913740975567,0.2795065404210926,0.0,121.489451271842,112.67560579223525,-0.20388650134175362,0.0,121.42617703974939,111.98271309208573,-0.6458006371965893,0.0
121.09287189349398,111.36095968995403,0.003715651586468992,0.0,121.00470394004725,111.07846114360282,-0.07257274548915271,0.0,121.33807108786593,111.79913740975567,0.2795065404210926,0.0,121.489451271842,112.67560579223525,-0.20388650134175362,0.0
122.17692014013237,110.2008505840084,0.9800512381443184,0.0,121.09287189349398,111.36095968995403,0.003715651586468992,0.0,121.00470394004725,111.07846114360282,-0.07257274548915271,0.0,121.33807108786593,111.79913740975567,0.2795065404210926,0.0
121.55533751661326,110.10722160521661,0.5311676383844863,0.0,122.17692014013237,110.2008505840084,0.9800512381443184,0.0,121.09287189349398,111.36095968995403,0.003715651586468992,0.0,121.00470394004725,111.07846114360282,-0.07257274548915271,0.0
122.44143093060309,112.97991184479937,-0.10451968282071117,0.0,121.55533751661326,110.10722160521661,0.5311676383844863,0.0,122.17692014013237,110.2008505840084,0.9800512381443184,0.0,121.09287189349398,111.36095968995403,0.003715651586468992,0.0
122.25721275919337,111.32142799501688,0.6572159549747304,0.0,122.44143093060309,112.97991184479937,-0.10451968282071117,0.0,121.55533751661326,110.10722160521661,0.5311676383844863,0.0,122.17692014013237,110.2008505840084,0.9800512381443184,0.0
122.30242028360311,110.4207126459182,1.5070663592451816,0.0,122.25721275919337,111.32142799501688,0.6572159549747304,0.0,122.44143093060309,112.97991184479937,-0.10451968282071117,0.0,121.55533751661326,110.10722160521661,0.5311676383844863,0.0
121.75620847229098,110.84744697798311,1.2075009233200689,0.0,122.30242028360311,110.4207126459182,1.5070663592451816,0.0,122.25721275919337,111.32142799501688,0.6572159549747304,0.0,122.44143093060309,112.97991184479937,-0.10451968282071117,0.0
121.48145727990438,110.75749579179327,1.4717322563602333,0.0,121.75620847229098,110.84744697798311,1.2075009233200689,0.0,122.30242028360311,110.4207126459182,1.5070663592451816,0.0,122.25721275919337,111.32142799501688,0.6572159549747304,0.0
121.45315211982332,109.61117758162374,1.8481237628536271,0.0,121.48145727990438,110.75749579179327,1.4717322563602333,0.0,121.75620847229098,110.84744697798311,1.2075009233200689,0.0,122.30242028360311,110.4207126459182,1.5070663592451816,0.0
121.13401515547622,110.11318109886957,1.1072568940137097,0.0,121.45315211982332,109.61117758162374,1.8481237628536271,0.0,121.48145727990438,110.75749579179327,1.4717322563602333,0.0,121.75620847229098,110.84744697798311,1.2075009233200689,0.0
121.2609682506168,110.83569790157506,0.6431525975270337,0.0,121.13401515547622,110.11318109886957,1.1072568940137097,0.0,121.45315211982332,109.61117758162374,1.8481237628536271,0.0,121.48145727990438,110.75749579179327,1.4717322563602333,0.0
121.30745004097535,109.9563322722941,1.1299593345989944,0.0,121.2609682506168,110.83569790157506,0.6431525975270337,0.0,121.13401515547622,110.11318109886957,1.1072568940137097,0.0,121.45315211982332,109.61117758162374,1.8481237628536271,0.0
122.41895818492827,111.04784838139759,1.7464746070334503,0.0,121.30745004097535,109.9563322722941,1.1299593345989944,0.0,121.2609682506168,110.83569790157506,0.6431525975270337,0.0,121.13401515547622,110.11318109886957,1.1072568940137097,0.0
121.81648621161773,110.71386486969337,1.6786201157139375,0.0,122.41895818492827,111.04784838139759,1.7464746070334503,0.0,121.30745004097535,109.9563322722941,1.1299593345989944,0.0,121.2609682506168,110.83569790157506,0.6431525975270337,0.0
121.9546769025888,110.99714650159373,0.902988915820123,0.0,121.81648621161773,110.71386486969337,1.6786201157139375,0.0,122.41895818492827,111.04784838139759,1.7464746070334503,0.0,121.30745004097535,109.9563322722941,1.1299593345989944,0.0
122.17439047596329,110.26548374117306,1.715921688505819,0.0,121.9546769025888,110.99714650159373,0.902988915820123,0.0,121.81648621161773,110.71386486969337,1.6786201157139375,0.0,122.41895818492827,111.04784838139759,1.7464746070334503,0.0
121.64790340756396,111.12897397761529,1.1072519018986733,0.0,122.17439047596329,110.26548374117306,1.715921688505819,0.0,121.9546769025888,110.99714650159373,0.902988915820123,0.0,121.81648621161773,110.71386486969337,1.6786201157139375,0.0
122.1150955910467,110.93281765461793,0.7182326309332128,0.0,121.64790340756396,111.12897397761529,1.1072519018986733,0.0,122.17439047596329,110.26548374117306,1.715921688505819,0.0,121.9546769025888,110.99714650159373,0.902988915820123,0.0
121.89137018004925,112.0308557269459,0.745755021991381,0.0,122.1150955910467,110.93281765461793,0.7182326309332128,0.0,121.64790340756396,111.12897397761529,1.1072519018986733,0.0,122.17439047596329,110.26548374117306,1.715921688505819,0.0
120.78203113635954,109.69740363776688,1.3736842279504917,0.0,121.89137018004925,112.0308557269459,0.745755021991381,0.0,122.1150955910467,110.93281765461793,0.7182326309332128,0.0,121.64790340756396,111.12897397761529,1.1072519018986733,0.0
121.45275835263504,110.05582725009737,1.5259353706365053,0.0,120.78203113635954,109.69740363776688,1.3736842279504917,0.0,121.89137018004925,112.0308557269459,0.745755021991381,0.0,122.1150955910467,110.93281765461793,0.7182326309332128,0.0
121.1040378091191,109.99396861875493,1.4281810466901594,0.0,121.45275835263504,110.05582725009737,1.5259353706365053,0.0,120.78203113635954,109.69740363776688,1.3736842279504917,0.0,121.89137018004925,112.0308557269459,0.745755021991381,0.0
120.87040544524525,109.77874657960965,1.3741891024111808,0.0,121.1040378091191,109.99396861875493,1.4281810466901594,0.0,121.45275835263504,110.05582725009737,1.5259353706365053,0.0,120.78203113635954,109.69740363776688,1.3736842279504917,0.0
121.5648644671549,109.50821860975017,1.1211086162506776,0.0,120.87040544524525,109.77874657960965,1.3741891024111808,0.0,121.1040378091191,109.99396861875493,1.4281810466901594,0.0,121.45275835263504,110.05582725009737,1.5259353706365053,0.0
121.53889196457307,110.78837735883272,1.1759566502597953,0.0,121.5648644671549,109.50821860975017,1.1211086162506776,0.0,120.87040544524525,109.77874657960965,1.3741891024111808,0.0,121.1040378091191,109.99396861875493,1.4281810466901594,0.0
122.12840900387052,111.23181286127385,-0.3240147186393152,0.0,121.53889196457307,110.78837735883272,1.1759566502597953,0.0,121.5648644671549,109.50821860975017,1.1211086162506776,0.0,120.87040544524525,109.77874657960965,1.3741891024111808,0.0
122.66510728100003,112.85405939558083,-0.4075155044463513,0.0,122.12840900387052,111.23181286127385,-0.3240147186393152,0.0,121.53889196457307,110.78837735883272,1.1759566502597953,0.0,121.5648644671549,109.50821860975017,1.1211086162506776,0.0
122.19205276311118,112.35137663055386,-0.20535143609869055,0.0,122.66510728100003,112.85405939558083,-0.4075155044463513,0.0,122.12840900387052,111.23181286127385,-0.3240147186393152,0.0,121.53889196457307,110.78837735883272,1.1759566502597953,0.0
122.50018100739688,113.00184902139176,-0.739788190688706,0.0,122.19205276311118,112.35137663055386,-0.20535143609869055,0.0,122.66510728100003,112.85405939558083,-0.4075155044463513,0.0,122.12840900387052,111.23181286127385,-0.3240147186393152,0.0
122.06259919454295,111.19630421356214,-0.3986688936451849,0.0,122.50018100739688,113.00184902139176,-0.739788190688706,0.0,122.19205276311118,112.35137663055386,-0.20535143609869055,0.0,122.66510728100003,112.85405939558083,-0.4075155044463513,0.0
123.0673704312683,113.98533765864323,-0.42117072540920863,0.0,122.06259919454295,111.19630421356214,-0.3986688936451849,0.0,122.50018100739688,113.00184902139176,-0.739788190688706,0.0,122.19205276311118,112.35137663055386,-0.20535143609869055,0.0
122.48233091258776,112.50173860322559,0.540801268830378,0.0,123.0673704312683,113.98533765864323,-0.42117072540920863,0.0,122.06259919454295,111.19630421356214,-0.3986688936451849,0.0,122.50018100739688,113.00184902139176,-0.739788190688706,0.0
122.89618508525666,112.05446730587087,1.2191508776717306,0.0,122.48233091258776,112.50173860322559,0.540801268830378,0.0,123.0673704312683,113.98533765864323,-0.42117072540920863,0.0,122.06259919454295,111.19630421356214,-0.3986688936451849,0.0
123.12073100542777,112.36224151436718,0.7424179175783031,0.0,122.89618508525666,112.05446730587087,1.2191508776717306,0.0,122.48233091258776,112.50173860322559,0.540801268830378,0.0,123.0673704312683,113.98533765864323,-0.42117072540920863,0.0
122.98800972494315,113.33237980907018,0.5185154782792949,0.0,123.12073100542777,112.36224151436718,0.7424179175783031,0.0,122.89618508525666,112.05446730587087,1.2191508776717306,0.0,122.48233091258776,112.50173860322559,0.540801268830378,0.0
122.45198724782868,112.06297902835016,0.3778385998192397,0.0,122.98800972494315,113.33237980907018,0.5185154782792949,0.0,123.12073100542777,112.36224151436718,0.7424179175783031,0.0,122.89618508525666,112.05446730587087,1.2191508776717306,0.0
122.31623979782512,111.3930250893427,0.0764411417755804,0.0,122.45198724782868,112.06297902835016,0.3778385998192397,0.0,122.98800972494315,113.33237980907018,0.5185154782792949,0.0,123.12073100542777,112.36224151436718,0.7424179175783031,0.0
121.22658689221444,110.99221779146751,0.15866540543452767,0.0,122.31623979782512,111.3930250893427,0.0764411417755804,0.0,122.45198724782868,112.06297902835016,0.3778385998192397,0.0,122.98800972494315,113.33237980907018,0.5185154782792949,0.0
121.49862091522238,111.89717235480617,-0.25220871009617296,0.0,121.22658689221444,110.99221779146751,0.15866540543452767,0.0,122.31623979782512,111.3930250893427,0.0764411417755804,0.0,122.45198724782868,112.06297902835016,0.3778385998192397,0.0
121.73323490923592,112.80938976912341,-0.7670746355457015,0.0,121.49862091522238,111.89717235480617,-0.25220871009617296,0.0,121.22658689221444,110.99221779146751,0.15866540543452767,0.0,122.31623979782512,111.3930250893427,0.0764411417755804,0.0
121.86731926162751,111.72036750583817,-0.302304096486427,0.0,121.73323490923592,112.80938976912341,-0.7670746355457015,0.0,121.49862091522238,111.89717235480617,-0.25220871009617296,0.0,121.22658689221444,110.99221779146751,0.15866540543452767,0.0
120.4668596000675,110.80685447176475,0.07292151492176382,0.0,121.86731926162751,111.72036750583817,-0.302304096486427,0.0,121.73323490923592,112.80938976912341,-0.7670746355457015,0.0,121.49862091522238,111.89717235480617,-0.25220871009617296,0.0
120.25679840202804,109.67742110962101,-0.34382066789258514,0.0,120.4668596000675,110.80685447176475,0.07292151492176382,0.0,121.86731926162751,111.72036750583817,-0.302304096486427,0.0,121.73323490923592,112.80938976912341,-0.7670746355457015,0.0
120.36986503137555,109.23056397645115,0.17262118106723168,0.0,120.25679840202804,109.67742110962101,-0.34382066789258514,0.0,120.4668596000675,110.80685447176475,0.07292151492176382,0.0,121.86731926162751,111.72036750583817,-0.302304096486427,0.0
120.89452920540482,110.94384572580284,-0.17769191972888035,0.0,120.36986503137555,109.23056397645115,0.17262118106723168,0.0,120.25679840202804,109.67742110962101,-0.34382066789258514,0.0,120.4668596000675,110.80685447176475,0.07292151492176382,0.0
121.29450132771926,111.31582978852168,-0.01557091676411368,0.0,120.89452920540482,110.94384572580284,-0.17769191972888035,0.0,120.36986503137555,109.23056397645115,0.17262118106723168,0.0,120.25679840202804,109.67742110962101,-0.34382066789258514,0.0
121.42489659527678,110.51185141826105,0.3977152728949371,0.0,121.29450132771926,111.31582978852168,-0.01557091676411368,0.0,120.89452920540482,110.94384572580284,-0.17769191972888035,0.0,120.36986503137555,109.23056397645115,0.17262118106723168,0.0
121.90474124178789,111.05597605471013,0.30136593596409317,0.0,121.42489659527678,110.51185141826105,0.3977152728949371,0.0,121.29450132771926,111.31582978852168,-0.01557091676411368,0.0,120.89452920540482,110.94384572580284,-0.17769191972888035,0.0
121.44185254547094,111.3763852061588,0.46846320484184173,0.0,121.90474124178789,111.05597605471013,0.30136593596409317,0.0,121.42489659527678,110.51185141826105,0.3977152728949371,0.0,121.29450132771926,111.31582978852168,-0.01557091676411368,0.0
121.85834614094459,112.00506796558327,0.11655574192968754,0.0,121.44185254547094,111.3763852061588,0.46846320484184173,0.0,121.90474124178789,111.05597605471013,0.30136593596409317,0.0,121.42489659527678,110.51185141826105,0.3977152728949371,0.0
122.0864188994286,112.75258131494056,-0.004988698170298553,0.0,121.85834614094459,112.00506796558327,0.11655574192968754,0.0,121.44185254547094,111.3763852061588,0.46846320484184173,0.0,121.90474124178789,111.05597605471013,0.30136593596409317,0.0
122.25027911973464,112.15266732454401,-0.10692067397640903,0.0,122.0864188994286,112.75258131494056,-0.004988698170298553,0.0,121.85834614094459,112.00506796558327,0.11655574192968754,0.0,121.44185254547094,111.3763852061588,0.46846320484184173,0.0
122.09802618257976,112.22353795330253,-0.4588257124512467,0.0,122.25027911973464,112.15266732454401,-0.10692067397640903,0.0,122.0864188994286,112.75258131494056,-0.004988698170298553,0.0,121.85834614094459,112.00506796558327,0.11655574192968754,0.0
122.89264031900665,114.02305078945616,-0.45544765151888844,0.0,122.09802618257976,112.22353795330253,-0.4588257124512467,0.0,122.25027911973464,112.15266732454401,-0.10692067397640903,0.0,122.0864188994286,112.75258131494056,-0.004988698170298553,0.0
122.84990167933096,114.21616840238605,-1.1386672706469843,0.0,122.89264031900665,114.02305078945616,-0.45544765151888844,0.0,122.09802618257976,112.22353795330253,-0.4588257124512467,0.0,122.25027911973464,112.15266732454401,-0.10692067397640903,0.0
122.09928240894668,113.92942005782601,-1.1565106900886397,0.0,122.84990167933096,114.21616840238605,-1.1386672706469843,0.0,122.89264031900665,114.02305078945616,-0.45544765151888844,0.0,122.09802618257976,112.22353795330253,-0.4588257124512467,0.0
122.12164414745853,113.63869035133621,-1.0676462987557471,0.0,122.09928240894668,113.92942005782601,-1.1565106900886397,0.0,122.84990167933096,114.21616840238605,-1.1386672706469843,0.0,122.89264031900665,114.02305078945616,-0.45544765151888844,0.0
122.41735436880664,113.12405275394582,-0.9822069152522879,0.0,122.12164414745853,113.63869035133621,-1.0676462987557471,0.0,122.09928240894668,113.92942005782601,-1.1565106900886397,0.0,122.84990167933096,114.21616840238605,-1.1386672706469843,0.0
121.97730136300889,113.25055665148528,-0.9065142551372197,0.0,122.41735436880664,113.12405275394582,-0.9822069152522879,0.0,122.12164414745853,113.63869035133621,-1.0676462987557471,0.0,122.09928240894668,113.92942005782601,-1.1565106900886397,0.0
122.45823989501893,113.36474637707491,-0.7560935040398402,0.0,121.97730136300889,113.25055665148528,-0.9065142551372197,0.0,122.41735436880664,113.12405275394582,-0.9822069152522879,0.0,122.12164414745853,113.63869035133621,-1.0676462987557471,0.0
122.47492216520479,113.65373207336728,-0.36515404418884034,0.0,122.45823989501893,113.36474637707491,-0.7560935040398402,0.0,121.97730136300889,113.25055665148528,-0.9065142551372197,0.0,122.41735436880664,113.12405275394582,-0.9822069152522879,0.0
121.25774293681908,111.01911253024156,0.145135301715189,0.0,122.47492216520479,113.65373207336728,-0.36515404418884034,0.0,122.45823989501893,113.36474637707491,-0.7560935040398402,0.0,121.97730136300889,113.25055665148528,-0.9065142551372197,0.0
121.56617598716717,111.79708701914146,-0.20877437205198235,0.0,121.25774293681908,111.01911253024156,0.145135301715189,0.0,122.47492216520479,113.65373207336728,-0.36515404418884034,0.0,122.45823989501893,113.36474637707491,-0.7560935040398402,0.0
121.42216308096167,112.55526263131438,-0.7686199253361581,0.0,121.56617598716717,111.79708701914146,-0.20877437205198235,0.0,121.25774293681908,111.01911253024156,0.145135301715189,0.0,122.47492216520479,113.65373207336728,-0.36515404418884034,0.0
121.75695153074153,112.98737682597323,-1.135918146390478,0.0,121.42216308096167,112.55526263131438,-0.7686199253361581,0.0,121.56617598716717,111.79708701914146,-0.20877437205198235,0.0,121.25774293681908,111.01911253024156,0.145135301715189,0.0
122.21386592175831,113.2760544592164,-1.1523359777098459,0.0,121.75695153074153,112.98737682597323,-1.135918146390478,0.0,121.42216308096167,112.55526263131438,-0.7686199253361581,0.0,121.56617598716717,111.79708701914146,-0.20877437205198235,0.0
122.18420055733432,113.68946407286512,-1.0978294410761313,0.0,122.21386592175831,113.2760544592164,-1.1523359777098459,0.0,121.75695153074153,112.98737682597323,-1.135918146390478,0.0,121.42216308096167,112.55526263131438,-0.7686199253361581,0.0
122.83801611423027,114.83940897219077,-1.2632615859596337,0.0,122.18420055733432,113.68946407286512,-1.0978294410761313,0.0,122.21386592175831,113.2760544592164,-1.1523359777098459,0.0,121.75695153074153,112.98737682597323,-1.135918146390478,0.0
122.51739564750002,113.27327603204927,-1.6586676008926542,0.0,122.83801611423027,114.83940897219077,-1.2632615859596337,0.0,122.18420055733432,113.68946407286512,-1.0978294410761313,0.0,122.21386592175831,113.2760544592164,-1.1523359777098459,0.0
122.60261322589206,114.47424407269841,-1.5549944944512175,0.0,122.51739564750002,113.27327603204927,-1.6586676008926542,0.0,122.83801611423027,114.83940897219077,-1.2632615859596337,0.0,122.18420055733432,113.68946407286512,-1.0978294410761313,0.0
122.78521785778806,113.98688019488549,-1.1532822855039884,0.0,122.60261322589206,114.47424407269841,-1.5549944944512175,0.0,122.51739564750002,113.27327603204927,-1.6586676008926542,0.0,122.83801611423027,114.83940897219077,-1.2632615859596337,0.0
122.54620641941459,112.66589764738987,-0.6251110954854084,0.0,122.78521785778806,113.98688019488549,-1.1532822855039884,0.0,122.60261322589206,114.47424407269841,-1.5549944944512175,0.0,122.51739564750002,113.27327603204927,-1.6586676008926542,0.0
122.8339415705359,111.84821437969316,-0.7788004029424873,0.0,122.54620641941459,112.66589764738987,-0.6251110954854084,0.0,122.78521785778806,113.98688019488549,-1.1532822855039884,0.0,122.60261322589206,114.47424407269841,-1.5549944944512175,0.0
122.28307394278967,113.73485640115982,-0.8295392334257069,0.0,122.8339415705359,111.84821437969316,-0.7788004029424873,0.0,122.54620641941459,112.66589764738987,-0.6251110954854084,0.0,122.78521785778806,113.98688019488549,-1.1532822855039884,0.0
121.97149676000579,112.87356369430677,-1.1269805411642209,0.0,122.28307394278967,113.73485640115982,-0.8295392334257069,0.0,122.8339415705359,111.84821437969316,-0.7788004029424873,0.0,122.54620641941459,112.66589764738987,-0.6251110954854084,0.0
121.2927610045697,112.5638411653355,-0.9173040181187649,0.0,121.97149676000579,112.87356369430677,-1.1269805411642209,0.0,122.28307394278967,113.73485640115982,-0.8295392334257069,0.0,122.8339415705359,111.84821437969316,-0.7788004029424873,0.0
121.50813402633032,112.9355867102091,-1.1580575315904194,0.0,121.2927610045697,112.5638411653355,-0.9173040181187649,0.0,121.97149676000579,112.87356369430677,-1.1269805411642209,0.0,122.28307394278967,113.73485640115982,-0.8295392334257069,0.0
121.73250824050827,112.73249636966344,-0.6398821186517355,0.0,121.50813402633032,112.9355867102091,-1.1580575315904194,0.0,121.2927610045697,112.5638411653355,-0.9173040181187649,0.0,121.97149676000579,112.87356369430677,-1.1269805411642209,0.0
122.26405223853028,114.23171866331899,-1.4048389408884439,0.0,121.73250824050827,112.73249636966344,-0.6398821186517355,0.0,121.50813402633032,112.9355867102091,-1.1580575315904194,0.0,121.2927610045697,112.5638411653355,-0.9173040181187649,0.0
122.51485258048639,113.8391842503157,-1.3036859889369865,0.0,122.26405223853028,114.23171866331899,-1.4048389408884439,0.0,121.73250824050827,112.73249636966344,-0.6398821186517355,0.0,121.50813402633032,112.9355867102091,-1.1580575315904194,0.0
122.17904948839191,113.80869595346977,-0.8923951215537181,0.0,122.51485258048639,113.8391842503157,-1.3036859889369865,0.0,122.26405223853028,114.23171866331899,-1.4048389408884439,0.0,121.73250824050827,112.73249636966344,-0.6398821186517355,0.0
121.56830475643342,111.71689981225924,-0.6219988390817224,0.0,122.17904948839191,113.80869595346977,-0.8923951215537181,0.0,122.51485258048639,113.8391842503157,-1.3036859889369865,0.0,122.26405223853028,114.23171866331899,-1.4048389408884439,0.0
121.9189428265179,111.04252359777638,0.8489177607248704,0.0,121.56830475643342,111.71689981225924,-0.6219988390817224,0.0,122.17904948839191,113.80869595346977,-0.8923951215537181,0.0,122.51485258048639,113.8391842503157,-1.3036859889369865,0.0
122.51789850741655,111.452646800102,0.8540342208638502,0.0,121.9189428265179,111.04252359777638,0.8489177607248704,0.0,121.56830475643342,111.71689981225924,-0.6219988390817224,0.0,122.17904948839191,113.80869595346977,-0.8923951215537181,0.0
122.7517300775715,112.80362430527452,0.181200078270075,0.0,122.51789850741655,111.452646800102,0.8540342208638502,0.0,121.9189428265179,111.04252359777638,0.8489177607248704,0.0,121.56830475643342,111.71689981225924,-0.6219988390817224,0.0
123.0850515457944,113.17142557382874,0.0972279390715235,0.0,122.7517300775715,112.80362430527452,0.181200078270075,0.0,122.51789850741655,111.452646800102,0.8540342208638502,0.0,121.9189428265179,111.04252359777638,0.8489177607248704,0.0
122.69406526465886,113.3606241275512,-0.8103408154760071,0.0,123.0850515457944,113.17142557382874,0.0972279390715235,0.0,122.7517300775715,112.80362430527452,0.181200078270075,0.0,122.51789850741655,111.452646800102,0.8540342208638502,0.0
122.24610746235967,113.51670530559178,-0.6885725270291863,0.0,122.69406526465886,113.3606241275512,-0.8103408154760071,0.0,123.0850515457944,113.17142557382874,0.0972279390715235,0.0,122.7517300775715,112.80362430527452,0.181200078270075,0.0
121.78201545752889,112.92839672485925,-0.9673860501237284,0.0,122.24610746235967,113.51670530559178,-0.6885725270291863,0.0,122.69406526465886,113.3606241275512,-0.8103408154760071,0.0,123.0850515457944,113.17142557382874,0.0972279390715235,0.0
121.77177439024135,112.5177948494995,-0.3162137023189019,0.0,121.78201545752889,112.92839672485925,-0.9673860501237284,0.0,122.24610746235967,113.51670530559178,-0.6885725270291863,0.0,122.69406526465886,113.3606241275512,-0.8103408154760071,0.0
121.74235508474881,112.71538058919722,-0.527741099152889,0.0,121.77177439024135,112.5177948494995,-0.3162137023189019,0.0,121.78201545752889,112.92839672485925,-0.9673860501237284,0.0,122.24610746235967,113.51670530559178,-0.6885725270291863,0.0
121.82899822303997,113.36449318057271,-0.4805758372199346,0.0,121.74235508474881,112.71538058919722,-0.527741099152889,0.0,121.77177439024135,112.5177948494995,-0.3162137023189019,0.0,121.78201545752889,112.92839672485925,-0.9673860501237284,0.0
121.80659146202602,111.83916775776416,-0.7022395904781493,0.0,121.82899822303997,113.36449318057271,-0.4805758372199346,0.0,121.74235508474881,112.71538058919722,-0.527741099152889,0.0,121.77177439024135,112.5177948494995,-0.3162137023189019,0.0
121.78731193914837,111.8229473121811,0.30763400354414616,0.0,121.80659146202602,111.83916775776416,-0.7022395904781493,0.0,121.82899822303997,113.36449318057271,-0.4805758372199346,0.0,121.74235508474881,112.71538058919722,-0.527741099152889,0.0
121.49986782590527,110.8326939785471,0.0854858197763611,0.0,121.78731193914837,111.8229473121811,0.30763400354414616,0.0,121.80659146202602,111.83916775776416,-0.7022395904781493,0.0,121.82899822303997,113.36449318057271,-0.4805758372199346,0.0
122.1396732708694,110.62060993261156,0.9846671775606898,0.0,121.49986782590527,110.8326939785471,0.0854858197763611,0.0,121.78731193914837,111.8229473121811,0.30763400354414616,0.0,121.80659146202602,111.83916775776416,-0.7022395904781493,0.0
122.16913155839033,111.61732178854089,1.1948096231076852,0.0,122.1396732708694,110.62060993261156,0.9846671775606898,0.0,121.49986782590527,110.8326939785471,0.0854858197763611,0.0,121.78731193914837,111.8229473121811,0.30763400354414616,0.0
122.07687338265286,111.42419793833542,1.1968810621538413,0.0,122.16913155839033,111.61732178854089,1.1948096231076852,0.0,122.1396732708694,110.62060993261156,0.9846671775606898,0.0,121.49986782590527,110.8326939785471,0.0854858197763611,0.0
121.8179906901435,109.39586778708386,1.1418714233818328,0.0,122.07687338265286,111.42419793833542,1.1968810621538413,0.0,122.16913155839033,111.61732178854089,1.1948096231076852,0.0,122.1396732708694,110.62060993261156,0.9846671775606898,0.0
121.32164660462678,109.33578784584964,1.110395787813592,0.0,121.8179906901435,109.39586778708386,1.1418714233818328,0.0,122.07687338265286,111.42419793833542,1.1968810621538413,0.0,122.16913155839033,111.61732178854089,1.1948096231076852,0.0
122.10165279444934,112.19293171053528,-0.0755196594219314,0.0,121.32164660462678,109.33578784584964,1.110395787813592,0.0,121.8179906901435,109.39586778708386,1.1418714233818328,0.0,122.07687338265286,111.42419793833542,1.1968810621538413,0.0
122.33817432957636,112.4093452009806,-0.19985742461292338,0.0,122.10165279444934,112.19293171053528,-0.0755196594219314,0.0,121.32164660462678,109.33578784584964,1.110395787813592,0.0,121.8179906901435,109.39586778708386,1.1418714233818328,0.0
121.48185146152144,111.53458161709321,0.2626930459018221,0.0,122.33817432957636,112.4093452009806,-0.19985742461292338,0.0,122.10165279444934,112.19293171053528,-0.0755196594219314,0.0,121.32164660462678,109.33578784584964,1.110395787813592,0.0
121.98775850445354,111.58587630236894,0.1857058449844049,0.0,121.48185146152144,111.53458161709321,0.2626930459018221,0.0,122.33817432957636,112.4093452009806,-0.19985742461292338,0.0,122.10165279444934,112.19293171053528,-0.0755196594219314,0.0
122.38649174170536,113.2991129394808,-0.5540302474142635,0.0,121.98775850445354,111.58587630236894,0.1857058449844049,0.0,121.48185146152144,111.53458161709321,0.2626930459018221,0.0,122.33817432957636,112.4093452009806,-0.19985742461292338,0.0
122.282953608806,113.76855691417532,-0.4694264232201456,0.0,122.38649174170536,113.2991129394808,-0.5540302474142635,0.0,121.98775850445354,111.58587630236894,0.1857058449844049,0.0,121.48185146152144,111.53458161709321,0.2626930459018221,0.0
122.96781430593856,113.15208057964247,0.47651161955162913,0.0,122.282953608806,113.76855691417532,-0.4694264232201456,0.0,122.38649174170536,113.2991129394808,-0.5540302474142635,0.0,121.98775850445354,111.58587630236894,0.1857058449844049,0.0
122.88892508778952,111.87372356045557,1.0046551534086632,0.0,122.96781430593856,113.15208057964247,0.47651161955162913,0.0,122.282953608806,113.76855691417532,-0.4694264232201456,0.0,122.38649174170536,113.2991129394808,-0.5540302474142635,0.0
122.01246450597299,111.80527600568038,0.7727221180439148,0.0,122.88892508778952,111.87372356045557,1.0046551534086632,0.0,122.96781430593856,113.15208057964247,0.47651161955162913,0.0,122.282953608806,113.76855691417532,-0.4694264232201456,0.0
122.23387550983611,111.17361190932871,1.093902332964175,0.0,122.01246450597299,111.80527600568038,0.7727221180439148,0.0,122.88892508778952,111.87372356045557,1.0046551534086632,0.0,122.96781430593856,113.15208057964247,0.47651161955162913,0.0
122.30216757195124,112.14762973548036,0.6918683561873141,0.0,122.23387550983611,111.17361190932871,1.093902332964175,0.0,122.01246450597299,111.80527600568038,0.7727221180439148,0.0,122.88892508778952,111.87372356045557,1.0046551534086632,0.0
121.91009974255829,112.59971781227279,-0.29844110846350813,0.0,122.30216757195124,112.14762973548036,0.6918683561873141,0.0,122.23387550983611,111.17361190932871,1.093902332964175,0.0,122.01246450597299,111.80527600568038,0.7727221180439148,0.0
122.19156100105133,112.46596422868032,-0.7009858808355838,0.0,121.91009974255829,112.59971781227279,-0.29844110846350813,0.0,122.30216757195124,112.14762973548036,0.6918683561873141,0.0,122.23387550983611,111.17361190932871,1.093902332964175,0.0
121.36822472896755,111.02382877556184,0.22065567958563181,0.0,122.19156100105133,112.46596422868032,-0.7009858808355838,0.0,121.91009974255829,112.59971781227279,-0.29844110846350813,0.0,122.30216757195124,112.14762973548036,0.6918683561873141,0.0
121.99199808238123,111.95730229028402,0.03952800275385335,0.0,121.36822472896755,111.02382877556184,0.22065567958563181,0.0,122.19156100105133,112.46596422868032,-0.7009858808355838,0.0,121.91009974255829,112.59971781227279,-0.29844110846350813,0.0
121.59238879433792,111.242976395287,-0.09006958748442637,0.0,121.99199808238123,111.95730229028402,0.03952800275385335,0.0,121.36822472896755,111.02382877556184,0.22065567958563181,0.0,122.19156100105133,112.46596422868032,-0.7009858808355838,0.0
121.22128995175169,111.202960423203,-0.22197476812498138,0.0,121.59238879433792,111.242976395287,-0.09006958748442637,0.0,121.99199808238123,111.95730229028402,0.03952800275385335,0.0,121.36822472896755,111.02382877556184,0.22065567958563181,0.0
121.42381722051735,109.92604709460517,0.7744884802865184,0.0,121.22128995175169,111.202960423203,-0.22197476812498138,0.0,121.59238879433792,111.242976395287,-0.09006958748442637,0.0,121.99199808238123,111.95730229028402,0.03952800275385335,0.0
121.82444978187937,110.6218091711267,1.4325702419102464,0.0,121.42381722051735,109.92604709460517,0.7744884802865184,0.0,121.22128995175169,111.202960423203,-0.22197476812498138,0.0,121.59238879433792,111.242976395287,-0.09006958748442637,0.0
122.04147933176158,110.00085051077306,2.255446310252264,0.0,121.82444978187937,110.6218091711267,1.4325702419102464,0.0,121.42381722051735,109.92604709460517,0.7744884802865184,0.0,121.22128995175169,111.202960423203,-0.22197476812498138,0.0
121.72911226001276,110.65483245020664,1.7248344430017855,0.0,122.04147933176158,110.00085051077306,2.255446310252264,0.0,121.82444978187937,110.6218091711267,1.4325702419102464,0.0,121.42381722051735,109.92604709460517,0.7744884802865184,0.0
121.61514727087494,110.3019578307862,1.527679798774976,0.0,121.72911226001276,110.65483245020664,1.7248344430017855,0.0,122.04147933176158,110.00085051077306,2.255446310252264,0.0,121.82444978187937,110.6218091711267,1.4325702419102464,0.0
121.21229239865168,110.26608488719089,0.46382256430958524,0.0,121.61514727087494,110.3019578307862,1.527679798774976,0.0,121.72911226001276,110.65483245020664,1.7248344430017855,0.0,122.04147933176158,110.00085051077306,2.255446310252264,0.0
121.37663801489363,109.61711906425575,1.1095252645068054,0.0,121.21229239865168,110.26608488719089,0.46382256430958524,0.0,121.61514727087494,110.3019578307862,1.527679798774976,0.0,121.72911226001276,110.65483245020664,1.7248344430017855,0.0
122.07430016206771,111.29041714205289,0.30373043597147686,0.0,121.37663801489363,109.61711906425575,1.1095252645068054,0.0,121.21229239865168,110.26608488719089,0.46382256430958524,0.0,121.61514727087494,110.3019578307862,1.527679798774976,0.0
122.02859282923944,112.57431663185565,0.35137213065849604,0.0,122.07430016206771,111.29041714205289,0.30373043597147686,0.0,121.37663801489363,109.61711906425575,1.1095252645068054,0.0,121.21229239865168,110.26608488719089,0.46382256430958524,0.0
122.44407842202222,112.17005937498146,-0.2675535592896252,0.0,122.02859282923944,112.57431663185565,0.35137213065849604,0.0,122.07430016206771,111.29041714205289,0.30373043597147686,0.0,121.37663801489363,109.61711906425575,1.1095252645068054,0.0
122.96340631224668,114.39114188468375,-0.5084762608010482,0.0,122.44407842202222,112.17005937498146,-0.2675535592896252,0.0,122.02859282923944,112.57431663185565,0.35137213065849604,0.0,122.07430016206771,111.29041714205289,0.30373043597147686,0.0
122.43609344016535,112.81244700226986,-0.8254122241656887,0.0,122.96340631224668,114.39114188468375,-0.5084762608010482,0.0,122.44407842202222,112.17005937498146,-0.2675535592896252,0.0,122.02859282923944,112.57431663185565,0.35137213065849604,0.0
122.18874299233981,113.33690266529578,-0.96426740967046,0.0,122.43609344016535,112.81244700226986,-0.8254122241656887,0.0,122.96340631224668,114.39114188468375,-0.5084762608010482,0.0,122.44407842202222,112.17005937498146,-0.2675535592896252,0.0
123.14486227931991,113.83457090166382,-1.0409752793108573,0.0,122.18874299233981,113.33690266529578,-0.96426740967046,0.0,122.43609344016535,112.81244700226986,-0.8254122241656887,0.0,122.96340631224668,114.39114188468375,-0.5084762608010482,0.0
123.47562341876477,115.24876221362328,-1.1069146209112244,0.0,123.14486227931991,113.83457090166382,-1.0409752793108573,0.0,122.18874299233981,113.33690266529578,-0.96426740967046,0.0,122.43609344016535,112.81244700226986,-0.8254122241656887,0.0
122.33345945322033,112.21674037770606,-0.468864740838826,0.0,123.47562341876477,115.24876221362328,-1.1069146209112244,0.0,123.14486227931991,113.83457090166382,-1.0409752793108573,0.0,122.18874299233981,113.33690266529578,-0.96426740967046,0.0
122.35937256428,114.01938312653476,-0.9275231892023209,0.0,122.33345945322033,112.21674037770606,-0.468864740838826,0.0,123.47562341876477,115.24876221362328,-1.1069146209112244,0.0,123.14486227931991,113.83457090166382,-1.0409752793108573,0.0
122.22807550755218,113.19405080083368,-0.6317478378549234,0.0,122.35937256428,114.01938312653476,-0.9275231892023209,0.0,122.33345945322033,112.21674037770606,-0.468864740838826,0.0,123.47562341876477,115.24876221362328,-1.1069146209112244,0.0
122.54848920101936,112.94395520903507,0.10358130586884051,0.0,122.22807550755218,113.19405080083368,-0.6317478378549234,0.0,122.35937256428,114.01938312653476,-0.9275231892023209,0.0,122.33345945322033,112.21674037770606,-0.468864740838826,0.0
122.01310304654696,113.06397861051983,-0.1737331375616256,0.0,122.54848920101936,112.94395520903507,0.10358130586884051,0.0,122.22807550755218,113.19405080083368,-0.6317478378549234,0.0,122.35937256428,114.01938312653476,-0.9275231892023209,0.0
121.58870870727219,112.03939087890106,-0.4979459554231014,0.0,122.01310304654696,113.06397861051983,-0.1737331375616256,0.0,122.54848920101936,112.94395520903507,0.10358130586884051,0.0,122.22807550755218,113.19405080083368,-0.6317478378549234,0.0
121.38324084025757,110.99381535826768,-0.5136190769286065,0.0,121.58870870727219,112.03939087890106,-0.4979459554231014,0.0,122.01310304654696,113.06397861051983,-0.1737331375616256,0.0,122.54848920101936,112.94395520903507,0.10358130586884051,0.0
121.3297613302826,109.8173413764851,0.17896734263746983,0.0,121.38324084025757,110.99381535826768,-0.5136190769286065,0.0,121.58870870727219,112.03939087890106,-0.4979459554231014,0.0,122.01310304654696,113.06397861051983,-0.1737331375616256,0.0
121.89134421598769,111.60253863285789,0.24022768958665472,0.0,121.3297613302826,109.8173413764851,0.17896734263746983,0.0,121.38324084025757,110.99381535826768,-0.5136190769286065,0.0,121.58870870727219,112.03939087890106,-0.4979459554231014,0.0
121.37782911267684,110.89291347077756,-0.07342499563447547,0.0,121.89134421598769,111.60253863285789,0.24022768958665472,0.0,121.3297613302826,109.8173413764851,0.17896734263746983,0.0,121.38324084025757,110.99381535826768,-0.5136190769286065,0.0
121.24373202148988,110.94448637343913,0.1831983290864395,0.0,121.37782911267684,110.89291347077756,-0.07342499563447547,0.0,121.89134421598769,111.60253863285789,0.24022768958665472,0.0,121.3297613302826,109.8173413764851,0.17896734263746983,0.0
120.56449726783612,110.71964308210107,-0.4045874116490601,0.0,121.24373202148988,110.94448637343913,0.1831983290864395,0.0,121.37782911267684,110.89291347077756,-0.07342499563447547,0.0,121.89134421598769,111.60253863285789,0.24022768958665472,0.0
121.37852714380192,111.53259164346332,0.017009825902225884,0.0,120.56449726783612,110.71964308210107,-0.4045874116490601,0.0,121.24373202148988,110.94448637343913,0.1831983290864395,0.0,121.37782911267684,110.89291347077756,-0.07342499563447547,0.0
122.14677072725839,111.83132074997442,0.21791151457266453,0.0,121.37852714380192,111.53259164346332,0.017009825902225884,0.0,120.56449726783612,110.71964308210107,-0.4045874116490601,0.0,121.24373202148988,110.94448637343913,0.1831983290864395,0.0
121.96984579313755,111.68068146474565,0.020424976088689595,0.0,122.14677072725839,111.83132074997442,0.21791151457266453,0.0,121.37852714380192,111.53259164346332,0.017009825902225884,0.0,120.56449726783612,110.71964308210107,-0.4045874116490601,0.0
121.80218363139419,112.49436641418504,-0.40295291835266384,0.0,121.96984579313755,111.68068146474565,0.020424976088689595,0.0,122.14677072725839,111.83132074997442,0.21791151457266453,0.0,121.37852714380192,111.53259164346332,0.017009825902225884,0.0
122.0267955799698,112.83124552574014,-0.7657027958238598,0.0,121.80218363139419,112.49436641418504,-0.40295291835266384,0.0,121.96984579313755,111.68068146474565,0.020424976088689595,0.0,122.14677072725839,111.83132074997442,0.21791151457266453,0.0
122.70472289168164,113.07909151966652,-0.3451535684861328,0.0,122.0267955799698,112.83124552574014,-0.7657027958238598,0.0,121.80218363139419,112.49436641418504,-0.40295291835266384,0.0,121.96984579313755,111.68068146474565,0.020424976088689595,0.0
122.76729727607936,112.01572822095847,0.3383673964556247,0.0,122.70472289168164,113.07909151966652,-0.3451535684861328,0.0,122.0267955799698,112.83124552574014,-0.7657027958238598,0.0,121.80218363139419,112.49436641418504,-0.40295291835266384,0.0
122.22477909287404,112.80575513503777,-0.04795995634989764,0.0,122.76729727607936,112.01572822095847,0.3383673964556247,0.0,122.70472289168164,113.07909151966652,-0.3451535684861328,0.0,122.0267955799698,112.83124552574014,-0.7657027958238598,0.0
121.40825209754821,111.24319781515624,0.19082538669582402,0.0,122.22477909287404,112.80575513503777,-0.04795995634989764,0.0,122.76729727607936,112.01572822095847,0.3383673964556247,0.0,122.70472289168164,113.07909151966652,-0.3451535684861328,0.0
121.02123430803422,110.95608477345226,-0.8908531999443752,0.0,121.40825209754821,111.24319781515624,0.19082538669582402,0.0,122.22477909287404,112.80575513503777,-0.04795995634989764,0.0,122.76729727607936,112.01572822095847,0.3383673964556247,0.0
121.26899914679436,111.69196049578551,-1.0049914252841,0.0,121.02123430803422,110.95608477345226,-0.8908531999443752,0.0,121.40825209754821,111.24319781515624,0.19082538669582402,0.0,122.22477909287404,112.80575513503777,-0.04795995634989764,0.0
121.12408466830874,111.2690177505271,-0.8195226066627309,0.0,121.26899914679436,111.69196049578551,-1.0049914252841,0.0,121.02123430803422,110.95608477345226,-0.8908531999443752,0.0,121.40825209754821,111.24319781515624,0.19082538669582402,0.0
121.37318037519597,112.47142424892806,-1.1104597938211016,0.0,121.12408466830874,111.2690177505271,-0.8195226066627309,0.0,121.26899914679436,111.69196049578551,-1.0049914252841,0.0,121.02123430803422,110.95608477345226,-0.8908531999443752,0.0
121.20216779048404,112.39829003109267,-1.3566210224516793,0.0,121.37318037519597,112.47142424892806,-1.1104597938211016,0.0,121.12408466830874,111.2690177505271,-0.8195226066627309,0.0,121.26899914679436,111.69196049578551,-1.0049914252841,0.0
120.84453103914079,111.76259955198512,-1.4191865961957864,0.0,121.20216779048404,112.39829003109267,-1.3566210224516793,0.0,121.37318037519597,112.47142424892806,-1.1104597938211016,0.0,121.12408466830874,111.2690177505271,-0.8195226066627309,0.0
120.54919310303305,110.75831825106104,-0.9892529127934425,0.0,120.84453103914079,111.76259955198512,-1.4191865961957864,0.0,121.20216779048404,112.39829003109267,-1.3566210224516793,0.0,121.37318037519597,112.47142424892806,-1.1104597938211016,0.0
121.54998887839912,113.4108571742785,-0.8850668394379414,0.0,120.54919310303305,110.75831825106104,-0.9892529127934425,0.0,120.84453103914079,111.76259955198512,-1.4191865961957864,0.0,121.20216779048404,112.39829003109267,-1.3566210224516793,0.0
121.96213380021356,114.4470235419513,-1.8271690882128393,0.0,121.54998887839912,113.4108571742785,-0.8850668394379414,0.0,120.54919310303305,110.75831825106104,-0.9892529127934425,0.0,120.84453103914079,111.76259955198512,-1.4191865961957864,0.0
122.70628366788144,114.5736469640679,-2.5220853468878044,0.0,121.96213380021356,114.4470235419513,-1.8271690882128393,0.0,121.54998887839912,113.4108571742785,-0.8850668394379414,0.0,120.54919310303305,110.75831825106104,-0.9892529127934425,0.0
122.67811914996815,115.13766469429137,-2.3211008664388313,0.0,122.70628366788144,114.5736469640679,-2.5220853468878044,0.0,121.96213380021356,114.4470235419513,-1.8271690882128393,0.0,121.54998887839912,113.4108571742785,-0.8850668394379414,0.0
122.21838545326614,114.18228324801947,-1.628037400124289,0.0,122.67811914996815,115.13766469429137,-2.3211008664388313,0.0,122.70628366788144,114.5736469640679,-2.5220853468878044,0.0,121.96213380021356,114.4470235419513,-1.8271690882128393,0.0
122.63925303058085,115.94251586554071,-2.6761823414620487,0.0,122.21838545326614,114.18228324801947,-1.628037400124289,0.0,122.67811914996815,115.13766469429137,-2.3211008664388313,0.0,122.70628366788144,114.5736469640679,-2.5220853468878044,0.0
122.34424043636471,115.01255974838227,-2.3908109612454544,0.0,122.63925303058085,115.94251586554071,-2.6761823414620487,0.0,122.21838545326614,114.18228324801947,-1.628037400124289,0.0,122.67811914996815,115.13766469429137,-2.3211008664388313,0.0
122.23044320694153,115.10740054590849,-2.1757726972550744,0.0,122.34424043636471,115.01255974838227,-2.3908109612454544,0.0,122.63925303058085,115.94251586554071,-2.6761823414620487,0.0,122.21838545326614,114.18228324801947,-1.628037400124289,0.0
122.15514025657028,112.15604238890387,-1.0464492686998357,0.0,122.23044320694153,115.10740054590849,-2.1757726972550744,0.0,122.34424043636471,115.01255974838227,-2.3908109612454544,0.0,122.63925303058085,115.94251586554071,-2.6761823414620487,0.0
120.66534826502276,111.70623661182933,-1.0296703208163005,0.0,122.15514025657028,112.15604238890387,-1.0464492686998357,0.0,122.23044320694153,115.10740054590849,-2.1757726972550744,0.0,122.34424043636471,115.01255974838227,-2.3908109612454544,0.0
121.71579549181662,112.37701252698056,-0.6322417642825762,0.0,120.66534826502276,111.70623661182933,-1.0296703208163005,0.0,122.15514025657028,112.15604238890387,-1.0464492686998357,0.0,122.23044320694153,115.10740054590849,-2.1757726972550744,0.0
122.01055432499263,112.15168082879103,-0.4351648413823293,0.0,121.71579549181662,112.37701252698056,-0.6322417642825762,0.0,120.66534826502276,111.70623661182933,-1.0296703208163005,0.0,122.15514025657028,112.15604238890387,-1.0464492686998357,0.0
122.1207074895329,113.0529500179091,-1.4134151130094637,0.0,122.01055432499263,112.15168082879103,-0.4351648413823293,0.0,121.71579549181662,112.37701252698056,-0.6322417642825762,0.0,120.66534826502276,111.70623661182933,-1.0296703208163005,0.0
122.04951784790508,112.32320225171947,-0.7466284820917024,0.0,122.1207074895329,113.0529500179091,-1.4134151130094637,0.0,122.01055432499263,112.15168082879103,-0.4351648413823293,0.0,121.71579549181662,112.37701252698056,-0.6322417642825762,0.0
122.11779858139768,112.0705921423891,-0.48960453294521794,0.0,122.04951784790508,112.32320225171947,-0.7466284820917024,0.0,122.1207074895329,113.0529500179091,-1.4134151130094637,0.0,122.01055432499263,112.15168082879103,-0.4351648413823293,0.0
121.78376266009458,112.2367347420089,-0.1375493065188796,0.0,122.11779858139768,112.0705921423891,-0.48960453294521794,0.0,122.04951784790508,112.32320225171947,-0.7466284820917024,0.0,122.1207074895329,113.0529500179091,-1.4134151130094637,0.0
122.21000676619575,110.50586076067111,1.8530794080030597,0.0,121.78376266009458,112.2367347420089,-0.1375493065188796,0.0,122.11779858139768,112.0705921423891,-0.48960453294521794,0.0,122.04951784790508,112.32320225171947,-0.7466284820917024,0.0
121.57685941426261,110.7519365298883,0.4404070566531537,0.0,122.21000676619575,110.50586076067111,1.8530794080030597,0.0,121.78376266009458,112.2367347420089,-0.1375493065188796,0.0,122.11779858139768,112.0705921423891,-0.48960453294521794,0.0
121.81149592344241,110.86051648405913,1.2146739702030773,0.0,121.57685941426261,110.7519365298883,0.4404070566531537,0.0,122.21000676619575,110.50586076067111,1.8530794080030597,0.0,121.78376266009458,112.2367347420089,-0.1375493065188796,0.0
122.16310150386848,111.33763940341981,0.828015416462284,0.0,121.81149592344241,110.86051648405913,1.2146739702030773,0.0,121.57685941426261,110.7519365298883,0.4404070566531537,0.0,122.21000676619575,110.50586076067111,1.8530794080030597,0.0
122.07754244720239,111.07208377961868,0.806076785371332,0.0,122.16310150386848,111.33763940341981,0.828015416462284,0.0,121.81149592344241,110.86051648405913,1.2146739702030773,0.0,121.57685941426261,110.7519365298883,0.4404070566531537,0.0
122.28400261555953,111.2693047687579,0.6221053056464445,0.0,122.07754244720239,111.07208377961868,0.806076785371332,0.0,122.16310150386848,111.33763940341981,0.828015416462284,0.0,121.81149592344241,110.86051648405913,1.2146739702030773,0.0
121.71559159634492,112.31886599971187,0.2855660778181339,0.0,122.28400261555953,111.2693047687579,0.6221053056464445,0.0,122.07754244720239,111.07208377961868,0.806076785371332,0.0,122.16310150386848,111.33763940341981,0.828015416462284,0.0
121.33771938360184,111.03681016052224,-0.05646360186487223,0.0,121.71559159634492,112.31886599971187,0.2855660778181339,0.0,122.28400261555953,111.2693047687579,0.6221053056464445,0.0,122.07754244720239,111.07208377961868,0.806076785371332,0.0
121.60825727644105,111.60553581907232,0.11958348629460677,0.0,121.33771938360184,111.03681016052224,-0.05646360186487223,0.0,121.71559159634492,112.31886599971187,0.2855660778181339,0.0,122.28400261555953,111.2693047687579,0.6221053056464445,0.0
122.00992484597141,112.31911604983935,-0.6629200593001541,0.0,121.60825727644105,111.60553581907232,0.11958348629460677,0.0,121.33771938360184,111.03681016052224,-0.05646360186487223,0.0,121.71559159634492,112.31886599971187,0.2855660778181339,0.0
121.12588382681066,110.89246444431251,-0.15504646367924052,0.0,122.00992484597141,112.31911604983935,-0.6629200593001541,0.0,121.60825727644105,111.60553581907232,0.11958348629460677,0.0,121.33771938360184,111.03681016052224,-0.05646360186487223,0.0
121.60505574939296,111.13323259221943,-0.33213437338601937,0.0,121.12588382681066,110.89246444431251,-0.15504646367924052,0.0,122.00992484597141,112.31911604983935,-0.6629200593001541,0.0,121.60825727644105,111.60553581907232,0.11958348629460677,0.0
121.43308864962408,111.58710399404251,-0.8307421682289944,0.0,121.60505574939296,111.13323259221943,-0.33213437338601937,0.0,121.12588382681066,110.89246444431251,-0.15504646367924052,0.0,122.00992484597141,112.31911604983935,-0.6629200593001541,0.0
121.46595443755406,111.68226876982999,-0.8896001635811024,0.0,121.43308864962408,111.58710399404251,-0.8307421682289944,0.0,121.60505574939296,111.13323259221943,-0.33213437338601937,0.0,121.12588382681066,110.89246444431251,-0.15504646367924052,0.0
120.98565816201734,110.34692852486782,-0.08310552243359548,0.0,121.46595443755406,111.68226876982999,-0.8896001635811024,0.0,121.43308864962408,111.58710399404251,-0.8307421682289944,0.0,121.60505574939296,111.13323259221943,-0.33213437338601937,0.0
120.8126617010173,111.00112417006434,-0.33415196145498793,0.0,120.98565816201734,110.34692852486782,-0.08310552243359548,0.0,121.46595443755406,111.68226876982999,-0.8896001635811024,0.0,121.43308864962408,111.58710399404251,-0.8307421682289944,0.0
121.55199229785902,111.62399451439975,-0.08809476005918024,0.0,120.8126617010173,111.00112417006434,-0.33415196145498793,0.0,120.98565816201734,110.34692852486782,-0.08310552243359548,0.0,121.46595443755406,111.68226876982999,-0.8896001635811024,0.0
121.67433167148717,111.67387707580306,-0.43595394590508085,0.0,121.55199229785902,111.62399451439975,-0.08809476005918024,0.0,120.8126617010173,111.00112417006434,-0.33415196145498793,0.0,120.98565816201734,110.34692852486782,-0.08310552243359548,0.0
121.58846480812635,111.19222656417207,0.03019776823774506,0.0,121.67433167148717,111.67387707580306,-0.43595394590508085,0.0,121.55199229785902,111.62399451439975,-0.08809476005918024,0.0,120.8126617010173,111.00112417006434,-0.33415196145498793,0.0
121.64109201758703,111.42871305197082,0.3669120839852981,0.0,121.58846480812635,111.19222656417207,0.03019776823774506,0.0,121.67433167148717,111.67387707580306,-0.43595394590508085,0.0,121.55199229785902,111.62399451439975,-0.08809476005918024,0.0
122.02713506267982,110.60688927443928,1.2178340838364443,0.0,121.64109201758703,111.42871305197082,0.3669120839852981,0.0,121.58846480812635,111.19222656417207,0.03019776823774506,0.0,121.67433167148717,111.67387707580306,-0.43595394590508085,0.0
122.27181157263989,111.4028745117127,0.8864852943195477,0.0,122.02713506267982,110.60688927443928,1.2178340838364443,0.0,121.64109201758703,111.42871305197082,0.3669120839852981,0.0,121.58846480812635,111.19222656417207,0.03019776823774506,0.0
122.20072687342261,111.58417768981806,1.0435156378345916,0.0,122.27181157263989,111.4028745117127,0.8864852943195477,0.0,122.02713506267982,110.60688927443928,1.2178340838364443,0.0,121.64109201758703,111.42871305197082,0.3669120839852981,0.0
122.74620465402161,111.2171280032963,0.8838462800371456,0.0,122.20072687342261,111.58417768981806,1.0435156378345916,0.0,122.27181157263989,111.4028745117127,0.8864852943195477,0.0,122.02713506267982,110.60688927443928,1.2178340838364443,0.0
123.09650063664947,111.71388810042322,1.3550129149612236,0.0,122.74620465402161,111.2171280032963,0.8838462800371456,0.0,122.20072687342261,111.58417768981806,1.0435156378345916,0.0,122.27181157263989,111.4028745117127,0.8864852943195477,0.0
123.11555613070044,111.36660786368643,0.7245941381646137,0.0,123.09650063664947,111.71388810042322,1.3550129149612236,0.0,122.74620465402161,111.2171280032963,0.8838462800371456,0.0,122.20072687342261,111.58417768981806,1.0435156378345916,0.0
122.88259275010373,112.74316091823331,0.9521779669703315,0.0,123.11555613070044,111.36660786368643,0.7245941381646137,0.0,123.09650063664947,111.71388810042322,1.3550129149612236,0.0,122.74620465402161,111.2171280032963,0.8838462800371456,0.0
123.00384282342627,112.61783848433004,0.6643937255179244,0.0,122.88259275010373,112.74316091823331,0.9521779669703315,0.0,123.11555613070044,111.36660786368643,0.7245941381646137,0.0,123.09650063664947,111.71388810042322,1.3550129149612236,0.0
122.9390428430018,112.42330253279627,0.49942089186009064,0.0,123.00384282342627,112.61783848433004,0.6643937255179244,0.0,122.88259275010373,112.74316091823331,0.9521779669703315,0.0,123.11555613070044,111.36660786368643,0.7245941381646137,0.0
123.26889474812454,112.25479124359782,0.4454129557122589,0.0,122.9390428430018,112.42330253279627,0.49942089186009064,0.0,123.00384282342627,112.61783848433004,0.6643937255179244,0.0,122.88259275010373,112.74316091823331,0.9521779669703315,0.0
123.42762452316477,112.7454392740805,0.48245056278314585,0.0,123.26889474812454,112.25479124359782,0.4454129557122589,0.0,122.9390428430018,112.42330253279627,0.49942089186009064,0.0,123.00384282342627,112.61783848433004,0.6643937255179244,0.0
122.62583503153405,112.14275272577814,0.32784592866553763,0.0,123.42762452316477,112.7454392740805,0.48245056278314585,0.0,123.26889474812454,112.25479124359782,0.4454129557122589,0.0,122.9390428430018,112.42330253279627,0.49942089186009064,0.0
121.95046334454138,112.14446190630076,0.3696333345176933,0.0,122.62583503153405,112.14275272577814,0.32784592866553763,0.0,123.42762452316477,112.7454392740805,0.48245056278314585,0.0,123.26889474812454,112.25479124359782,0.4454129557122589,0.0
121.65243871744771,111.14614371966721,1.0847656963952468,0.0,121.95046334454138,112.14446190630076,0.3696333345176933,0.0,122.62583503153405,112.14275272577814,0.32784592866553763,0.0,123.42762452316477,112.7454392740805,0.48245056278314585,0.0
122.27248552904292,110.75069579897416,1.3605373999238066,0.0,121.65243871744771,111.14614371966721,1.0847656963952468,0.0,121.95046334454138,112.14446190630076,0.3696333345176933,0.0,122.62583503153405,112.14275272577814,0.32784592866553763,0.0
121.49703012934536,110.65607591006705,1.5230072161874935,0.0,122.27248552904292,110.75069579897416,1.3605373999238066,0.0,121.65243871744771,111.14614371966721,1.0847656963952468,0.0,121.95046334454138,112.14446190630076,0.3696333345176933,0.0
121.83927395692378,111.1145768221304,0.9906360099380596,0.0,121.49703012934536,110.65607591006705,1.5230072161874935,0.0,122.27248552904292,110.75069579897416,1.3605373999238066,0.0,121.65243871744771,111.14614371966721,1.0847656963952468,0.0
122.07867434667092,111.4803272882917,0.3478883938362855,0.0,121.83927395692378,111.1145768221304,0.9906360099380596,0.0,121.49703012934536,110.65607591006705,1.5230072161874935,0.0,122.27248552904292,110.75069579897416,1.3605373999238066,0.0
122.62619376150697,112.36139490345747,0.7559609941879049,0.0,122.07867434667092,111.4803272882917,0.3478883938362855,0.0,121.83927395692378,111.1145768221304,0.9906360099380596,0.0,121.49703012934536,110.65607591006705,1.5230072161874935,0.0
122.65085510778792,110.80538493499176,1.042792191615221,0.0,122.62619376150697,112.36139490345747,0.7559609941879049,0.0,122.07867434667092,111.4803272882917,0.3478883938362855,0.0,121.83927395692378,111.1145768221304,0.9906360099380596,0.0
121.96019643247878,109.77765916919213,1.570569091167668,0.0,122.65085510778792,110.80538493499176,1.042792191615221,0.0,122.62619376150697,112.36139490345747,0.7559609941879049,0.0,122.07867434667092,111.4803272882917,0.3478883938362855,0.0
121.52087372733143,111.35211876655103,0.9544649599495197,0.0,121.96019643247878,109.77765916919213,1.570569091167668,0.0,122.65085510778792,110.80538493499176,1.042792191615221,0.0,122.62619376150697,112.36139490345747,0.7559609941879049,0.0
121.08079221128635,110.89818019259789,0.6487976402794422,0.0,121.52087372733143,111.35211876655103,0.9544649599495197,0.0,121.96019643247878,109.77765916919213,1.570569091167668,0.0,122.65085510778792,110.80538493499176,1.042792191615221,0.0
120.97474491076018,112.4183375020468,-0.3007039690391633,0.0,121.08079221128635,110.89818019259789,0.6487976402794422,0.0,121.52087372733143,111.35211876655103,0.9544649599495197,0.0,121.96019643247878,109.77765916919213,1.570569091167668,0.0
121.09232421373275,111.92041862326863,-0.43679872826176713,0.0,120.97474491076018,112.4183375020468,-0.3007039690391633,0.0,121.08079221128635,110.89818019259789,0.6487976402794422,0.0,121.52087372733143,111.35211876655103,0.9544649599495197,0.0
120.77880060326096,110.24676009229447,0.14884627268030987,0.0,121.09232421373275,111.92041862326863,-0.43679872826176713,0.0,120.97474491076018,112.4183375020468,-0.3007039690391633,0.0,121.08079221128635,110.89818019259789,0.6487976402794422,0.0
121.75458625790911,112.0757044005164,-0.11417067146985108,0.0,120.77880060326096,110.24676009229447,0.14884627268030987,0.0,121.09232421373275,111.92041862326863,-0.43679872826176713,0.0,120.97474491076018,112.4183375020468,-0.3007039690391633,0.0
121.20380325663115,110.74450127439866,0.22890336042453102,0.0,121.75458625790911,112.0757044005164,-0.11417067146985108,0.0,120.77880060326096,110.24676009229447,0.14884627268030987,0.0,121.09232421373275,111.92041862326863,-0.43679872826176713,0.0
122.00231382480585,112.675609848606,0.08787113534071916,0.0,121.20380325663115,110.74450127439866,0.22890336042453102,0.0,121.75458625790911,112.0757044005164,-0.11417067146985108,0.0,120.77880060326096,110.24676009229447,0.14884627268030987,0.0
122.59618878861721,111.96487573894294,0.23232542238335563,0.0,122.00231382480585,112.675609848606,0.08787113534071916,0.0,121.20380325663115,110.74450127439866,0.22890336042453102,0.0,121.75458625790911,112.0757044005164,-0.11417067146985108,0.0
122.85030981637146,113.5158497873368,-0.3879853570011491,0.0,122.59618878861721,111.96487573894294,0.23232542238335563,0.0,122.00231382480585,112.675609848606,0.08787113534071916,0.0,121.20380325663115,110.74450127439866,0.22890336042453102,0.0
122.30502820320638,112.56672692284889,-0.26778356078396875,0.0,122.85030981637146,113.5158497873368,-0.3879853570011491,0.0,122.59618878861721,111.96487573894294,0.23232542238335563,0.0,122.00231382480585,112.675609848606,0.08787113534071916,0.0
122.31184418849034,114.06807627326441,-1.7097948340775366,0.0,122.30502820320638,112.56672692284889,-0.26778356078396875,0.0,122.85030981637146,113.5158497873368,-0.3879853570011491,0.0,122.59618878861721,111.96487573894294,0.23232542238335563,0.0
121.52946368921667,113.62652189600584,-1.4612839463430218,0.0,122.31184418849034,114.06807627326441,-1.7097948340775366,0.0,122.30502820320638,112.56672692284889,-0.26778356078396875,0.0,122.85030981637146,113.5158497873368,-0.3879853570011491,0.0
121.9533182587144,114.5141242035163,-1.9842637789319877,0.0,121.52946368921667,113.62652189600584,-1.4612839463430218,0.0,122.31184418849034,114.06807627326441,-1.7097948340775366,0.0,122.30502820320638,112.56672692284889,-0.26778356078396875,0.0
121.90536799017607,112.40588452054652,-0.9844137648721822,0.0,121.9533182587144,114.5141242035163,-1.9842637789319877,0.0,121.52946368921667,113.62652189600584,-1.4612839463430218,0.0,122.31184418849034,114.06807627326441,-1.7097948340775366,0.0
121.72349306858028,111.92282432534492,-0.39882733551549027,0.0,121.90536799017607,112.40588452054652,-0.9844137648721822,0.0,121.9533182587144,114.5141242035163,-1.9842637789319877,0.0,121.52946368921667,113.62652189600584,-1.4612839463430218,0.0
121.22751137019377,110.78821322684647,-0.08572637742935174,0.0,121.72349306858028,111.92282432534492,-0.39882733551549027,0.0,121.90536799017607,112.40588452054652,-0.9844137648721822,0.0,121.9533182587144,114.5141242035163,-1.9842637789319877,0.0
120.27235104124752,109.41809991186005,0.6919220116362086,0.0,121.22751137019377,110.78821322684647,-0.08572637742935174,0.0,121.72349306858028,111.92282432534492,-0.39882733551549027,0.0,121.90536799017607,112.40588452054652,-0.9844137648721822,0.0
120.19632298837637,110.04574832207524,0.07907934889654827,0.0,120.27235104124752,109.41809991186005,0.6919220116362086,0.0,121.22751137019377,110.78821322684647,-0.08572637742935174,0.0,121.72349306858028,111.92282432534492,-0.39882733551549027,0.0
121.15919473994727,111.08525497120564,0.9369450780750177,0.0,120.19632298837637,110.04574832207524,0.07907934889654827,0.0,120.27235104124752,109.41809991186005,0.6919220116362086,0.0,121.22751137019377,110.78821322684647,-0.08572637742935174,0.0
121.21901190717229,110.13854341096263,1.2156518445902065,0.0,121.15919473994727,111.08525497120564,0.9369450780750177,0.0,120.19632298837637,110.04574832207524,0.07907934889654827,0.0,120.27235104124752,109.41809991186005,0.6919220116362086,0.0
121.36435493406987,110.52380326220904,0.8542438320626922,0.0,121.21901190717229,110.13854341096263,1.2156518445902065,0.0,121.15919473994727,111.08525497120564,0.9369450780750177,0.0,120.19632298837637,110.04574832207524,0.07907934889654827,0.0
121.93395148887525,109.70619275049734,1.251205139241626,0.0,121.36435493406987,110.52380326220904,0.8542438320626922,0.0,121.21901190717229,110.13854341096263,1.2156518445902065,0.0,121.15919473994727,111.08525497120564,0.9369450780750177,0.0
122.84720039401923,112.05590472278237,0.44781735518748367,0.0,121.93395148887525,109.70619275049734,1.251205139241626,0.0,121.36435493406987,110.52380326220904,0.8542438320626922,0.0,121.21901190717229,110.13854341096263,1.2156518445902065,0.0
123.31044191657169,112.59641452233078,-0.054003196613849835,0.0,122.84720039401923,112.05590472278237,0.44781735518748367,0.0,121.93395148887525,109.70619275049734,1.251205139241626,0.0,121.36435493406987,110.52380326220904,0.8542438320626922,0.0
122.53309486004865,112.58182342601225,-0.34749741891093006,0.0,123.31044191657169,112.59641452233078,-0.054003196613849835,0.0,122.84720039401923,112.05590472278237,0.44781735518748367,0.0,121.93395148887525,109.70619275049734,1.251205139241626,0.0
121.43836541160805,112.33650381424354,-0.5424867891607517,0.0,122.53309486004865,112.58182342601225,-0.34749741891093006,0.0,123.31044191657169,112.59641452233078,-0.054003196613849835,0.0,122.84720039401923,112.05590472278237,0.44781735518748367,0.0
122.65268014438553,113.55638628901931,-0.9622682527087277,0.0,121.43836541160805,112.33650381424354,-0.5424867891607517,0.0,122.53309486004865,112.58182342601225,-0.34749741891093006,0.0,123.31044191657169,112.59641452233078,-0.054003196613849835,0.0
123.57583986577505,113.61600111126225,-0.15827306861931978,0.0,122.65268014438553,113.55638628901931,-0.9622682527087277,0.0,121.43836541160805,112.33650381424354,-0.5424867891607517,0.0,122.53309486004865,112.58182342601225,-0.34749741891093006,0.0
123.25582620841561,113.98144964838133,-0.2560456550803717,0.0,123.57583986577505,113.61600111126225,-0.15827306861931978,0.0,122.65268014438553,113.55638628901931,-0.9622682527087277,0.0,121.43836541160805,112.33650381424354,-0.5424867891607517,0.0
122.34131234050712,112.56209006868946,-0.028584039885857587,0.0,123.25582620841561,113.98144964838133,-0.2560456550803717,0.0,123.57583986577505,113.61600111126225,-0.15827306861931978,0.0,122.65268014438553,113.55638628901931,-0.9622682527087277,0.0
122.69915887500473,113.11008528695885,-0.30804291511552634,0.0,122.34131234050712,112.56209006868946,-0.028584039885857587,0.0,123.25582620841561,113.98144964838133,-0.2560456550803717,0.0,123.57583986577505,113.61600111126225,-0.15827306861931978,0.0
122.46441805113646,112.81834411722056,-1.1567359823666796,0.0,122.69915887500473,113.11008528695885,-0.30804291511552634,0.0,122.34131234050712,112.56209006868946,-0.028584039885857587,0.0,123.25582620841561,113.98144964838133,-0.2560456550803717,0.0
122.21286415322497,114.0435945226181,-0.7903601066976327,0.0,122.46441805113646,112.81834411722056,-1.1567359823666796,0.0,122.69915887500473,113.11008528695885,-0.30804291511552634,0.0,122.34131234050712,112.56209006868946,-0.028584039885857587,0.0
122.54118611999719,113.52669248270715,-1.5884155730679947,0.0,122.21286415322497,114.0435945226181,-0.7903601066976327,0.0,122.46441805113646,112.81834411722056,-1.1567359823666796,0.0,122.69915887500473,113.11008528695885,-0.30804291511552634,0.0
122.48710848998627,114.26055558896311,-1.3050494814971303,0.0,122.54118611999719,113.52669248270715,-1.5884155730679947,0.0,122.21286415322497,114.0435945226181,-0.7903601066976327,0.0,122.46441805113646,112.81834411722056,-1.1567359823666796,0.0
121.69149285863723,114.10572955688613,-1.7281971046141096,0.0,122.48710848998627,114.26055558896311,-1.3050494814971303,0.0,122.54118611999719,113.52669248270715,-1.5884155730679947,0.0,122.21286415322497,114.0435945226181,-0.7903601066976327,0.0
121.61988179849142,111.41883041754807,-0.38891968407588384,0.0,121.69149285863723,114.10572955688613,-1.7281971046141096,0.0,122.48710848998627,114.26055558896311,-1.3050494814971303,0.0,122.54118611999719,113.52669248270715,-1.5884155730679947,0.0
122.04953012909144,111.53903548064758,0.14454561382665376,0.0,121.61988179849142,111.41883041754807,-0.38891968407588384,0.0,121.69149285863723,114.10572955688613,-1.7281971046141096,0.0,122.48710848998627,114.26055558896311,-1.3050494814971303,0.0
122.31860842987624,111.52283569198858,0.16851338669706323,0.0,122.04953012909144,111.53903548064758,0.14454561382665376,0.0,121.61988179849142,111.41883041754807,-0.38891968407588384,0.0,121.69149285863723,114.10572955688613,-1.7281971046141096,0.0
122.42309122112202,111.25607619916423,0.7666640481849849,0.0,122.31860842987624,111.52283569198858,0.16851338669706323,0.0,122.04953012909144,111.53903548064758,0.14454561382665376,0.0,121.61988179849142,111.41883041754807,-0.38891968407588384,0.0
122.82494213492357,111.60484638423978,0.19017324981512007,0.0,122.42309122112202,111.25607619916423,0.7666640481849849,0.0,122.31860842987624,111.52283569198858,0.16851338669706323,0.0,122.04953012909144,111.53903548064758,0.14454561382665376,0.0
122.48976878515542,111.78652857749606,0.42387828918714254,0.0,122.82494213492357,111.60484638423978,0.19017324981512007,0.0,122.42309122112202,111.25607619916423,0.7666640481849849,0.0,122.31860842987624,111.52283569198858,0.16851338669706323,0.0
122.47541749880119,112.1146483386537,0.4390078482090708,0.0,122.48976878515542,111.78652857749606,0.42387828918714254,0.0,122.82494213492357,111.60484638423978,0.19017324981512007,0.0,122.42309122112202,111.25607619916423,0.7666640481849849,0.0
120.78597945175896,110.13129994386418,0.4832163192340917,0.0,122.47541749880119,112.1146483386537,0.4390078482090708,0.0,122.48976878515542,111.78652857749606,0.42387828918714254,0.0,122.82494213492357,111.60484638423978,0.19017324981512007,0.0
120.93922160282519,109.29473723321155,1.0227498054406574,0.0,120.78597945175896,110.13129994386418,0.4832163192340917,0.0,122.47541749880119,112.1146483386537,0.4390078482090708,0.0,122.48976878515542,111.78652857749606,0.42387828918714254,0.0
121.59339680781294,110.79863857470053,1.184445895742427,0.0,120.93922160282519,109.29473723321155,1.0227498054406574,0.0,120.78597945175896,110.13129994386418,0.4832163192340917,0.0,122.47541749880119,112.1146483386537,0.4390078482090708,0.0
121.54077992907506,110.77480567233431,1.0919185480064533,0.0,121.59339680781294,110.79863857470053,1.184445895742427,0.0,120.93922160282519,109.29473723321155,1.0227498054406574,0.0,120.78597945175896,110.13129994386418,0.4832163192340917,0.0
121.42294362195344,111.53133250896138,0.04609112029101459,0.0,121.54077992907506,110.77480567233431,1.0919185480064533,0.0,121.59339680781294,110.79863857470053,1.184445895742427,0.0,120.93922160282519,109.29473723321155,1.0227498054406574,0.0
120.99319651346272,112.48863816425231,-0.4431502514069202,0.0,121.42294362195344,111.53133250896138,0.04609112029101459,0.0,121.54077992907506,110.77480567233431,1.0919185480064533,0.0,121.59339680781294,110.79863857470053,1.184445895742427,0.0
121.6941889370943,112.04102440080894,-0.4158746679233982,0.0,120.99319651346272,112.48863816425231,-0.4431502514069202,0.0,121.42294362195344,111.53133250896138,0.04609112029101459,0.0,121.54077992907506,110.77480567233431,1.0919185480064533,0.0
121.96964656332088,113.19872446249678,-0.28601354720039296,0.0,121.6941889370943,112.04102440080894,-0.4158746679233982,0.0,120.99319651346272,112.48863816425231,-0.4431502514069202,0.0,121.42294362195344,111.53133250896138,0.04609112029101459,0.0
122.33338609274924,113.1007691363802,-0.7939127000972763,0.0,121.96964656332088,113.19872446249678,-0.28601354720039296,0.0,121.6941889370943,112.04102440080894,-0.4158746679233982,0.0,120.99319651346272,112.48863816425231,-0.4431502514069202,0.0
121.47978052000896,110.47642746422991,0.5707081777113895,0.0,122.33338609274924,113.1007691363802,-0.7939127000972763,0.0,121.96964656332088,113.19872446249678,-0.28601354720039296,0.0,121.6941889370943,112.04102440080894,-0.4158746679233982,0.0
121.57372920128387,110.59740386180985,1.214763569795898,0.0,121.47978052000896,110.47642746422991,0.5707081777113895,0.0,122.33338609274924,113.1007691363802,-0.7939127000972763,0.0,121.96964656332088,113.19872446249678,-0.28601354720039296,0.0
121.64238024257945,109.53095229145308,1.2728700160329602,0.0,121.57372920128387,110.59740386180985,1.214763569795898,0.0,121.47978052000896,110.47642746422991,0.5707081777113895,0.0,122.33338609274924,113.1007691363802,-0.7939127000972763,0.0
121.60935384804975,111.2852898542908,1.0543144434682405,0.0,121.64238024257945,109.53095229145308,1.2728700160329602,0.0,121.57372920128387,110.59740386180985,1.214763569795898,0.0,121.47978052000896,110.47642746422991,0.5707081777113895,0.0
121.47249350201221,110.13951609137229,0.7373470698240165,0.0,121.60935384804975,111.2852898542908,1.0543144434682405,0.0,121.64238024257945,109.53095229145308,1.2728700160329602,0.0,121.57372920128387,110.59740386180985,1.214763569795898,0.0
121.45477810802129,111.00329115396974,0.11391842584809547,0.0,121.47249350201221,110.13951609137229,0.7373470698240165,0.0,121.60935384804975,111.2852898542908,1.0543144434682405,0.0,121.64238024257945,109.53095229145308,1.2728700160329602,0.0
121.95451218719951,112.68265381141694,0.12987499993790763,0.0,121.45477810802129,111.00329115396974,0.11391842584809547,0.0,121.47249350201221,110.13951609137229,0.7373470698240165,0.0,121.60935384804975,111.2852898542908,1.0543144434682405,0.0
121.13008832767886,109.54191490813687,0.23277627002170145,0.0,121.95451218719951,112.68265381141694,0.12987499993790763,0.0,121.45477810802129,111.00329115396974,0.11391842584809547,0.0,121.47249350201221,110.13951609137229,0.7373470698240165,0.0
122.16132519089005,112.6278571053655,-0.434659271723451,0.0,121.13008832767886,109.54191490813687,0.23277627002170145,0.0,121.95451218719951,112.68265381141694,0.12987499993790763,0.0,121.45477810802129,111.00329115396974,0.11391842584809547,0.0
122.3238206230796,112.94320184291374,-0.18063920875631206,0.0,122.16132519089005,112.6278571053655,-0.434659271723451,0.0,121.13008832767886,109.54191490813687,0.23277627002170145,0.0,121.95451218719951,112.68265381141694,0.12987499993790763,0.0
122.182482215422,113.10816670423145,-0.22214089141742405,0.0,122.3238206230796,112.94320184291374,-0.18063920875631206,0.0,122.16132519089005,112.6278571053655,-0.434659271723451,0.0,121.13008832767886,109.54191490813687,0.23277627002170145,0.0
122.51173482878947,113.75336033469193,-1.1316164920726348,0.0,122.182482215422,113.10816670423145,-0.22214089141742405,0.0,122.3238206230796,112.94320184291374,-0.18063920875631206,0.0,122.16132519089005,112.6278571053655,-0.434659271723451,0.0
121.63191527017639,113.03110440541928,-1.335485699047859,0.0,122.51173482878947,113.75336033469193,-1.1316164920726348,0.0,122.182482215422,113.10816670423145,-0.22214089141742405,0.0,122.3238206230796,112.94320184291374,-0.18063920875631206,0.0
121.3447507956968,112.56861935737612,-1.2751913259491092,0.0,121.63191527017639,113.03110440541928,-1.335485699047859,0.0,122.51173482878947,113.75336033469193,-1.1316164920726348,0.0,122.182482215422,113.10816670423145,-0.22214089141742405,0.0
121.43238338557344,111.65759069577462,-0.07630923208919227,0.0,121.3447507956968,112.56861935737612,-1.2751913259491092,0.0,121.63191527017639,113.03110440541928,-1.335485699047859,0.0,122.51173482878947,113.75336033469193,-1.1316164920726348,0.0
122.24321808119763,111.70937624954456,0.21722917659552526,0.0,121.43238338557344,111.65759069577462,-0.07630923208919227,0.0,121.3447507956968,112.56861935737612,-1.2751913259491092,0.0,121.63191527017639,113.03110440541928,-1.335485699047859,0.0
122.13041672039483,112.81818907999997,-0.4939574432735254,0.0,122.24321808119763,111.70937624954456,0.21722917659552526,0.0,121.43238338557344,111.65759069577462,-0.07630923208919227,0.0,121.3447507956968,112.56861935737612,-1.2751913259491092,0.0
122.26036116045898,113.37999102898922,-0.15214780991000187,0.0,122.13041672039483,112.81818907999997,-0.4939574432735254,0.0,122.24321808119763,111.70937624954456,0.21722917659552526,0.0,121.43238338557344,111.65759069577462,-0.07630923208919227,0.0
121.87142560084574,112.8414765910677,-0.8953702423971843,0.0,122.26036116045898,113.37999102898922,-0.15214780991000187,0.0,122.13041672039483,112.81818907999997,-0.4939574432735254,0.0,122.24321808119763,111.70937624954456,0.21722917659552526,0.0
122.06916860997838,113.42785810363924,-0.1749506669742108,0.0,121.87142560084574,112.8414765910677,-0.8953702423971843,0.0,122.26036116045898,113.37999102898922,-0.15214780991000187,0.0,122.13041672039483,112.81818907999997,-0.4939574432735254,0.0
122.84192648311219,113.04056402715477,-0.37552285948830794,0.0,122.06916860997838,113.42785810363924,-0.1749506669742108,0.0,121.87142560084574,112.8414765910677,-0.8953702423971843,0.0,122.26036116045898,113.37999102898922,-0.15214780991000187,0.0
123.07567638806832,113.91256288516985,-0.34723638196023177,0.0,122.84192648311219,113.04056402715477,-0.37552285948830794,0.0,122.06916860997838,113.42785810363924,-0.1749506669742108,0.0,121.87142560084574,112.8414765910677,-0.8953702423971843,0.0
122.80300246318929,112.33621306752846,0.3851092182029096,0.0,123.07567638806832,113.91256288516985,-0.34723638196023177,0.0,122.84192648311219,113.04056402715477,-0.37552285948830794,0.0,122.06916860997838,113.42785810363924,-0.1749506669742108,0.0
122.9487852840341,112.62724220300154,-0.33549440972979727,0.0,122.80300246318929,112.33621306752846,0.3851092182029096,0.0,123.07567638806832,113.91256288516985,-0.34723638196023177,0.0,122.84192648311219,113.04056402715477,-0.37552285948830794,0.0
122.92925738679253,114.37058635476686,-0.9669546203403334,0.0,122.9487852840341,112.62724220300154,-0.33549440972979727,0.0,122.80300246318929,112.33621306752846,0.3851092182029096,0.0,123.07567638806832,113.91256288516985,-0.34723638196023177,0.0
122.92377427026018,113.4585095004494,-1.0653633594452692,0.0,122.92925738679253,114.37058635476686,-0.9669546203403334,0.0,122.9487852840341,112.62724220300154,-0.33549440972979727,0.0,122.80300246318929,112.33621306752846,0.3851092182029096,0.0
123.20714885177988,113.75694489716949,-0.3331012620465571,0.0,122.92377427026018,113.4585095004494,-1.0653633594452692,0.0,122.92925738679253,114.37058635476686,-0.9669546203403334,0.0,122.9487852840341,112.62724220300154,-0.33549440972979727,0.0
123.43855247716714,113.58810912351001,-1.026154047375667,0.0,123.20714885177988,113.75694489716949,-0.3331012620465571,0.0,122.92377427026018,113.4585095004494,-1.0653633594452692,0.0,122.92925738679253,114.37058635476686,-0.9669546203403334,0.0
122.92027030106526,115.33984764462019,-2.237001036955818,0.0,123.43855247716714,113.58810912351001,-1.026154047375667,0.0,123.20714885177988,113.75694489716949,-0.3331012620465571,0.0,122.92377427026018,113.4585095004494,-1.0653633594452692,0.0
122.89084231810948,115.32626906963199,-2.015180258769154,0.0,122.92027030106526,115.33984764462019,-2.237001036955818,0.0,123.43855247716714,113.58810912351001,-1.026154047375667,0.0,123.20714885177988,113.75694489716949,-0.3331012620465571,0.0
122.44904158553769,113.4416961673999,-1.3362738070598632,0.0,122.89084231810948,115.32626906963199,-2.015180258769154,0.0,122.92027030106526,115.33984764462019,-2.237001036955818,0.0,123.43855247716714,113.58810912351001,-1.026154047375667,0.0
121.86986468427891,112.55664771986918,-0.4688881707784759,0.0,122.44904158553769,113.4416961673999,-1.3362738070598632,0.0,122.89084231810948,115.32626906963199,-2.015180258769154,0.0,122.92027030106526,115.33984764462019,-2.237001036955818,0.0
121.72359435317584,112.75101032790582,-0.6066912176654802,0.0,121.86986468427891,112.55664771986918,-0.4688881707784759,0.0,122.44904158553769,113.4416961673999,-1.3362738070598632,0.0,122.89084231810948,115.32626906963199,-2.015180258769154,0.0
121.70879723477978,112.63878343782207,-0.6910662776903853,0.0,121.72359435317584,112.75101032790582,-0.6066912176654802,0.0,121.86986468427891,112.55664771986918,-0.4688881707784759,0.0,122.44904158553769,113.4416961673999,-1.3362738070598632,0.0
120.98698761636099,110.98519353747693,0.02409734497556537,0.0,121.70879723477978,112.63878343782207,-0.6910662776903853,0.0,121.72359435317584,112.75101032790582,-0.6066912176654802,0.0,121.86986468427891,112.55664771986918,-0.4688881707784759,0.0
121.62622021655707,111.87072312480191,-0.915592973867258,0.0,120.98698761636099,110.98519353747693,0.02409734497556537,0.0,121.70879723477978,112.63878343782207,-0.6910662776903853,0.0,121.72359435317584,112.75101032790582,-0.6066912176654802,0.0
120.30726145711782,112.20104009653289,-0.9267347666853111,0.0,121.62622021655707,111.87072312480191,-0.915592973867258,0.0,120.98698761636099,110.98519353747693,0.02409734497556537,0.0,121.70879723477978,112.63878343782207,-0.6910662776903853,0.0
121.97284367475419,112.60747921366467,-0.64617586838572,0.0,120.30726145711782,112.20104009653289,-0.9267347666853111,0.0,121.62622021655707,111.87072312480191,-0.915592973867258,0.0,120.98698761636099,110.98519353747693,0.02409734497556537,0.0
122.69544812368052,112.67532766041958,-0.29233133406605893,0.0,121.97284367475419,112.60747921366467,-0.64617586838572,0.0,120.30726145711782,112.20104009653289,-0.9267347666853111,0.0,121.62622021655707,111.87072312480191,-0.915592973867258,0.0
122.3869066005149,112.77895072686727,-0.48876841384828845,0.0,122.69544812368052,112.67532766041958,-0.29233133406605893,0.0,121.97284367475419,112.60747921366467,-0.64617586838572,0.0,120.30726145711782,112.20104009653289,-0.9267347666853111,0.0
122.31266226539844,112.03152390590739,-0.3737942252257101,0.0,122.3869066005149,112.77895072686727,-0.48876841384828845,0.0,122.69544812368052,112.67532766041958,-0.29233133406605893,0.0,121.97284367475419,112.60747921366467,-0.64617586838572,0.0
122.30723539335628,113.88760711512259,-1.5431990568870628,0.0,122.31266226539844,112.03152390590739,-0.3737942252257101,0.0,122.3869066005149,112.77895072686727,-0.48876841384828845,0.0,122.69544812368052,112.67532766041958,-0.29233133406605893,0.0
121.87467634481149,113.53063551758103,-1.5636834516765745,0.0,122.30723539335628,113.88760711512259,-1.5431990568870628,0.0,122.31266226539844,112.03152390590739,-0.3737942252257101,0.0,122.3869066005149,112.77895072686727,-0.48876841384828845,0.0
121.96157073149028,112.68959836304765,-1.024192405064026,0.0,121.87467634481149,113.53063551758103,-1.5636834516765745,0.0,122.30723539335628,113.88760711512259,-1.5431990568870628,0.0,122.31266226539844,112.03152390590739,-0.3737942252257101,0.0
121.84210894729168,113.10295298099459,-1.3105009411785606,0.0,121.96157073149028,112.68959836304765,-1.024192405064026,0.0,121.87467634481149,113.53063551758103,-1.5636834516765745,0.0,122.30723539335628,113.88760711512259,-1.5431990568870628,0.0
121.77699537966996,112.99110839095826,-1.0189086421480498,0.0,121.84210894729168,113.10295298099459,-1.3105009411785606,0.0,121.96157073149028,112.68959836304765,-1.024192405064026,0.0,121.87467634481149,113.53063551758103,-1.5636834516765745,0.0
121.90061514600009,112.23423378952398,-0.5916906633170909,0.0,121.77699537966996,112.99110839095826,-1.0189086421480498,0.0,121.84210894729168,113.10295298099459,-1.3105009411785606,0.0,121.96157073149028,112.68959836304765,-1.024192405064026,0.0
121.25255586070338,112.22344713839425,-0.6446271310825552,0.0,121.90061514600009,112.23423378952398,-0.5916906633170909,0.0,121.77699537966996,112.99110839095826,-1.0189086421480498,0.0,121.84210894729168,113.10295298099459,-1.3105009411785606,0.0
121.41431107701015,112.15036947238758,-0.43046981936775874,0.0,121.25255586070338,112.22344713839425,-0.6446271310825552,0.0,121.90061514600009,112.23423378952398,-0.5916906633170909,0.0,121.77699537966996,112.99110839095826,-1.0189086421480498,0.0
121.57970074044371,112.66943988946304,-0.8257421381365131,0.0,121.41431107701015,112.15036947238758,-0.43046981936775874,0.0,121.25255586070338,112.22344713839425,-0.6446271310825552,0.0,121.90061514600009,112.23423378952398,-0.5916906633170909,0.0
121.73696872811355,111.8243334983876,-0.7638993503572339,0.0,121.57970074044371,112.66943988946304,-0.8257421381365131,0.0,121.41431107701015,112.15036947238758,-0.43046981936775874,0.0,121.25255586070338,112.22344713839425,-0.6446271310825552,0.0
121.60555583437959,113.52207540786364,-0.30601139549117584,0.0,121.73696872811355,111.8243334983876,-0.7638993503572339,0.0,121.57970074044371,112.66943988946304,-0.8257421381365131,0.0,121.41431107701015,112.15036947238758,-0.43046981936775874,0.0
122.24280704243999,112.21133026096729,-0.16632263590872357,0.0,121.60555583437959,113.52207540786364,-0.30601139549117584,0.0,121.73696872811355,111.8243334983876,-0.7638993503572339,0.0,121.57970074044371,112.66943988946304,-0.8257421381365131,0.0
121.99710472827692,112.40629256468583,-0.42632374350894664,0.0,122.24280704243999,112.21133026096729,-0.16632263590872357,0.0,121.60555583437959,113.52207540786364,-0.30601139549117584,0.0,121.73696872811355,111.8243334983876,-0.7638993503572339,0.0
122.05512136658962,113.12450738887043,-0.22895079266176083,0.0,121.99710472827692,112.40629256468583,-0.42632374350894664,0.0,122.24280704243999,112.21133026096729,-0.16632263590872357,0.0,121.60555583437959,113.52207540786364,-0.30601139549117584,0.0
122.6754249931165,112.34641734235956,0.17414426118890033,0.0,122.05512136658962,113.12450738887043,-0.22895079266176083,0.0,121.99710472827692,112.40629256468583,-0.42632374350894664,0.0,122.24280704243999,112.21133026096729,-0.16632263590872357,0.0
122.44596472643997,113.09374396086181,-0.8856552303376187,0.0,122.6754249931165,112.34641734235956,0.17414426118890033,0.0,122.05512136658962,113.12450738887043,-0.22895079266176083,0.0,121.99710472827692,112.40629256468583,-0.42632374350894664,0.0
122.44980479817151,112.28397233428495,-0.12898715179214615,0.0,122.44596472643997,113.09374396086181,-0.8856552303376187,0.0,122.6754249931165,112.34641734235956,0.17414426118890033,0.0,122.05512136658962,113.12450738887043,-0.22895079266176083,0.0
122.22075234691897,113.8179834692157,-0.2713170907742529,0.0,122.44980479817151,112.28397233428495,-0.12898715179214615,0.0,122.44596472643997,113.09374396086181,-0.8856552303376187,0.0,122.6754249931165,112.34641734235956,0.17414426118890033,0.0
122.78974388029846,112.11085788037053,-0.0043087059992872045,0.0,122.22075234691897,113.8179834692157,-0.2713170907742529,0.0,122.44980479817151,112.28397233428495,-0.12898715179214615,0.0,122.44596472643997,113.09374396086181,-0.8856552303376187,0.0
122.4897602196949,112.2634520750141,0.5951764970231842,0.0,122.78974388029846,112.11085788037053,-0.0043087059992872045,0.0,122.22075234691897,113.8179834692157,-0.2713170907742529,0.0,122.44980479817151,112.28397233428495,-0.12898715179214615,0.0
122.99063321478002,112.85704499240009,-0.20969565099668558,0.0,122.4897602196949,112.2634520750141,0.5951764970231842,0.0,122.78974388029846,112.11085788037053,-0.0043087059992872045,0.0,122.22075234691897,113.8179834692157,-0.2713170907742529,0.0
122.69820535039713,112.85014548206709,-0.5224770220111218,0.0,122.99063321478002,112.85704499240009,-0.20969565099668558,0.0,122.4897602196949,112.2634520750141,0.5951764970231842,0.0,122.78974388029846,112.11085788037053,-0.0043087059992872045,0.0
122.07505161254845,113.07565612090482,-0.5622559655467498,0.0,122.69820535039713,112.85014548206709,-0.5224770220111218,0.0,122.99063321478002,112.85704499240009,-0.20969565099668558,0.0,122.4897602196949,112.2634520750141,0.5951764970231842,0.0
122.35633837855679,112.86778993538064,-0.8416815329996141,0.0,122.07505161254845,113.07565612090482,-0.5622559655467498,0.0,122.69820535039713,112.85014548206709,-0.5224770220111218,0.0,122.99063321478002,112.85704499240009,-0.20969565099668558,0.0
122.12648153144833,112.12510509038577,0.19412306151871295,0.0,122.35633837855679,112.86778993538064,-0.8416815329996141,0.0,122.07505161254845,113.07565612090482,-0.5622559655467498,0.0,122.69820535039713,112.85014548206709,-0.5224770220111218,0.0
122.32952082413321,113.63829701150075,-0.273087597698426,0.0,122.12648153144833,112.12510509038577,0.19412306151871295,0.0,122.35633837855679,112.86778993538064,-0.8416815329996141,0.0,122.07505161254845,113.07565612090482,-0.5622559655467498,0.0
120.95551984913124,110.86789235426949,-0.4962434679021741,0.0,122.32952082413321,113.63829701150075,-0.273087597698426,0.0,122.12648153144833,112.12510509038577,0.19412306151871295,0.0,122.35633837855679,112.86778993538064,-0.8416815329996141,0.0
121.17419273642957,111.85651547645796,-0.29480025852025094,0.0,120.95551984913124,110.86789235426949,-0.4962434679021741,0.0,122.32952082413321,113.63829701150075,-0.273087597698426,0.0,122.12648153144833,112.12510509038577,0.19412306151871295,0.0
121.09175567114644,112.35591737236973,-0.8369149698542452,0.0,121.17419273642957,111.85651547645796,-0.29480025852025094,0.0,120.95551984913124,110.86789235426949,-0.4962434679021741,0.0,122.32952082413321,113.63829701150075,-0.273087597698426,0.0
120.75079040986908,111.81969567564897,-0.8673723317615281,0.0,121.09175567114644,112.35591737236973,-0.8369149698542452,0.0,121.17419273642957,111.85651547645796,-0.29480025852025094,0.0,120.95551984913124,110.86789235426949,-0.4962434679021741,0.0
120.76577065082795,111.16482352294838,-0.5351712347841349,0.0,120.75079040986908,111.81969567564897,-0.8673723317615281,0.0,121.09175567114644,112.35591737236973,-0.8369149698542452,0.0,121.17419273642957,111.85651547645796,-0.29480025852025094,0.0
120.75676650356623,111.37996889899586,-0.5945671900185635,0.0,120.76577065082795,111.16482352294838,-0.5351712347841349,0.0,120.75079040986908,111.81969567564897,-0.8673723317615281,0.0,121.09175567114644,112.35591737236973,-0.8369149698542452,0.0
121.01809963759251,111.26641335670374,-0.522347181464825,0.0,120.75676650356623,111.37996889899586,-0.5945671900185635,0.0,120.76577065082795,111.16482352294838,-0.5351712347841349,0.0,120.75079040986908,111.81969567564897,-0.8673723317615281,0.0
120.53638290971287,111.88867139437326,-0.6825438013960454,0.0,121.01809963759251,111.26641335670374,-0.522347181464825,0.0,120.75676650356623,111.37996889899586,-0.5945671900185635,0.0,120.76577065082795,111.16482352294838,-0.5351712347841349,0.0
120.95573337986097,112.63019676078355,-1.3032701957072197,0.0,120.53638290971287,111.88867139437326,-0.6825438013960454,0.0,121.01809963759251,111.26641335670374,-0.522347181464825,0.0,120.75676650356623,111.37996889899586,-0.5945671900185635,0.0
121.8101935163227,112.75001160337962,-0.8818195508961566,0.0,120.95573337986097,112.63019676078355,-1.3032701957072197,0.0,120.53638290971287,111.88867139437326,-0.6825438013960454,0.0,121.01809963759251,111.26641335670374,-0.522347181464825,0.0
122.04253979867038,110.92158525723434,0.17201089510669543,0.0,121.8101935163227,112.75001160337962,-0.8818195508961566,0.0,120.95573337986097,112.63019676078355,-1.3032701957072197,0.0,120.53638290971287,111.88867139437326,-0.6825438013960454,0.0
122.42192505396602,112.33202179169584,0.14680953147707543,0.0,122.04253979867038,110.92158525723434,0.17201089510669543,0.0,121.8101935163227,112.75001160337962,-0.8818195508961566,0.0,120.95573337986097,112.63019676078355,-1.3032701957072197,0.0
122.87948172501098,112.10679090937472,0.23007968380543511,0.0,122.42192505396602,112.33202179169584,0.14680953147707543,0.0,122.04253979867038,110.92158525723434,0.17201089510669543,0.0,121.8101935163227,112.75001160337962,-0.8818195508961566,0.0
123.28506216338153,112.73535945438658,0.5304251246027778,0.0,122.87948172501098,112.10679090937472,0.23007968380543511,0.0,122.42192505396602,112.33202179169584,0.14680953147707543,0.0,122.04253979867038,110.92158525723434,0.17201089510669543,0.0
123.84810605119087,114.30026051850075,-0.21032514859112733,0.0,123.28506216338153,112.73535945438658,0.5304251246027778,0.0,122.87948172501098,112.10679090937472,0.23007968380543511,0.0,122.42192505396602,112.33202179169584,0.14680953147707543,0.0
123.19701484925852,112.63737985112385,0.6829972101919008,0.0,123.84810605119087,114.30026051850075,-0.21032514859112733,0.0,123.28506216338153,112.73535945438658,0.5304251246027778,0.0,122.87948172501098,112.10679090937472,0.23007968380543511,0.0
122.59670238318454,112.03335007283408,0.6475621663649217,0.0,123.19701484925852,112.63737985112385,0.6829972101919008,0.0,123.84810605119087,114.30026051850075,-0.21032514859112733,0.0,123.28506216338153,112.73535945438658,0.5304251246027778,0.0
122.90560455553891,111.26980350342208,1.3339781826364918,0.0,122.59670238318454,112.03335007283408,0.6475621663649217,0.0,123.19701484925852,112.63737985112385,0.6829972101919008,0.0,123.84810605119087,114.30026051850075,-0.21032514859112733,0.0
123.09334794130154,111.70537625916606,0.7006660483471988,0.0,122.90560455553891,111.26980350342208,1.3339781826364918,0.0,122.59670238318454,112.03335007283408,0.6475621663649217,0.0,123.19701484925852,112.63737985112385,0.6829972101919008,0.0
123.2809392514658,111.63153502766596,1.4695637999566715,0.0,123.09334794130154,111.70537625916606,0.7006660483471988,0.0,122.90560455553891,111.26980350342208,1.3339781826364918,0.0,122.59670238318454,112.03335007283408,0.6475621663649217,0.0
123.97831524725284,111.8215476208992,1.5632287869827288,0.0,123.2809392514658,111.63153502766596,1.4695637999566715,0.0,123.09334794130154,111.70537625916606,0.7006660483471988,0.0,122.90560455553891,111.26980350342208,1.3339781826364918,0.0
123.56245005941561,112.5177418557181,1.5271030725123622,0.0,123.97831524725284,111.8215476208992,1.5632287869827288,0.0,123.2809392514658,111.63153502766596,1.4695637999566715,0.0,123.09334794130154,111.70537625916606,0.7006660483471988,0.0
123.44724504656622,112.3158656157868,1.3386946851864638,0.0,123.56245005941561,112.5177418557181,1.5271030725123622,0.0,123.97831524725284,111.8215476208992,1.5632287869827288,0.0,123.2809392514658,111.63153502766596,1.4695637999566715,0.0
122.66364659058254,112.07910641857441,0.9466914391119465,0.0,123.44724504656622,112.3158656157868,1.3386946851864638,0.0,123.56245005941561,112.5177418557181,1.5271030725123622,0.0,123.97831524725284,111.8215476208992,1.5632287869827288,0.0
123.59459037928782,112.07974910332393,1.3576189805264935,0.0,122.66364659058254,112.07910641857441,0.9466914391119465,0.0,123.44724504656622,112.3158656157868,1.3386946851864638,0.0,123.56245005941561,112.5177418557181,1.5271030725123622,0.0
123.10118060872713,112.1243846819716,1.1562751193452183,0.0,123.59459037928782,112.07974910332393,1.3576189805264935,0.0,122.66364659058254,112.07910641857441,0.9466914391119465,0.0,123.44724504656622,112.3158656157868,1.3386946851864638,0.0
122.70681438905837,112.40044267685866,-0.05851475631740144,0.0,123.10118060872713,112.1243846819716,1.1562751193452183,0.0,123.59459037928782,112.07974910332393,1.3576189805264935,0.0,122.66364659058254,112.07910641857441,0.9466914391119465,0.0
122.32241073443468,113.39331662615831,-0.6054050359074223,0.0,122.70681438905837,112.40044267685866,-0.05851475631740144,0.0,123.10118060872713,112.1243846819716,1.1562751193452183,0.0,123.59459037928782,112.07974910332393,1.3576189805264935,0.0
121.91208960696905,112.46782102513072,-0.5772469048223116,0.0,122.32241073443468,113.39331662615831,-0.6054050359074223,0.0,122.70681438905837,112.40044267685866,-0.05851475631740144,0.0,123.10118060872713,112.1243846819716,1.1562751193452183,0.0
121.58741400696474,111.55078308373365,-0.30679803227507174,0.0,121.91208960696905,112.46782102513072,-0.5772469048223116,0.0,122.32241073443468,113.39331662615831,-0.6054050359074223,0.0,122.70681438905837,112.40044267685866,-0.05851475631740144,0.0
121.3740570107024,112.68044106849271,-0.2737326702700053,0.0,121.58741400696474,111.55078308373365,-0.30679803227507174,0.0,121.91208960696905,112.46782102513072,-0.5772469048223116,0.0,122.32241073443468,113.39331662615831,-0.6054050359074223,0.0
120.94182227633691,109.49050736399099,0.39049925868082735,0.0,121.3740570107024,112.68044106849271,-0.2737326702700053,0.0,121.58741400696474,111.55078308373365,-0.30679803227507174,0.0,121.91208960696905,112.46782102513072,-0.5772469048223116,0.0
120.78148808339256,111.58621555090716,-0.6631515250746505,0.0,120.94182227633691,109.49050736399099,0.39049925868082735,0.0,121.3740570107024,112.68044106849271,-0.2737326702700053,0.0,121.58741400696474,111.55078308373365,-0.30679803227507174,0.0
121.92962824952916,113.4008754581744,-0.45872725180714025,0.0,120.78148808339256,111.58621555090716,-0.6631515250746505,0.0,120.94182227633691,109.49050736399099,0.39049925868082735,0.0,121.3740570107024,112.68044106849271,-0.2737326702700053,0.0
122.23969899828711,113.436623463138,-1.2759714141392897,0.0,121.92962824952916,113.4008754581744,-0.45872725180714025,0.0,120.78148808339256,111.58621555090716,-0.6631515250746505,0.0,120.94182227633691,109.49050736399099,0.39049925868082735,0.0
122.59381078525182,113.2180100348346,-0.6409209835693476,0.0,122.23969899828711,113.436623463138,-1.2759714141392897,0.0,121.92962824952916,113.4008754581744,-0.45872725180714025,0.0,120.78148808339256,111.58621555090716,-0.6631515250746505,0.0
122.98438795734928,113.58530129121206,-0.5599661440764795,0.0,122.59381078525182,113.2180100348346,-0.6409209835693476,0.0,122.23969899828711,113.436623463138,-1.2759714141392897,0.0,121.92962824952916,113.4008754581744,-0.45872725180714025,0.0
123.63566574230605,113.37823811509188,-0.23816792924912453,0.0,122.98438795734928,113.58530129121206,-0.5599661440764795,0.0,122.59381078525182,113.2180100348346,-0.6409209835693476,0.0,122.23969899828711,113.436623463138,-1.2759714141392897,0.0
122.39084157259417,112.6395949105748,-0.6224758236941828,0.0,123.63566574230605,113.37823811509188,-0.23816792924912453,0.0,122.98438795734928,113.58530129121206,-0.5599661440764795,0.0,122.59381078525182,113.2180100348346,-0.6409209835693476,0.0
121.72596780528698,111.43527790290156,0.14175180687352934,0.0,122.39084157259417,112.6395949105748,-0.6224758236941828,0.0,123.63566574230605,113.37823811509188,-0.23816792924912453,0.0,122.98438795734928,113.58530129121206,-0.5599661440764795,0.0
121.44940904143556,110.590067446934,0.6342637775282491,0.0,121.72596780528698,111.43527790290156,0.14175180687352934,0.0,122.39084157259417,112.6395949105748,-0.6224758236941828,0.0,123.63566574230605,113.37823811509188,-0.23816792924912453,0.0
121.3923928879468,110.64538893913729,0.7991831735285432,0.0,121.44940904143556,110.590067446934,0.6342637775282491,0.0,121.72596780528698,111.43527790290156,0.14175180687352934,0.0,122.39084157259417,112.6395949105748,-0.6224758236941828,0.0
121.46356788768131,110.00123454767018,0.5745879153911142,0.0,121.3923928879468,110.64538893913729,0.7991831735285432,0.0,121.44940904143556,110.590067446934,0.6342637775282491,0.0,121.72596780528698,111.43527790290156,0.14175180687352934,0.0
121.37891960193438,111.36891863615278,0.7495989749604575,0.0,121.46356788768131,110.00123454767018,0.5745879153911142,0.0,121.3923928879468,110.64538893913729,0.7991831735285432,0.0,121.44940904143556,110.590067446934,0.6342637775282491,0.0
121.64627911882636,111.33022038574376,0.2462328959746915,0.0,121.37891960193438,111.36891863615278,0.7495989749604575,0.0,121.46356788768131,110.00123454767018,0.5745879153911142,0.0,121.3923928879468,110.64538893913729,0.7991831735285432,0.0
121.7786045843123,111.12132812242783,0.6247641462901092,0.0,121.64627911882636,111.33022038574376,0.2462328959746915,0.0,121.37891960193438,111.36891863615278,0.7495989749604575,0.0,121.46356788768131,110.00123454767018,0.5745879153911142,0.0
121.56954844592576,109.83835647869944,1.3245517641940479,0.0,121.7786045843123,111.12132812242783,0.6247641462901092,0.0,121.64627911882636,111.33022038574376,0.2462328959746915,0.0,121.37891960193438,111.36891863615278,0.7495989749604575,0.0
120.6919193865509,109.51889963391852,1.5949466913448314,0.0,121.56954844592576,109.83835647869944,1.3245517641940479,0.0,121.7786045843123,111.12132812242783,0.6247641462901092,0.0,121.64627911882636,111.33022038574376,0.2462328959746915,0.0
120.53244490228577,110.4931250853119,0.9111561181721605,0.0,120.6919193865509,109.51889963391852,1.5949466913448314,0.0,121.56954844592576,109.83835647869944,1.3245517641940479,0.0,121.7786045843123,111.12132812242783,0.6247641462901092,0.0
120.66737033165096,109.6793252704276,0.9096335531742799,0.0,120.53244490228577,110.4931250853119,0.9111561181721605,0.0,120.6919193865509,109.51889963391852,1.5949466913448314,0.0,121.56954844592576,109.83835647869944,1.3245517641940479,0.0
120.8775658216718,110.6558145049024,0.08113607066010009,0.0,120.66737033165096,109.6793252704276,0.9096335531742799,0.0,120.53244490228577,110.4931250853119,0.9111561181721605,0.0,120.6919193865509,109.51889963391852,1.5949466913448314,0.0
120.65906106049921,109.56315734365947,0.35110401211591796,0.0,120.8775658216718,110.6558145049024,0.08113607066010009,0.0,120.66737033165096,109.6793252704276,0.9096335531742799,0.0,120.53244490228577,110.4931250853119,0.9111561181721605,0.0
120.7384721998088,110.86746830684734,0.5061849161240038,0.0,120.65906106049921,109.56315734365947,0.35110401211591796,0.0,120.8775658216718,110.6558145049024,0.08113607066010009,0.0,120.66737033165096,109.6793252704276,0.9096335531742799,0.0
120.5025270456465,110.45514039915503,-0.529960236866879,0.0,120.7384721998088,110.86746830684734,0.5061849161240038,0.0,120.65906106049921,109.56315734365947,0.35110401211591796,0.0,120.8775658216718,110.6558145049024,0.08113607066010009,0.0
120.80767077549642,110.62882370493253,-1.0048601114496851,0.0,120.5025270456465,110.45514039915503,-0.529960236866879,0.0,120.7384721998088,110.86746830684734,0.5061849161240038,0.0,120.65906106049921,109.56315734365947,0.35110401211591796,0.0
120.52654662585829,111.66088660715116,-0.9454575375316318,0.0,120.80767077549642,110.62882370493253,-1.0048601114496851,0.0,120.5025270456465,110.45514039915503,-0.529960236866879,0.0,120.7384721998088,110.86746830684734,0.5061849161240038,0.0
120.39921106841362,111.95147808175594,-0.9067959035957186,0.0,120.52654662585829,111.66088660715116,-0.9454575375316318,0.0,120.80767077549642,110.62882370493253,-1.0048601114496851,0.0,120.5025270456465,110.45514039915503,-0.529960236866879,0.0
120.08413682909304,111.61779920286568,-1.3301751905859776,0.0,120.39921106841362,111.95147808175594,-0.9067959035957186,0.0,120.52654662585829,111.66088660715116,-0.9454575375316318,0.0,120.80767077549642,110.62882370493253,-1.0048601114496851,0.0
120.42612066693732,111.28876897104436,-0.8696507877926902,0.0,120.08413682909304,111.61779920286568,-1.3301751905859776,0.0,120.39921106841362,111.95147808175594,-0.9067959035957186,0.0,120.52654662585829,111.66088660715116,-0.9454575375316318,0.0
120.37454109920061,110.66263098746109,-0.5699838257638962,0.0,120.42612066693732,111.28876897104436,-0.8696507877926902,0.0,120.08413682909304,111.61779920286568,-1.3301751905859776,0.0,120.39921106841362,111.95147808175594,-0.9067959035957186,0.0
121.15293720297358,112.00175619449294,-0.5531216266003766,0.0,120.37454109920061,110.66263098746109,-0.5699838257638962,0.0,120.42612066693732,111.28876897104436,-0.8696507877926902,0.0,120.08413682909304,111.61779920286568,-1.3301751905859776,0.0
121.54584305382004,111.58863683810583,-0.8203930513594828,0.0,121.15293720297358,112.00175619449294,-0.5531216266003766,0.0,120.37454109920061,110.66263098746109,-0.5699838257638962,0.0,120.42612066693732,111.28876897104436,-0.8696507877926902,0.0
121.58789253066195,112.27711956604526,-0.13196087787930455,0.0,121.54584305382004,111.58863683810583,-0.8203930513594828,0.0,121.15293720297358,112.00175619449294,-0.5531216266003766,0.0,120.37454109920061,110.66263098746109,-0.5699838257638962,0.0
121.29923608549085,111.44670380733652,0.722134854240704,0.0,121.58789253066195,112.27711956604526,-0.13196087787930455,0.0,121.54584305382004,111.58863683810583,-0.8203930513594828,0.0,121.15293720297358,112.00175619449294,-0.5531216266003766,0.0
121.68963156069665,110.80034920708368,0.33592714146929464,0.0,121.29923608549085,111.44670380733652,0.722134854240704,0.0,121.58789253066195,112.27711956604526,-0.13196087787930455,0.0,121.54584305382004,111.58863683810583,-0.8203930513594828,0.0
122.03649817160132,113.21115043260642,-0.03734174540197466,0.0,121.68963156069665,110.80034920708368,0.33592714146929464,0.0,121.29923608549085,111.44670380733652,0.722134854240704,0.0,121.58789253066195,112.27711956604526,-0.13196087787930455,0.0
122.10116763902789,111.98750208707983,0.2157304363844184,0.0,122.03649817160132,113.21115043260642,-0.03734174540197466,0.0,121.68963156069665,110.80034920708368,0.33592714146929464,0.0,121.29923608549085,111.44670380733652,0.722134854240704,0.0
122.9146719525216,111.36226172868354,-0.006430340765958387,0.0,122.10116763902789,111.98750208707983,0.2157304363844184,0.0,122.03649817160132,113.21115043260642,-0.03734174540197466,0.0,121.68963156069665,110.80034920708368,0.33592714146929464,0.0
122.91191713198425,112.99278178140861,-0.07484287294438378,0.0,122.9146719525216,111.36226172868354,-0.006430340765958387,0.0,122.10116763902789,111.98750208707983,0.2157304363844184,0.0,122.03649817160132,113.21115043260642,-0.03734174540197466,0.0
123.11791974950415,113.36835129734547,0.30995227750682863,0.0,122.91191713198425,112.99278178140861,-0.07484287294438378,0.0,122.9146719525216,111.36226172868354,-0.006430340765958387,0.0,122.10116763902789,111.98750208707983,0.2157304363844184,0.0
122.88033119970403,113.61574615334564,-0.7067162217481835,0.0,123.11791974950415,113.36835129734547,0.30995227750682863,0.0,122.91191713198425,112.99278178140861,-0.07484287294438378,0.0,122.9146719525216,111.36226172868354,-0.006430340765958387,0.0
122.99572959612155,112.92735180540353,0.09377818502778779,0.0,122.88033119970403,113.61574615334564,-0.7067162217481835,0.0,123.11791974950415,113.36835129734547,0.30995227750682863,0.0,122.91191713198425,112.99278178140861,-0.07484287294438378,0.0
122.38835947579128,112.1966716954278,0.11136281018690092,0.0,122.99572959612155,112.92735180540353,0.09377818502778779,0.0,122.88033119970403,113.61574615334564,-0.7067162217481835,0.0,123.11791974950415,113.36835129734547,0.30995227750682863,0.0
122.08782110226099,111.87334593531276,-0.11665632413156937,0.0,122.38835947579128,112.1966716954278,0.11136281018690092,0.0,122.99572959612155,112.92735180540353,0.09377818502778779,0.0,122.88033119970403,113.61574615334564,-0.7067162217481835,0.0
122.2019654976381,112.85946321823795,-0.13794213641597997,0.0,122.08782110226099,111.87334593531276,-0.11665632413156937,0.0,122.38835947579128,112.1966716954278,0.11136281018690092,0.0,122.99572959612155,112.92735180540353,0.09377818502778779,0.0
122.35081322732282,111.636178231327,-0.1291390316225246,0.0,122.2019654976381,112.85946321823795,-0.13794213641597997,0.0,122.08782110226099,111.87334593531276,-0.11665632413156937,0.0,122.38835947579128,112.1966716954278,0.11136281018690092,0.0
122.46870357770302,113.31505831253725,-0.9689118770204824,0.0,122.35081322732282,111.636178231327,-0.1291390316225246,0.0,122.2019654976381,112.85946321823795,-0.13794213641597997,0.0,122.08782110226099,111.87334593531276,-0.11665632413156937,0.0
122.8970915619689,112.56135492665774,-0.02766038788976799,0.0,122.46870357770302,113.31505831253725,-0.9689118770204824,0.0,122.35081322732282,111.636178231327,-0.1291390316225246,0.0,122.2019654976381,112.85946321823795,-0.13794213641597997,0.0
121.98991490853783,112.30545510259216,-0.001465494176505159,0.0,122.8970915619689,112.56135492665774,-0.02766038788976799,0.0,122.46870357770302,113.31505831253725,-0.9689118770204824,0.0,122.35081322732282,111.636178231327,-0.1291390316225246,0.0
121.56941108566107,110.70589134728087,0.22032866988248345,0.0,121.98991490853783,112.30545510259216,-0.001465494176505159,0.0,122.8970915619689,112.56135492665774,-0.02766038788976799,0.0,122.46870357770302,113.31505831253725,-0.9689118770204824,0.0
121.80618168562411,111.2826700688376,0.6520378211930081,0.0,121.56941108566107,110.70589134728087,0.22032866988248345,0.0,121.98991490853783,112.30545510259216,-0.001465494176505159,0.0,122.8970915619689,112.56135492665774,-0.02766038788976799,0.0
121.51452837794629,111.36470309302527,0.011049028174256459,0.0,121.80618168562411,111.2826700688376,0.6520378211930081,0.0,121.56941108566107,110.70589134728087,0.22032866988248345,0.0,121.98991490853783,112.30545510259216,-0.001465494176505159,0.0
123.22805517111895,113.44903303765548,0.2455751720570194,0.0,121.51452837794629,111.36470309302527,0.011049028174256459,0.0,121.80618168562411,111.2826700688376,0.6520378211930081,0.0,121.56941108566107,110.70589134728087,0.22032866988248345,0.0
123.16048822421904,113.59631444522387,0.06263959219621876,0.0,123.22805517111895,113.44903303765548,0.2455751720570194,0.0,121.51452837794629,111.36470309302527,0.011049028174256459,0.0,121.80618168562411,111.2826700688376,0.6520378211930081,0.0
122.8858144196569,112.06821470506523,0.47349706136522185,0.0,123.16048822421904,113.59631444522387,0.06263959219621876,0.0,123.22805517111895,113.44903303765548,0.2455751720570194,0.0,121.51452837794629,111.36470309302527,0.011049028174256459,0.0
122.38627230988021,113.29289178606751,-0.6848160610835702,0.0,122.8858144196569,112.06821470506523,0.47349706136522185,0.0,123.16048822421904,113.59631444522387,0.06263959219621876,0.0,123.22805517111895,113.44903303765548,0.2455751720570194,0.0
122.01687726587684,113.04118880861648,-0.5973999989874906,0.0,122.38627230988021,113.29289178606751,-0.6848160610835702,0.0,122.8858144196569,112.06821470506523,0.47349706136522185,0.0,123.16048822421904,113.59631444522387,0.06263959219621876,0.0
121.97478670805172,113.0757087061472,-0.7793303270819734,0.0,122.01687726587684,113.04118880861648,-0.5973999989874906,0.0,122.38627230988021,113.29289178606751,-0.6848160610835702,0.0,122.8858144196569,112.06821470506523,0.47349706136522185,0.0
122.03135954307383,112.08921579356365,-0.407332786348501,0.0,121.97478670805172,113.0757087061472,-0.7793303270819734,0.0,122.01687726587684,113.04118880861648,-0.5973999989874906,0.0,122.38627230988021,113.29289178606751,-0.6848160610835702,0.0
121.78711419886905,112.19247726486554,-0.09084413539469974,0.0,122.03135954307383,112.08921579356365,-0.407332786348501,0.0,121.97478670805172,113.0757087061472,-0.7793303270819734,0.0,122.01687726587684,113.04118880861648,-0.5973999989874906,0.0
121.6846185235799,112.16993424510778,-0.42648825572677285,0.0,121.78711419886905,112.19247726486554,-0.09084413539469974,0.0,122.03135954307383,112.08921579356365,-0.407332786348501,0.0,121.97478670805172,113.0757087061472,-0.7793303270819734,0.0
122.36699897467138,113.05676263619728,-0.6972775366694401,0.0,121.6846185235799,112.16993424510778,-0.42648825572677285,0.0,121.78711419886905,112.19247726486554,-0.09084413539469974,0.0,122.03135954307383,112.08921579356365,-0.407332786348501,0.0
122.8640573364111,114.4358864930305,-0.6131547136142168,0.0,122.36699897467138,113.05676263619728,-0.6972775366694401,0.0,121.6846185235799,112.16993424510778,-0.42648825572677285,0.0,121.78711419886905,112.19247726486554,-0.09084413539469974,0.0
122.69861186165194,114.37301994888767,-0.9388448845489775,0.0,122.8640573364111,114.4358864930305,-0.6131547136142168,0.0,122.36699897467138,113.05676263619728,-0.6972775366694401,0.0,121.6846185235799,112.16993424510778,-0.42648825572677285,0.0
121.88586892375115,112.0478140390405,-0.3300840599131186,0.0,122.69861186165194,114.37301994888767,-0.9388448845489775,0.0,122.8640573364111,114.4358864930305,-0.6131547136142168,0.0,122.36699897467138,113.05676263619728,-0.6972775366694401,0.0
122.13055946750849,112.94774499623904,-0.448670848154218,0.0,121.88586892375115,112.0478140390405,-0.3300840599131186,0.0,122.69861186165194,114.37301994888767,-0.9388448845489775,0.0,122.8640573364111,114.4358864930305,-0.6131547136142168,0.0
122.7784622649382,114.06253059748218,-1.8124307881841952,0.0,122.13055946750849,112.94774499623904,-0.448670848154218,0.0,121.88586892375115,112.0478140390405,-0.3300840599131186,0.0,122.69861186165194,114.37301994888767,-0.9388448845489775,0.0
123.19044072151915,114.34439282825213,-1.6373556588582594,0.0,122.7784622649382,114.06253059748218,-1.8124307881841952,0.0,122.13055946750849,112.94774499623904,-0.448670848154218,0.0,121.88586892375115,112.0478140390405,-0.3300840599131186,0.0
123.18674942705108,114.65632153138193,-1.8291564375085936,0.0,123.19044072151915,114.34439282825213,-1.6373556588582594,0.0,122.7784622649382,114.06253059748218,-1.8124307881841952,0.0,122.13055946750849,112.94774499623904,-0.448670848154218,0.0
123.51634015340926,114.8854173174903,-2.2789630577373474,0.0,123.18674942705108,114.65632153138193,-1.8291564375085936,0.0,123.19044072151915,114.34439282825213,-1.6373556588582594,0.0,122.7784622649382,114.06253059748218,-1.8124307881841952,0.0
123.0624693690555,115.54589779822828,-2.4418837653011645,0.0,123.51634015340926,114.8854173174903,-2.2789630577373474,0.0,123.18674942705108,114.65632153138193,-1.8291564375085936,0.0,123.19044072151915,114.34439282825213,-1.6373556588582594,0.0
123.03362751380251,114.60798932717503,-1.8988027763244466,0.0,123.0624693690555,115.54589779822828,-2.4418837653011645,0.0,123.51634015340926,114.8854173174903,-2.2789630577373474,0.0,123.18674942705108,114.65632153138193,-1.8291564375085936,0.0
122.40873153630262,113.55565383153612,-0.8547218069354418,0.0,123.03362751380251,114.60798932717503,-1.8988027763244466,0.0,123.0624693690555,115.54589779822828,-2.4418837653011645,0.0,123.51634015340926,114.8854173174903,-2.2789630577373474,0.0
122.4838742328675,111.78487448504899,-0.5271852086158634,0.0,122.40873153630262,113.55565383153612,-0.8547218069354418,0.0,123.03362751380251,114.60798932717503,-1.8988027763244466,0.0,123.0624693690555,115.54589779822828,-2.4418837653011645,0.0
123.0144831967049,112.74766623148741,-0.7249998610005606,0.0,122.4838742328675,111.78487448504899,-0.5271852086158634,0.0,122.40873153630262,113.55565383153612,-0.8547218069354418,0.0,123.03362751380251,114.60798932717503,-1.8988027763244466,0.0
122.47578045040254,112.82188802435877,-0.35204779121509716,0.0,123.0144831967049,112.74766623148741,-0.7249998610005606,0.0,122.4838742328675,111.78487448504899,-0.5271852086158634,0.0,122.40873153630262,113.55565383153612,-0.8547218069354418,0.0
121.93715060184138,112.2550408749704,-0.5111833880815736,0.0,122.47578045040254,112.82188802435877,-0.35204779121509716,0.0,123.0144831967049,112.74766623148741,-0.7249998610005606,0.0,122.4838742328675,111.78487448504899,-0.5271852086158634,0.0
121.99489052020643,112.07148861557087,-0.7562468950468312,0.0,121.93715060184138,112.2550408749704,-0.5111833880815736,0.0,122.47578045040254,112.82188802435877,-0.35204779121509716,0.0,123.0144831967049,112.74766623148741,-0.7249998610005606,0.0
121.8283751277858,113.08412373034685,-1.1821788501539572,0.0,121.99489052020643,112.07148861557087,-0.7562468950468312,0.0,121.93715060184138,112.2550408749704,-0.5111833880815736,0.0,122.47578045040254,112.82188802435877,-0.35204779121509716,0.0
122.07597665411326,114.22594617301215,-1.8216574834990253,0.0,121.8283751277858,113.08412373034685,-1.1821788501539572,0.0,121.99489052020643,112.07148861557087,-0.7562468950468312,0.0,121.93715060184138,112.2550408749704,-0.5111833880815736,0.0
121.7841780115127,112.99947097608819,-1.652287840078943,0.0,122.07597665411326,114.22594617301215,-1.8216574834990253,0.0,121.8283751277858,113.08412373034685,-1.1821788501539572,0.0,121.99489052020643,112.07148861557087,-0.7562468950468312,0.0
122.59655525886518,113.80013916292643,-1.2428035271030886,0.0,121.7841780115127,112.99947097608819,-1.652287840078943,0.0,122.07597665411326,114.22594617301215,-1.8216574834990253,0.0,121.8283751277858,113.08412373034685,-1.1821788501539572,0.0
121.79509836811262,112.74615579997993,-1.0425546566899158,0.0,122.59655525886518,113.80013916292643,-1.2428035271030886,0.0,121.7841780115127,112.99947097608819,-1.652287840078943,0.0,122.07597665411326,114.22594617301215,-1.8216574834990253,0.0
122.37141709005428,113.83057995091386,-1.042027189325612,0.0,121.79509836811262,112.74615579997993,-1.0425546566899158,0.0,122.59655525886518,113.80013916292643,-1.2428035271030886,0.0,121.7841780115127,112.99947097608819,-1.652287840078943,0.0
121.81565953818081,113.98099039417139,-1.3064947818088801,0.0,122.37141709005428,113.83057995091386,-1.042027189325612,0.0,121.79509836811262,112.74615579997993,-1.0425546566899158,0.0,122.59655525886518,113.80013916292643,-1.2428035271030886,0.0
120.97465351144704,111.59765503611209,-0.7410727296046198,0.0,121.81565953818081,113.98099039417139,-1.3064947818088801,0.0,122.37141709005428,113.83057995091386,-1.042027189325612,0.0,121.79509836811262,112.74615579997993,-1.0425546566899158,0.0
121.29401260113009,112.09295572403997,-1.2514241436569882,0.0,120.97465351144704,111.59765503611209,-0.7410727296046198,0.0,121.81565953818081,113.98099039417139,-1.3064947818088801,0.0,122.37141709005428,113.83057995091386,-1.042027189325612,0.0
121.30629014406671,112.0323188766086,-0.6131253580038528,0.0,121.29401260113009,112.09295572403997,-1.2514241436569882,0.0,120.97465351144704,111.59765503611209,-0.7410727296046198,0.0,121.81565953818081,113.98099039417139,-1.3064947818088801,0.0
120.93005498047381,111.20344901656082,-0.9916087958664447,0.0,121.30629014406671,112.0323188766086,-0.6131253580038528,0.0,121.29401260113009,112.09295572403997,-1.2514241436569882,0.0,120.97465351144704,111.59765503611209,-0.7410727296046198,0.0
120.31169752154052,111.83316033961796,-1.1695046553696733,0.0,120.93005498047381,111.20344901656082,-0.9916087958664447,0.0,121.30629014406671,112.0323188766086,-0.6131253580038528,0.0,121.29401260113009,112.09295572403997,-1.2514241436569882,0.0
120.60510494880225,112.80145349588881,-1.6689963196035773,0.0,120.31169752154052,111.83316033961796,-1.1695046553696733,0.0,120.93005498047381,111.20344901656082,-0.9916087958664447,0.0,121.30629014406671,112.0323188766086,-0.6131253580038528,0.0
121.32478737211194,112.94430065483567,-1.5858981291256802,0.0,120.60510494880225,112.80145349588881,-1.6689963196035773,0.0,120.31169752154052,111.83316033961796,-1.1695046553696733,0.0,120.93005498047381,111.20344901656082,-0.9916087958664447,0.0
121.72494163442468,112.54730019616187,-0.7810622740615547,0.0,121.32478737211194,112.94430065483567,-1.5858981291256802,0.0,120.60510494880225,112.80145349588881,-1.6689963196035773,0.0,120.31169752154052,111.83316033961796,-1.1695046553696733,0.0
121.81828958237276,111.80034099173241,-0.36703577502726553,0.0,121.72494163442468,112.54730019616187,-0.7810622740615547,0.0,121.32478737211194,112.94430065483567,-1.5858981291256802,0.0,120.60510494880225,112.80145349588881,-1.6689963196035773,0.0
122.08043857495723,112.27233755099704,0.1955824359922051,0.0,121.81828958237276,111.80034099173241,-0.36703577502726553,0.0,121.72494163442468,112.54730019616187,-0.7810622740615547,0.0,121.32478737211194,112.94430065483567,-1.5858981291256802,0.0
122.10078381979551,110.9991994796273,0.417537221760732,0.0,122.08043857495723,112.27233755099704,0.1955824359922051,0.0,121.81828958237276,111.80034099173241,-0.36703577502726553,0.0,121.72494163442468,112.54730019616187,-0.7810622740615547,0.0
121.43242628718201,110.66677294278446,-0.21780513685659897,0.0,122.10078381979551,110.9991994796273,0.417537221760732,0.0,122.08043857495723,112.27233755099704,0.1955824359922051,0.0,121.81828958237276,111.80034099173241,-0.36703577502726553,0.0
120.8738414289307,111.2330521640639,-0.33963872164905784,0.0,121.43242628718201,110.66677294278446,-0.21780513685659897,0.0,122.10078381979551,110.9991994796273,0.417537221760732,0.0,122.08043857495723,112.27233755099704,0.1955824359922051,0.0
121.04346772577422,111.08042305756007,-0.6618105418779776,0.0,120.8738414289307,111.2330521640639,-0.33963872164905784,0.0,121.43242628718201,110.66677294278446,-0.21780513685659897,0.0,122.10078381979551,110.9991994796273,0.417537221760732,0.0
121.1760257729491,111.56843528974457,0.13583901851713798,0.0,121.04346772577422,111.08042305756007,-0.6618105418779776,0.0,120.8738414289307,111.2330521640639,-0.33963872164905784,0.0,121.43242628718201,110.66677294278446,-0.21780513685659897,0.0
121.77972032449738,111.73183266230586,-0.4897231083994454,0.0,121.1760257729491,111.56843528974457,0.13583901851713798,0.0,121.04346772577422,111.08042305756007,-0.6618105418779776,0.0,120.8738414289307,111.2330521640639,-0.33963872164905784,0.0
122.22034647580763,111.6416379135529,0.055070357974999096,0.0,121.77972032449738,111.73183266230586,-0.4897231083994454,0.0,121.1760257729491,111.56843528974457,0.13583901851713798,0.0,121.04346772577422,111.08042305756007,-0.6618105418779776,0.0
122.49995836343052,111.57770650190119,0.49053322143438394,0.0,122.22034647580763,111.6416379135529,0.055070357974999096,0.0,121.77972032449738,111.73183266230586,-0.4897231083994454,0.0,121.1760257729491,111.56843528974457,0.13583901851713798,0.0
122.30933151512797,111.00987638155755,1.3072366780055509,0.0,122.49995836343052,111.57770650190119,0.49053322143438394,0.0,122.22034647580763,111.6416379135529,0.055070357974999096,0.0,121.77972032449738,111.73183266230586,-0.4897231083994454,0.0
121.54793352935307,112.18411195388441,0.840946046089692,0.0,122.30933151512797,111.00987638155755,1.3072366780055509,0.0,122.49995836343052,111.57770650190119,0.49053322143438394,0.0,122.22034647580763,111.6416379135529,0.055070357974999096,0.0
121.88550962786405,111.17745528302831,1.0289179166618347,0.0,121.54793352935307,112.18411195388441,0.840946046089692,0.0,122.30933151512797,111.00987638155755,1.3072366780055509,0.0,122.49995836343052,111.57770650190119,0.49053322143438394,0.0
122.24146902005731,110.59046677730072,1.9639602515988892,0.0,121.88550962786405,111.17745528302831,1.0289179166618347,0.0,121.54793352935307,112.18411195388441,0.840946046089692,0.0,122.30933151512797,111.00987638155755,1.3072366780055509,0.0
121.08340045666296,110.31018056288096,1.2623473628122632,0.0,122.24146902005731,110.59046677730072,1.9639602515988892,0.0,121.88550962786405,111.17745528302831,1.0289179166618347,0.0,121.54793352935307,112.18411195388441,0.840946046089692,0.0
120.91878593854942,110.61530666979226,0.24235776648363083,0.0,121.08340045666296,110.31018056288096,1.2623473628122632,0.0,122.24146902005731,110.59046677730072,1.9639602515988892,0.0,121.88550962786405,111.17745528302831,1.0289179166618347,0.0
120.80163955792021,111.75724008444783,-0.7461188037669771,0.0,120.91878593854942,110.61530666979226,0.24235776648363083,0.0,121.08340045666296,110.31018056288096,1.2623473628122632,0.0,122.24146902005731,110.59046677730072,1.9639602515988892,0.0
121.11223285259487,111.76507788606034,-0.2405390285829161,0.0,120.80163955792021,111.75724008444783,-0.7461188037669771,0.0,120.91878593854942,110.61530666979226,0.24235776648363083,0.0,121.08340045666296,110.31018056288096,1.2623473628122632,0.0
120.86184356727817,112.52524996829769,-1.1340063268956249,0.0,121.11223285259487,111.76507788606034,-0.2405390285829161,0.0,120.80163955792021,111.75724008444783,-0.7461188037669771,0.0,120.91878593854942,110.61530666979226,0.24235776648363083,0.0
121.0455728717846,112.49669395251269,-1.0933645879854614,0.0,120.86184356727817,112.52524996829769,-1.1340063268956249,0.0,121.11223285259487,111.76507788606034,-0.2405390285829161,0.0,120.80163955792021,111.75724008444783,-0.7461188037669771,0.0
121.1680252892419,111.26331076018579,-0.6560350768688887,0.0,121.0455728717846,112.49669395251269,-1.0933645879854614,0.0,120.86184356727817,112.52524996829769,-1.1340063268956249,0.0,121.11223285259487,111.76507788606034,-0.2405390285829161,0.0
121.25400748057615,112.01676030097008,-0.43224029308015394,0.0,121.1680252892419,111.26331076018579,-0.6560350768688887,0.0,121.0455728717846,112.49669395251269,-1.0933645879854614,0.0,120.86184356727817,112.52524996829769,-1.1340063268956249,0.0
121.07188750460107,111.46242666018972,-0.13306980237203703,0.0,121.25400748057615,112.01676030097008,-0.43224029308015394,0.0,121.1680252892419,111.26331076018579,-0.6560350768688887,0.0,121.0455728717846,112.49669395251269,-1.0933645879854614,0.0
120.97793761006865,111.20159733157749,0.004689086002797396,0.0,121.07188750460107,111.46242666018972,-0.13306980237203703,0.0,121.25400748057615,112.01676030097008,-0.43224029308015394,0.0,121.1680252892419,111.26331076018579,-0.6560350768688887,0.0
120.74557200455502,109.93289107219138,0.6431841754589345,0.0,120.97793761006865,111.20159733157749,0.004689086002797396,0.0,121.07188750460107,111.46242666018972,-0.13306980237203703,0.0,121.25400748057615,112.01676030097008,-0.43224029308015394,0.0
121.23792097013717,110.97140707587516,0.03838914999774906,0.0,120.74557200455502,109.93289107219138,0.6431841754589345,0.0,120.97793761006865,111.20159733157749,0.004689086002797396,0.0,121.07188750460107,111.46242666018972,-0.13306980237203703,0.0
121.60417368044075,113.43428819929343,-0.3077862492310664,0.0,121.23792097013717,110.97140707587516,0.03838914999774906,0.0,120.74557200455502,109.93289107219138,0.6431841754589345,0.0,120.97793761006865,111.20159733157749,0.004689086002797396,0.0
121.325659917652,111.4474010327585,-0.6325587220202651,0.0,121.60417368044075,113.43428819929343,-0.3077862492310664,0.0,121.23792097013717,110.97140707587516,0.03838914999774906,0.0,120.74557200455502,109.93289107219138,0.6431841754589345,0.0
122.24019964704951,111.61296670161252,-0.09095107168490701,0.0,121.325659917652,111.4474010327585,-0.6325587220202651,0.0,121.60417368044075,113.43428819929343,-0.3077862492310664,0.0,121.23792097013717,110.97140707587516,0.03838914999774906,0.0
122.02616785935906,112.17382269119031,0.3774384368496062,0.0,122.24019964704951,111.61296670161252,-0.09095107168490701,0.0,121.325659917652,111.4474010327585,-0.6325587220202651,0.0,121.60417368044075,113.43428819929343,-0.3077862492310664,0.0
122.75056934640392,112.70915505963245,0.5275634091389391,0.0,122.02616785935906,112.17382269119031,0.3774384368496062,0.0,122.24019964704951,111.61296670161252,-0.09095107168490701,0.0,121.325659917652,111.4474010327585,-0.6325587220202651,0.0
122.30364327004828,111.51497240318128,1.0137975607561152,0.0,122.75056934640392,112.70915505963245,0.5275634091389391,0.0,122.02616785935906,112.17382269119031,0.3774384368496062,0.0,122.24019964704951,111.61296670161252,-0.09095107168490701,0.0
121.25888238856984,111.41486678338143,0.2220176149167018,0.0,122.30364327004828,111.51497240318128,1.0137975607561152,0.0,122.75056934640392,112.70915505963245,0.5275634091389391,0.0,122.02616785935906,112.17382269119031,0.3774384368496062,0.0
121.68034695480587,110.55715737012369,1.01122614770893,0.0,121.25888238856984,111.41486678338143,0.2220176149167018,0.0,122.30364327004828,111.51497240318128,1.0137975607561152,0.0,122.75056934640392,112.70915505963245,0.5275634091389391,0.0
121.9032542816156,111.30591669577174,1.570600229023273,0.0,121.68034695480587,110.55715737012369,1.01122614770893,0.0,121.25888238856984,111.41486678338143,0.2220176149167018,0.0,122.30364327004828,111.51497240318128,1.0137975607561152,0.0
121.99339684936898,110.92806947154591,1.624291181841492,0.0,121.9032542816156,111.30591669577174,1.570600229023273,0.0,121.68034695480587,110.55715737012369,1.01122614770893,0.0,121.25888238856984,111.41486678338143,0.2220176149167018,0.0
121.83009313359095,108.87016213364478,2.1903323998587236,0.0,121.99339684936898,110.92806947154591,1.624291181841492,0.0,121.9032542816156,111.30591669577174,1.570600229023273,0.0,121.68034695480587,110.55715737012369,1.01122614770893,0.0
121.87598153404625,111.41613720167214,0.9239543160480921,0.0,121.83009313359095,108.87016213364478,2.1903323998587236,0.0,121.99339684936898,110.92806947154591,1.624291181841492,0.0,121.9032542816156,111.30591669577174,1.570600229023273,0.0
121.71436968999063,110.61571616623203,0.4769393847071478,0.0,121.87598153404625,111.41613720167214,0.9239543160480921,0.0,121.83009313359095,108.87016213364478,2.1903323998587236,0.0,121.99339684936898,110.92806947154591,1.624291181841492,0.0
121.64752325008347,111.45595437486364,0.013899777424742132,0.0,121.71436968999063,110.61571616623203,0.4769393847071478,0.0,121.87598153404625,111.41613720167214,0.9239543160480921,0.0,121.83009313359095,108.87016213364478,2.1903323998587236,0.0
122.10685334216717,112.63962771564283,0.37185948381846534,0.0,121.64752325008347,111.45595437486364,0.013899777424742132,0.0,121.71436968999063,110.61571616623203,0.4769393847071478,0.0,121.87598153404625,111.41613720167214,0.9239543160480921,0.0
122.17342417070655,112.08334235584474,-0.2275827827463005,0.0,122.10685334216717,112.63962771564283,0.37185948381846534,0.0,121.64752325008347,111.45595437486364,0.013899777424742132,0.0,121.71436968999063,110.61571616623203,0.4769393847071478,0.0
122.42914991914286,112.29130222176758,0.19668134847170235,0.0,122.17342417070655,112.08334235584474,-0.2275827827463005,0.0,122.10685334216717,112.63962771564283,0.37185948381846534,0.0,121.64752325008347,111.45595437486364,0.013899777424742132,0.0
122.24583777441327,111.63095815176243,0.8426131507757186,0.0,122.42914991914286,112.29130222176758,0.19668134847170235,0.0,122.17342417070655,112.08334235584474,-0.2275827827463005,0.0,122.10685334216717,112.63962771564283,0.37185948381846534,0.0
122.07892387856253,110.93475336131397,1.0216919706625747,0.0,122.24583777441327,111.63095815176243,0.8426131507757186,0.0,122.42914991914286,112.29130222176758,0.19668134847170235,0.0,122.17342417070655,112.08334235584474,-0.2275827827463005,0.0
121.56783345615517,110.37128762501095,0.9592290883608103,0.0,122.07892387856253,110.93475336131397,1.0216919706625747,0.0,122.24583777441327,111.63095815176243,0.8426131507757186,0.0,122.42914991914286,112.29130222176758,0.19668134847170235,0.0
121.5243910325727,110.89714852134708,0.2734466002382737,0.0,121.56783345615517,110.37128762501095,0.9592290883608103,0.0,122.07892387856253,110.93475336131397,1.0216919706625747,0.0,122.24583777441327,111.63095815176243,0.8426131507757186,0.0
120.07445567553209,109.68999745463017,-0.2046682028720633,0.0,121.5243910325727,110.89714852134708,0.2734466002382737,0.0,121.56783345615517,110.37128762501095,0.9592290883608103,0.0,122.07892387856253,110.93475336131397,1.0216919706625747,0.0
120.28353399962843,109.61839115288859,0.46107489035068266,0.0,120.07445567553209,109.68999745463017,-0.2046682028720633,0.0,121.5243910325727,110.89714852134708,0.2734466002382737,0.0,121.56783345615517,110.37128762501095,0.9592290883608103,0.0
120.656596171047,110.58587880120695,0.7585344142332123,0.0,120.28353399962843,109.61839115288859,0.46107489035068266,0.0,120.07445567553209,109.68999745463017,-0.2046682028720633,0.0,121.5243910325727,110.89714852134708,0.2734466002382737,0.0
121.26156049153933,110.91106544866713,0.5873177716977978,0.0,120.656596171047,110.58587880120695,0.7585344142332123,0.0,120.28353399962843,109.61839115288859,0.46107489035068266,0.0,120.07445567553209,109.68999745463017,-0.2046682028720633,0.0
121.39193393816616,109.65951032605656,0.26089944447529295,0.0,121.26156049153933,110.91106544866713,0.5873177716977978,0.0,120.656596171047,110.58587880120695,0.7585344142332123,0.0,120.28353399962843,109.61839115288859,0.46107489035068266,0.0
121.68122569439639,112.123164545181,-0.8041843809754541,0.0,121.39193393816616,109.65951032605656,0.26089944447529295,0.0,121.26156049153933,110.91106544866713,0.5873177716977978,0.0,120.656596171047,110.58587880120695,0.7585344142332123,0.0
120.71940925870109,110.71353932241794,-1.1787737141225827,0.0,121.68122569439639,112.123164545181,-0.8041843809754541,0.0,121.39193393816616,109.65951032605656,0.26089944447529295,0.0,121.26156049153933,110.91106544866713,0.5873177716977978,0.0
121.03107558240569,110.32066796903428,0.012690572271795486,0.0,120.71940925870109,110.71353932241794,-1.1787737141225827,0.0,121.68122569439639,112.123164545181,-0.8041843809754541,0.0,121.39193393816616,109.65951032605656,0.26089944447529295,0.0
120.43776224273577,110.94693653464171,-0.630075327683797,0.0,121.03107558240569,110.32066796903428,0.012690572271795486,0.0,120.71940925870109,110.71353932241794,-1.1787737141225827,0.0,121.68122569439639,112.123164545181,-0.8041843809754541,0.0
120.22202590050158,110.48064271714753,-0.4093203515364974,0.0,120.43776224273577,110.94693653464171,-0.630075327683797,0.0,121.03107558240569,110.32066796903428,0.012690572271795486,0.0,120.71940925870109,110.71353932241794,-1.1787737141225827,0.0
120.56374926737223,110.40577358194221,0.17626570536840136,0.0,120.22202590050158,110.48064271714753,-0.4093203515364974,0.0,120.43776224273577,110.94693653464171,-0.630075327683797,0.0,121.03107558240569,110.32066796903428,0.012690572271795486,0.0
121.44891795614579,112.80426903377548,-0.48644876970642514,0.0,120.56374926737223,110.40577358194221,0.17626570536840136,0.0,120.22202590050158,110.48064271714753,-0.4093203515364974,0.0,120.43776224273577,110.94693653464171,-0.630075327683797,0.0
121.74318927528061,112.03096942742113,-0.2968037783745985,0.0,121.44891795614579,112.80426903377548,-0.48644876970642514,0.0,120.56374926737223,110.40577358194221,0.17626570536840136,0.0,120.22202590050158,110.48064271714753,-0.4093203515364974,0.0
121.85286620943752,111.01601418711076,0.23151474605564873,0.0,121.74318927528061,112.03096942742113,-0.2968037783745985,0.0,121.44891795614579,112.80426903377548,-0.48644876970642514,0.0,120.56374926737223,110.40577358194221,0.17626570536840136,0.0
121.8734379484151,111.98179648802756,0.19146145779814416,0.0,121.85286620943752,111.01601418711076,0.23151474605564873,0.0,121.74318927528061,112.03096942742113,-0.2968037783745985,0.0,121.44891795614579,112.80426903377548,-0.48644876970642514,0.0
121.64914597315237,109.85579877954956,1.5873706940718995,0.0,121.8734379484151,111.98179648802756,0.19146145779814416,0.0,121.85286620943752,111.01601418711076,0.23151474605564873,0.0,121.74318927528061,112.03096942742113,-0.2968037783745985,0.0
121.51466161359411,110.65326916482906,0.435596925818422,0.0,121.64914597315237,109.85579877954956,1.5873706940718995,0.0,121.8734379484151,111.98179648802756,0.19146145779814416,0.0,121.85286620943752,111.01601418711076,0.23151474605564873,0.0
121.85387370753116,111.43087212159074,0.877841805596677,0.0,121.51466161359411,110.65326916482906,0.435596925818422,0.0,121.64914597315237,109.85579877954956,1.5873706940718995,0.0,121.8734379484151,111.98179648802756,0.19146145779814416,0.0
121.24755215617435,110.85733101256707,0.6158725757791095,0.0,121.85387370753116,111.43087212159074,0.877841805596677,0.0,121.51466161359411,110.65326916482906,0.435596925818422,0.0,121.64914597315237,109.85579877954956,1.5873706940718995,0.0
121.726717971163,111.35701557835992,0.8786581380416252,0.0,121.24755215617435,110.85733101256707,0.6158725757791095,0.0,121.85387370753116,111.43087212159074,0.877841805596677,0.0,121.51466161359411,110.65326916482906,0.435596925818422,0.0
121.63118638811227,111.11868910517404,0.9235800862829231,0.0,121.726717971163,111.35701557835992,0.8786581380416252,0.0,121.24755215617435,110.85733101256707,0.6158725757791095,0.0,121.85387370753116,111.43087212159074,0.877841805596677,0.0
122.09919220414938,112.37070887550456,0.3722859704713402,0.0,121.63118638811227,111.11868910517404,0.9235800862829231,0.0,121.726717971163,111.35701557835992,0.8786581380416252,0.0,121.24755215617435,110.85733101256707,0.6158725757791095,0.0
122.5314339324109,112.56933119049319,0.4123269726067423,0.0,122.09919220414938,112.37070887550456,0.3722859704713402,0.0,121.63118638811227,111.11868910517404,0.9235800862829231,0.0,121.726717971163,111.35701557835992,0.8786581380416252,0.0
121.6134638803001,111.50282518751493,-0.5990891476137498,0.0,122.5314339324109,112.56933119049319,0.4123269726067423,0.0,122.09919220414938,112.37070887550456,0.3722859704713402,0.0,121.63118638811227,111.11868910517404,0.9235800862829231,0.0
121.39829658905616,112.03368267140658,-0.17764756780530294,0.0,121.6134638803001,111.50282518751493,-0.5990891476137498,0.0,122.5314339324109,112.56933119049319,0.4123269726067423,0.0,122.09919220414938,112.37070887550456,0.3722859704713402,0.0
121.13750758732256,111.06731679904121,0.006961178751020453,0.0,121.39829658905616,112.03368267140658,-0.17764756780530294,0.0,121.6134638803001,111.50282518751493,-0.5990891476137498,0.0,122.5314339324109,112.56933119049319,0.4123269726067423,0.0
120.48315744747221,110.40969279698535,0.32489902732236753,0.0,121.13750758732256,111.06731679904121,0.006961178751020453,0.0,121.39829658905616,112.03368267140658,-0.17764756780530294,0.0,121.6134638803001,111.50282518751493,-0.5990891476137498,0.0
120.41826655954196,109.03985520662201,0.7889783844014691,0.0,120.48315744747221,110.40969279698535,0.32489902732236753,0.0,121.13750758732256,111.06731679904121,0.006961178751020453,0.0,121.39829658905616,112.03368267140658,-0.17764756780530294,0.0
122.02739986577394,110.55682608984608,0.8149926276260308,0.0,120.41826655954196,109.03985520662201,0.7889783844014691,0.0,120.48315744747221,110.40969279698535,0.32489902732236753,0.0,121.13750758732256,111.06731679904121,0.006961178751020453,0.0
122.36626526750366,111.20819146443426,0.7260388119999628,0.0,122.02739986577394,110.55682608984608,0.8149926276260308,0.0,120.41826655954196,109.03985520662201,0.7889783844014691,0.0,120.48315744747221,110.40969279698535,0.32489902732236753,0.0
123.20602324399701,112.91265908617629,0.1402968812693241,0.0,122.36626526750366,111.20819146443426,0.7260388119999628,0.0,122.02739986577394,110.55682608984608,0.8149926276260308,0.0,120.41826655954196,109.03985520662201,0.7889783844014691,0.0
123.29656922185266,113.6559718670822,-0.2438728768090662,0.0,123.20602324399701,112.91265908617629,0.1402968812693241,0.0,122.36626526750366,111.20819146443426,0.7260388119999628,0.0,122.02739986577394,110.55682608984608,0.8149926276260308,0.0
122.62519083790968,112.8228591813639,0.39826900864141257,0.0,123.29656922185266,113.6559718670822,-0.2438728768090662,0.0,123.20602324399701,112.91265908617629,0.1402968812693241,0.0,122.36626526750366,111.20819146443426,0.7260388119999628,0.0
122.39018518048296,110.38163783015571,1.0367829097661194,0.0,122.62519083790968,112.8228591813639,0.39826900864141257,0.0,123.29656922185266,113.6559718670822,-0.2438728768090662,0.0,123.20602324399701,112.91265908617629,0.1402968812693241,0.0
122.5932313948053,112.26269679402472,0.7103711096568686,0.0,122.39018518048296,110.38163783015571,1.0367829097661194,0.0,122.62519083790968,112.8228591813639,0.39826900864141257,0.0,123.29656922185266,113.6559718670822,-0.2438728768090662,0.0
122.70428027554684,111.78115884067827,0.5912982613521319,0.0,122.5932313948053,112.26269679402472,0.7103711096568686,0.0,122.39018518048296,110.38163783015571,1.0367829097661194,0.0,122.62519083790968,112.8228591813639,0.39826900864141257,0.0
122.28788468855062,111.7373704806541,0.02073142158482255,0.0,122.70428027554684,111.78115884067827,0.5912982613521319,0.0,122.5932313948053,112.26269679402472,0.7103711096568686,0.0,122.39018518048296,110.38163783015571,1.0367829097661194,0.0
121.51578793440319,111.1904646229543,0.6029635599015805,0.0,122.28788468855062,111.7373704806541,0.02073142158482255,0.0,122.70428027554684,111.78115884067827,0.5912982613521319,0.0,122.5932313948053,112.26269679402472,0.7103711096568686,0.0
123.26020496894114,111.92611944551598,0.8150792597671537,0.0,121.51578793440319,111.1904646229543,0.6029635599015805,0.0,122.28788468855062,111.7373704806541,0.02073142158482255,0.0,122.70428027554684,111.78115884067827,0.5912982613521319,0.0
122.98840769082598,110.98362896311096,1.6226721260455976,0.0,123.26020496894114,111.92611944551598,0.8150792597671537,0.0,121.51578793440319,111.1904646229543,0.6029635599015805,0.0,122.28788468855062,111.7373704806541,0.02073142158482255,0.0
122.68000439053938,110.9570463106019,0.8589761622466088,0.0,122.98840769082598,110.98362896311096,1.6226721260455976,0.0,123.26020496894114,111.92611944551598,0.8150792597671537,0.0,121.51578793440319,111.1904646229543,0.6029635599015805,0.0
122.5846151730837,112.32111142600888,0.4981769802881785,0.0,122.68000439053938,110.9570463106019,0.8589761622466088,0.0,122.98840769082598,110.98362896311096,1.6226721260455976,0.0,123.26020496894114,111.92611944551598,0.8150792597671537,0.0
122.32370901967057,112.45237648281713,0.514264545493329,0.0,122.5846151730837,112.32111142600888,0.4981769802881785,0.0,122.68000439053938,110.9570463106019,0.8589761622466088,0.0,122.98840769082598,110.98362896311096,1.6226721260455976,0.0
122.32802594853904,111.84611442100373,0.7346564052575486,0.0,122.32370901967057,112.45237648281713,0.514264545493329,0.0,122.5846151730837,112.32111142600888,0.4981769802881785,0.0,122.68000439053938,110.9570463106019,0.8589761622466088,0.0
122.89058124354706,112.30626316684766,0.4798913054322228,0.0,122.32802594853904,111.84611442100373,0.7346564052575486,0.0,122.32370901967057,112.45237648281713,0.514264545493329,0.0,122.5846151730837,112.32111142600888,0.4981769802881785,0.0
122.61811209345478,112.64157323079331,-0.05256750088107193,0.0,122.89058124354706,112.30626316684766,0.4798913054322228,0.0,122.32802594853904,111.84611442100373,0.7346564052575486,0.0,122.32370901967057,112.45237648281713,0.514264545493329,0.0
121.92688666274377,111.72495584712411,0.398649763756928,0.0,122.61811209345478,112.64157323079331,-0.05256750088107193,0.0,122.89058124354706,112.30626316684766,0.4798913054322228,0.0,122.32802594853904,111.84611442100373,0.7346564052575486,0.0
121.85422082961449,112.12933206682476,0.6794874922783333,0.0,121.92688666274377,111.72495584712411,0.398649763756928,0.0,122.61811209345478,112.64157323079331,-0.05256750088107193,0.0,122.89058124354706,112.30626316684766,0.4798913054322228,0.0
121.68305761434944,111.3623631727441,0.08545294354080413,0.0,121.85422082961449,112.12933206682476,0.6794874922783333,0.0,121.92688666274377,111.72495584712411,0.398649763756928,0.0,122.61811209345478,112.64157323079331,-0.05256750088107193,0.0
122.51905558080887,110.78679958588239,0.7460837553853912,0.0,121.68305761434944,111.3623631727441,0.08545294354080413,0.0,121.85422082961449,112.12933206682476,0.6794874922783333,0.0,121.92688666274377,111.72495584712411,0.398649763756928,0.0
123.02048437706122,111.6063923990931,1.1819663589066147,0.0,122.51905558080887,110.78679958588239,0.7460837553853912,0.0,121.68305761434944,111.3623631727441,0.08545294354080413,0.0,121.85422082961449,112.12933206682476,0.6794874922783333,0.0
122.89144233964588,111.57415324436997,1.0127213357491882,0.0,123.02048437706122,111.6063923990931,1.1819663589066147,0.0,122.51905558080887,110.78679958588239,0.7460837553853912,0.0,121.68305761434944,111.3623631727441,0.08545294354080413,0.0
122.12437702566699,110.98817837280203,0.8499759997873688,0.0,122.89144233964588,111.57415324436997,1.0127213357491882,0.0,123.02048437706122,111.6063923990931,1.1819663589066147,0.0,122.51905558080887,110.78679958588239,0.7460837553853912,0.0
121.56603060936197,110.41049758903293,0.9570096853878487,0.0,122.12437702566699,110.98817837280203,0.8499759997873688,0.0,122.89144233964588,111.57415324436997,1.0127213357491882,0.0,123.02048437706122,111.6063923990931,1.1819663589066147,0.0
121.71468150296445,110.91409230634827,0.33475621318214993,0.0,121.56603060936197,110.41049758903293,0.9570096853878487,0.0,122.12437702566699,110.98817837280203,0.8499759997873688,0.0,122.89144233964588,111.57415324436997,1.0127213357491882,0.0
121.9656495853031,111.48514203458248,0.28282071012776105,0.0,121.71468150296445,110.91409230634827,0.33475621318214993,0.0,121.56603060936197,110.41049758903293,0.9570096853878487,0.0,122.12437702566699,110.98817837280203,0.8499759997873688,0.0
121.74751863726476,112.75379242629376,-0.8499352042023813,0.0,121.9656495853031,111.48514203458248,0.28282071012776105,0.0,121.71468150296445,110.91409230634827,0.33475621318214993,0.0,121.56603060936197,110.41049758903293,0.9570096853878487,0.0
121.54851845516902,112.18823325078381,-0.24172034061043735,0.0,121.74751863726476,112.75379242629376,-0.8499352042023813,0.0,121.9656495853031,111.48514203458248,0.28282071012776105,0.0,121.71468150296445,110.91409230634827,0.33475621318214993,0.0
121.32141396378896,112.4200236751386,-0.9741228837092796,0.0,121.54851845516902,112.18823325078381,-0.24172034061043735,0.0,121.74751863726476,112.75379242629376,-0.8499352042023813,0.0,121.9656495853031,111.48514203458248,0.28282071012776105,0.0
121.47800762731697,111.34853127184456,-0.02758839275292424,0.0,121.32141396378896,112.4200236751386,-0.9741228837092796,0.0,121.54851845516902,112.18823325078381,-0.24172034061043735,0.0,121.74751863726476,112.75379242629376,-0.8499352042023813,0.0
120.4512060130759,110.79637825482297,-0.18713076118556454,0.0,121.47800762731697,111.34853127184456,-0.02758839275292424,0.0,121.32141396378896,112.4200236751386,-0.9741228837092796,0.0,121.54851845516902,112.18823325078381,-0.24172034061043735,0.0
120.29084100776997,110.38920976611828,-0.2555380999140401,0.0,120.4512060130759,110.79637825482297,-0.18713076118556454,0.0,121.47800762731697,111.34853127184456,-0.02758839275292424,0.0,121.32141396378896,112.4200236751386,-0.9741228837092796,0.0
120.38496310970109,110.68368547582438,-0.5182974329734849,0.0,120.29084100776997,110.38920976611828,-0.2555380999140401,0.0,120.4512060130759,110.79637825482297,-0.18713076118556454,0.0,121.47800762731697,111.34853127184456,-0.02758839275292424,0.0
121.33773209700153,111.47979976470623,-0.5586573833398261,0.0,120.38496310970109,110.68368547582438,-0.5182974329734849,0.0,120.29084100776997,110.38920976611828,-0.2555380999140401,0.0,120.4512060130759,110.79637825482297,-0.18713076118556454,0.0
121.15091973252652,110.24718248220486,0.2623397659021574,0.0,121.33773209700153,111.47979976470623,-0.5586573833398261,0.0,120.38496310970109,110.68368547582438,-0.5182974329734849,0.0,120.29084100776997,110.38920976611828,-0.2555380999140401,0.0
121.39163658725857,112.38666539356498,-1.0340325155458139,0.0,121.15091973252652,110.24718248220486,0.2623397659021574,0.0,121.33773209700153,111.47979976470623,-0.5586573833398261,0.0,120.38496310970109,110.68368547582438,-0.5182974329734849,0.0
121.60423720492766,112.44686880689403,-0.18874331939255728,0.0,121.39163658725857,112.38666539356498,-1.0340325155458139,0.0,121.15091973252652,110.24718248220486,0.2623397659021574,0.0,121.33773209700153,111.47979976470623,-0.5586573833398261,0.0
122.30916311295607,112.46369807632882,0.01801708503680824,0.0,121.60423720492766,112.44686880689403,-0.18874331939255728,0.0,121.39163658725857,112.38666539356498,-1.0340325155458139,0.0,121.15091973252652,110.24718248220486,0.2623397659021574,0.0
122.8097770478449,113.37684292004079,-0.5890971558991612,0.0,122.30916311295607,112.46369807632882,0.01801708503680824,0.0,121.60423720492766,112.44686880689403,-0.18874331939255728,0.0,121.39163658725857,112.38666539356498,-1.0340325155458139,0.0
122.49783737039222,114.42465566972473,-1.0089339212439479,0.0,122.8097770478449,113.37684292004079,-0.5890971558991612,0.0,122.30916311295607,112.46369807632882,0.01801708503680824,0.0,121.60423720492766,112.44686880689403,-0.18874331939255728,0.0
122.18742534052579,111.46204370386559,0.031049376608943136,0.0,122.49783737039222,114.42465566972473,-1.0089339212439479,0.0,122.8097770478449,113.37684292004079,-0.5890971558991612,0.0,122.30916311295607,112.46369807632882,0.01801708503680824,0.0
121.80874997322509,112.18547495565409,-0.4479139386842111,0.0,122.18742534052579,111.46204370386559,0.031049376608943136,0.0,122.49783737039222,114.42465566972473,-1.0089339212439479,0.0,122.8097770478449,113.37684292004079,-0.5890971558991612,0.0
121.70404939799946,112.44837938695468,-0.9350064062453486,0.0,121.80874997322509,112.18547495565409,-0.4479139386842111,0.0,122.18742534052579,111.46204370386559,0.031049376608943136,0.0,122.49783737039222,114.42465566972473,-1.0089339212439479,0.0
121.59180343820022,111.08838806075099,-0.17934785381391427,0.0,121.70404939799946,112.44837938695468,-0.9350064062453486,0.0,121.80874997322509,112.18547495565409,-0.4479139386842111,0.0,122.18742534052579,111.46204370386559,0.031049376608943136,0.0
121.93885027832411,112.22812353830349,0.025798155091825703,0.0,121.59180343820022,111.08838806075099,-0.17934785381391427,0.0,121.70404939799946,112.44837938695468,-0.9350064062453486,0.0,121.80874997322509,112.18547495565409,-0.4479139386842111,0.0
122.14587615853739,112.30717945729012,-0.44832426419473886,0.0,121.93885027832411,112.22812353830349,0.025798155091825703,0.0,121.59180343820022,111.08838806075099,-0.17934785381391427,0.0,121.70404939799946,112.44837938695468,-0.9350064062453486,0.0
122.3784167363259,112.68369572153034,-0.2503469236534816,0.0,122.14587615853739,112.30717945729012,-0.44832426419473886,0.0,121.93885027832411,112.22812353830349,0.025798155091825703,0.0,121.59180343820022,111.08838806075099,-0.17934785381391427,0.0
122.84963369434882,113.6548310085997,-0.713153880742924,0.0,122.3784167363259,112.68369572153034,-0.2503469236534816,0.0,122.14587615853739,112.30717945729012,-0.44832426419473886,0.0,121.93885027832411,112.22812353830349,0.025798155091825703,0.0
123.51507722496656,113.92128582425178,-0.020112405383036602,0.0,122.84963369434882,113.6548310085997,-0.713153880742924,0.0,122.3784167363259,112.68369572153034,-0.2503469236534816,0.0,122.14587615853739,112.30717945729012,-0.44832426419473886,0.0
123.27786984278637,111.93047267781296,0.5145955581301375,0.0,123.51507722496656,113.92128582425178,-0.020112405383036602,0.0,122.84963369434882,113.6548310085997,-0.713153880742924,0.0,122.3784167363259,112.68369572153034,-0.2503469236534816,0.0
123.52049927259124,113.03056974671395,0.6776795459150815,0.0,123.27786984278637,111.93047267781296,0.5145955581301375,0.0,123.51507722496656,113.92128582425178,-0.020112405383036602,0.0,122.84963369434882,113.6548310085997,-0.713153880742924,0.0
123.04209965780576,111.96939336700231,0.7229741673555735,0.0,123.52049927259124,113.03056974671395,0.6776795459150815,0.0,123.27786984278637,111.93047267781296,0.5145955581301375,0.0,123.51507722496656,113.92128582425178,-0.020112405383036602,0.0
123.38310162206214,112.86163191947998,1.4589733963181457,0.0,123.04209965780576,111.96939336700231,0.7229741673555735,0.0,123.52049927259124,113.03056974671395,0.6776795459150815,0.0,123.27786984278637,111.93047267781296,0.5145955581301375,0.0
123.6429396985879,111.88592355299437,1.1670218807486294,0.0,123.38310162206214,112.86163191947998,1.4589733963181457,0.0,123.04209965780576,111.96939336700231,0.7229741673555735,0.0,123.52049927259124,113.03056974671395,0.6776795459150815,0.0
123.77333242365256,112.9045464037855,0.342680441888503,0.0,123.6429396985879,111.88592355299437,1.1670218807486294,0.0,123.38310162206214,112.86163191947998,1.4589733963181457,0.0,123.04209965780576,111.96939336700231,0.7229741673555735,0.0
123.42198169311581,112.87438332804018,0.49888130992695584,0.0,123.77333242365256,112.9045464037855,0.342680441888503,0.0,123.6429396985879,111.88592355299437,1.1670218807486294,0.0,123.38310162206214,112.86163191947998,1.4589733963181457,0.0
122.82841822807548,111.49976088843434,1.4421285727101216,0.0,123.42198169311581,112.87438332804018,0.49888130992695584,0.0,123.77333242365256,112.9045464037855,0.342680441888503,0.0,123.6429396985879,111.88592355299437,1.1670218807486294,0.0
122.00741573261594,111.161092618234,0.6463231115751712,0.0,122.82841822807548,111.49976088843434,1.4421285727101216,0.0,123.42198169311581,112.87438332804018,0.49888130992695584,0.0,123.77333242365256,112.9045464037855,0.342680441888503,0.0
122.0570953372856,110.57637290093228,0.3363271059131441,0.0,122.00741573261594,111.161092618234,0.6463231115751712,0.0,122.82841822807548,111.49976088843434,1.4421285727101216,0.0,123.42198169311581,112.87438332804018,0.49888130992695584,0.0
122.75425319873291,113.1585868444034,0.4772847037812416,0.0,122.0570953372856,110.57637290093228,0.3363271059131441,0.0,122.00741573261594,111.161092618234,0.6463231115751712,0.0,122.82841822807548,111.49976088843434,1.4421285727101216,0.0
122.46264243801882,111.71675340570965,0.3548753385221238,0.0,122.75425319873291,113.1585868444034,0.4772847037812416,0.0,122.0570953372856,110.57637290093228,0.3363271059131441,0.0,122.00741573261594,111.161092618234,0.6463231115751712,0.0
122.69478498535494,113.35784515580286,-0.20725151937095826,0.0,122.46264243801882,111.71675340570965,0.3548753385221238,0.0,122.75425319873291,113.1585868444034,0.4772847037812416,0.0,122.0570953372856,110.57637290093228,0.3363271059131441,0.0
122.94958296596843,112.56441445149983,0.3951277126184688,0.0,122.69478498535494,113.35784515580286,-0.20725151937095826,0.0,122.46264243801882,111.71675340570965,0.3548753385221238,0.0,122.75425319873291,113.1585868444034,0.4772847037812416,0.0
122.65279274846608,111.30061027690203,1.4761225311034047,0.0,122.94958296596843,112.56441445149983,0.3951277126184688,0.0,122.69478498535494,113.35784515580286,-0.20725151937095826,0.0,122.46264243801882,111.71675340570965,0.3548753385221238,0.0
123.17490176076898,112.11009713527318,1.2789637543946775,0.0,122.65279274846608,111.30061027690203,1.4761225311034047,0.0,122.94958296596843,112.56441445149983,0.3951277126184688,0.0,122.69478498535494,113.35784515580286,-0.20725151937095826,0.0
121.53703452483906,110.97113023071765,0.5711368586477419,0.0,123.17490176076898,112.11009713527318,1.2789637543946775,0.0,122.65279274846608,111.30061027690203,1.4761225311034047,0.0,122.94958296596843,112.56441445149983,0.3951277126184688,0.0
121.02287586960932,111.90753221785678,-0.31757077560854396,0.0,121.53703452483906,110.97113023071765,0.5711368586477419,0.0,123.17490176076898,112.11009713527318,1.2789637543946775,0.0,122.65279274846608,111.30061027690203,1.4761225311034047,0.0
120.83805773992154,110.44853615173383,-0.12506862987624476,0.0,121.02287586960932,111.90753221785678,-0.31757077560854396,0.0,121.53703452483906,110.97113023071765,0.5711368586477419,0.0,123.17490176076898,112.11009713527318,1.2789637543946775,0.0
120.70317074391565,111.14835873175778,0.451883767757133,0.0,120.83805773992154,110.44853615173383,-0.12506862987624476,0.0,121.02287586960932,111.90753221785678,-0.31757077560854396,0.0,121.53703452483906,110.97113023071765,0.5711368586477419,0.0
121.21344450277985,110.3444713589123,0.5990908874533972,0.0,120.70317074391565,111.14835873175778,0.451883767757133,0.0,120.83805773992154,110.44853615173383,-0.12506862987624476,0.0,121.02287586960932,111.90753221785678,-0.31757077560854396,0.0
121.55382347325013,111.23902061001414,0.4780707895032909,0.0,121.21344450277985,110.3444713589123,0.5990908874533972,0.0,120.70317074391565,111.14835873175778,0.451883767757133,0.0,120.83805773992154,110.44853615173383,-0.12506862987624476,0.0
121.82397331678841,112.3216149579842,0.08782080570797968,0.0,121.55382347325013,111.23902061001414,0.4780707895032909,0.0,121.21344450277985,110.3444713589123,0.5990908874533972,0.0,120.70317074391565,111.14835873175778,0.451883767757133,0.0
122.13189307254505,112.5065265590384,-0.4758251717926611,0.0,121.82397331678841,112.3216149579842,0.08782080570797968,0.0,121.55382347325013,111.23902061001414,0.4780707895032909,0.0,121.21344450277985,110.3444713589123,0.5990908874533972,0.0
121.61273730722093,112.35449732484585,0.03671552572831216,0.0,122.13189307254505,112.5065265590384,-0.4758251717926611,0.0,121.82397331678841,112.3216149579842,0.08782080570797968,0.0,121.55382347325013,111.23902061001414,0.4780707895032909,0.0
121.1489595899808,110.64284444784556,0.48625823127544254,0.0,121.61273730722093,112.35449732484585,0.03671552572831216,0.0,122.13189307254505,112.5065265590384,-0.4758251717926611,0.0,121.82397331678841,112.3216149579842,0.08782080570797968,0.0
121.48815492845432,112.58345169068514,-0.3838583083250125,0.0,121.1489595899808,110.64284444784556,0.48625823127544254,0.0,121.61273730722093,112.35449732484585,0.03671552572831216,0.0,122.13189307254505,112.5065265590384,-0.4758251717926611,0.0
121.34412509539973,110.62565621081046,0.4878328424303319,0.0,121.48815492845432,112.58345169068514,-0.3838583083250125,0.0,121.1489595899808,110.64284444784556,0.48625823127544254,0.0,121.61273730722093,112.35449732484585,0.03671552572831216,0.0
120.76268449001391,110.54756127243786,0.6773018843912662,0.0,121.34412509539973,110.62565621081046,0.4878328424303319,0.0,121.48815492845432,112.58345169068514,-0.3838583083250125,0.0,121.1489595899808,110.64284444784556,0.48625823127544254,0.0
121.5682160241528,110.55207420258154,1.2416388300859098,0.0,120.76268449001391,110.54756127243786,0.6773018843912662,0.0,121.34412509539973,110.62565621081046,0.4878328424303319,0.0,121.48815492845432,112.58345169068514,-0.3838583083250125,0.0
122.35769987310789,111.88847798931016,0.3222471898261704,0.0,121.5682160241528,110.55207420258154,1.2416388300859098,0.0,120.76268449001391,110.54756127243786,0.6773018843912662,0.0,121.34412509539973,110.62565621081046,0.4878328424303319,0.0
122.97540102309262,113.78678640486052,-0.4251143258467831,0.0,122.35769987310789,111.88847798931016,0.3222471898261704,0.0,121.5682160241528,110.55207420258154,1.2416388300859098,0.0,120.76268449001391,110.54756127243786,0.6773018843912662,0.0
122.81109216518257,113.25465028057778,-0.414576115561075,0.0,122.97540102309262,113.78678640486052,-0.4251143258467831,0.0,122.35769987310789,111.88847798931016,0.3222471898261704,0.0,121.5682160241528,110.55207420258154,1.2416388300859098,0.0
122.87617198442985,113.71335591405358,-0.08026867900126289,0.0,122.81109216518257,113.25465028057778,-0.414576115561075,0.0,122.97540102309262,113.78678640486052,-0.4251143258467831,0.0,122.35769987310789,111.88847798931016,0.3222471898261704,0.0
123.37461129783608,112.2252080277755,0.8339654682624715,0.0,122.87617198442985,113.71335591405358,-0.08026867900126289,0.0,122.81109216518257,113.25465028057778,-0.414576115561075,0.0,122.97540102309262,113.78678640486052,-0.4251143258467831,0.0
122.83249007616361,110.9298213418707,1.020211831517543,0.0,123.37461129783608,112.2252080277755,0.8339654682624715,0.0,122.87617198442985,113.71335591405358,-0.08026867900126289,0.0,122.81109216518257,113.25465028057778,-0.414576115561075,0.0
123.26274053904389,111.17180727828091,0.6948288268080178,0.0,122.83249007616361,110.9298213418707,1.020211831517543,0.0,123.37461129783608,112.2252080277755,0.8339654682624715,0.0,122.87617198442985,113.71335591405358,-0.08026867900126289,0.0
123.0974320712896,113.00916954034292,0.042678457613468224,0.0,123.26274053904389,111.17180727828091,0.6948288268080178,0.0,122.83249007616361,110.9298213418707,1.020211831517543,0.0,123.37461129783608,112.2252080277755,0.8339654682624715,0.0
123.32091784699564,112.27767272414673,0.6491430524503496,0.0,123.0974320712896,113.00916954034292,0.042678457613468224,0.0,123.26274053904389,111.17180727828091,0.6948288268080178,0.0,122.83249007616361,110.9298213418707,1.020211831517543,0.0
123.05439355492004,113.90774466228885,0.036961729084922346,0.0,123.32091784699564,112.27767272414673,0.6491430524503496,0.0,123.0974320712896,113.00916954034292,0.042678457613468224,0.0,123.26274053904389,111.17180727828091,0.6948288268080178,0.0
123.49657308571466,111.90140226190775,0.8438036606540987,0.0,123.05439355492004,113.90774466228885,0.036961729084922346,0.0,123.32091784699564,112.27767272414673,0.6491430524503496,0.0,123.0974320712896,113.00916954034292,0.042678457613468224,0.0
123.29054151680629,112.36957666072422,0.5328506037200245,0.0,123.49657308571466,111.90140226190775,0.8438036606540987,0.0,123.05439355492004,113.90774466228885,0.036961729084922346,0.0,123.32091784699564,112.27767272414673,0.6491430524503496,0.0
122.32326087957314,111.34365608276383,1.2215715192849448,0.0,123.29054151680629,112.36957666072422,0.5328506037200245,0.0,123.49657308571466,111.90140226190775,0.8438036606540987,0.0,123.05439355492004,113.90774466228885,0.036961729084922346,0.0
123.02984541223427,111.0945321516322,1.316722860457595,0.0,122.32326087957314,111.34365608276383,1.2215715192849448,0.0,123.29054151680629,112.36957666072422,0.5328506037200245,0.0,123.49657308571466,111.90140226190775,0.8438036606540987,0.0
122.3742791281595,111.5166366228373,0.9848805436448469,0.0,123.02984541223427,111.0945321516322,1.316722860457595,0.0,122.32326087957314,111.34365608276383,1.2215715192849448,0.0,123.29054151680629,112.36957666072422,0.5328506037200245,0.0
122.89610675288033,112.59691309538479,0.5282062490028143,0.0,122.3742791281595,111.5166366228373,0.9848805436448469,0.0,123.02984541223427,111.0945321516322,1.316722860457595,0.0,122.32326087957314,111.34365608276383,1.2215715192849448,0.0
122.66309798832974,112.17331946508679,0.2521110605292116,0.0,122.89610675288033,112.59691309538479,0.5282062490028143,0.0,122.3742791281595,111.5166366228373,0.9848805436448469,0.0,123.02984541223427,111.0945321516322,1.316722860457595,0.0
123.05970702904519,113.17553708434937,0.41584719461098807,0.0,122.66309798832974,112.17331946508679,0.2521110605292116,0.0,122.89610675288033,112.59691309538479,0.5282062490028143,0.0,122.3742791281595,111.5166366228373,0.9848805436448469,0.0
123.38976509520896,112.50769670921133,0.37125600379764884,0.0,123.05970702904519,113.17553708434937,0.41584719461098807,0.0,122.66309798832974,112.17331946508679,0.2521110605292116,0.0,122.89610675288033,112.59691309538479,0.5282062490028143,0.0
123.23856073616845,113.76645654312813,9.909900376653402e-05,0.0,123.38976509520896,112.50769670921133,0.37125600379764884,0.0,123.05970702904519,113.17553708434937,0.41584719461098807,0.0,122.66309798832974,112.17331946508679,0.2521110605292116,0.0
123.15688386352852,113.76464768439595,-0.08273642595580288,0.0,123.23856073616845,113.76645654312813,9.909900376653402e-05,0.0,123.38976509520896,112.50769670921133,0.37125600379764884,0.0,123.05970702904519,113.17553708434937,0.41584719461098807,0.0
123.05974678420348,113.54149230431273,-0.026900625905067414,0.0,123.15688386352852,113.76464768439595,-0.08273642595580288,0.0,123.23856073616845,113.76645654312813,9.909900376653402e-05,0.0,123.38976509520896,112.50769670921133,0.37125600379764884,0.0
121.81483635501293,112.52097388418633,-1.08588754793146,0.0,123.05974678420348,113.54149230431273,-0.026900625905067414,0.0,123.15688386352852,113.76464768439595,-0.08273642595580288,0.0,123.23856073616845,113.76645654312813,9.909900376653402e-05,0.0
121.87012715273707,112.81814081444773,-0.6396259809508187,0.0,121.81483635501293,112.52097388418633,-1.08588754793146,0.0,123.05974678420348,113.54149230431273,-0.026900625905067414,0.0,123.15688386352852,113.76464768439595,-0.08273642595580288,0.0
121.28980159017961,112.96536087948226,-1.0015613971190582,0.0,121.87012715273707,112.81814081444773,-0.6396259809508187,0.0,121.81483635501293,112.52097388418633,-1.08588754793146,0.0,123.05974678420348,113.54149230431273,-0.026900625905067414,0.0
121.4603781695745,113.14113348884055,-1.3779153192981193,0.0,121.28980159017961,112.96536087948226,-1.0015613971190582,0.0,121.87012715273707,112.81814081444773,-0.6396259809508187,0.0,121.81483635501293,112.52097388418633,-1.08588754793146,0.0
120.95117141119171,112.91319702552582,-1.9460044289938507,0.0,121.4603781695745,113.14113348884055,-1.3779153192981193,0.0,121.28980159017961,112.96536087948226,-1.0015613971190582,0.0,121.87012715273707,112.81814081444773,-0.6396259809508187,0.0
120.49166605394502,113.53590208790627,-2.4537497921290257,0.0,120.95117141119171,112.91319702552582,-1.9460044289938507,0.0,121.4603781695745,113.14113348884055,-1.3779153192981193,0.0,121.28980159017961,112.96536087948226,-1.0015613971190582,0.0
121.4618779876611,114.67844212743762,-2.6407235852593653,0.0,120.49166605394502,113.53590208790627,-2.4537497921290257,0.0,120.95117141119171,112.91319702552582,-1.9460044289938507,0.0,121.4603781695745,113.14113348884055,-1.3779153192981193,0.0
122.03205145256412,113.4434926325371,-2.4670893470227373,0.0,121.4618779876611,114.67844212743762,-2.6407235852593653,0.0,120.49166605394502,113.53590208790627,-2.4537497921290257,0.0,120.95117141119171,112.91319702552582,-1.9460044289938507,0.0
121.95447965622964,113.38180426699151,-0.9970419088549057,0.0,122.03205145256412,113.4434926325371,-2.4670893470227373,0.0,121.4618779876611,114.67844212743762,-2.6407235852593653,0.0,120.49166605394502,113.53590208790627,-2.4537497921290257,0.0
121.99510792632127,113.21720247573927,-1.0605733650315265,0.0,121.95447965622964,113.38180426699151,-0.9970419088549057,0.0,122.03205145256412,113.4434926325371,-2.4670893470227373,0.0,121.4618779876611,114.67844212743762,-2.6407235852593653,0.0
121.8333030678295,112.77650520712032,-0.7595836388912056,0.0,121.99510792632127,113.21720247573927,-1.0605733650315265,0.0,121.95447965622964,113.38180426699151,-0.9970419088549057,0.0,122.03205145256412,113.4434926325371,-2.4670893470227373,0.0
122.11492896301536,112.73303358476034,-0.4074262178598002,0.0,121.8333030678295,112.77650520712032,-0.7595836388912056,0.0,121.99510792632127,113.21720247573927,-1.0605733650315265,0.0,121.95447965622964,113.38180426699151,-0.9970419088549057,0.0
121.7680278443601,111.71776285555546,-0.2604083811799158,0.0,122.11492896301536,112.73303358476034,-0.4074262178598002,0.0,121.8333030678295,112.77650520712032,-0.7595836388912056,0.0,121.99510792632127,113.21720247573927,-1.0605733650315265,0.0
122.30727957992241,112.08025653999331,-0.2470484353069295,0.0,121.7680278443601,111.71776285555546,-0.2604083811799158,0.0,122.11492896301536,112.73303358476034,-0.4074262178598002,0.0,121.8333030678295,112.77650520712032,-0.7595836388912056,0.0
122.06844485822889,113.01670770403985,-0.795285630045166,0.0,122.30727957992241,112.08025653999331,-0.2470484353069295,0.0,121.7680278443601,111.71776285555546,-0.2604083811799158,0.0,122.11492896301536,112.73303358476034,-0.4074262178598002,0.0
121.82703066191226,112.35603453510498,0.0892352701034731,0.0,122.06844485822889,113.01670770403985,-0.795285630045166,0.0,122.30727957992241,112.08025653999331,-0.2470484353069295,0.0,121.7680278443601,111.71776285555546,-0.2604083811799158,0.0
121.95532511558432,110.34311846375815,0.9749865379017211,0.0,121.82703066191226,112.35603453510498,0.0892352701034731,0.0,122.06844485822889,113.01670770403985,-0.795285630045166,0.0,122.30727957992241,112.08025653999331,-0.2470484353069295,0.0
121.67927251846451,111.78828318080281,-0.06134011673996598,0.0,121.95532511558432,110.34311846375815,0.9749865379017211,0.0,121.82703066191226,112.35603453510498,0.0892352701034731,0.0,122.06844485822889,113.01670770403985,-0.795285630045166,0.0
121.92663134804718,111.62255682945371,-0.5610863888351626,0.0,121.67927251846451,111.78828318080281,-0.06134011673996598,0.0,121.95532511558432,110.34311846375815,0.9749865379017211,0.0,121.82703066191226,112.35603453510498,0.0892352701034731,0.0
121.60670992593246,113.31827715697167,-0.5887742822566331,0.0,121.92663134804718,111.62255682945371,-0.5610863888351626,0.0,121.67927251846451,111.78828318080281,-0.06134011673996598,0.0,121.95532511558432,110.34311846375815,0.9749865379017211,0.0
121.88271467288043,112.7383013854992,-0.9532883232604021,0.0,121.60670992593246,113.31827715697167,-0.5887742822566331,0.0,121.92663134804718,111.62255682945371,-0.5610863888351626,0.0,121.67927251846451,111.78828318080281,-0.06134011673996598,0.0
122.51110264001235,112.06144735495465,-0.5096478818803891,0.0,121.88271467288043,112.7383013854992,-0.9532883232604021,0.0,121.60670992593246,113.31827715697167,-0.5887742822566331,0.0,121.92663134804718,111.62255682945371,-0.5610863888351626,0.0
122.00171137608044,112.9501978505071,-0.7718544067076178,0.0,122.51110264001235,112.06144735495465,-0.5096478818803891,0.0,121.88271467288043,112.7383013854992,-0.9532883232604021,0.0,121.60670992593246,113.31827715697167,-0.5887742822566331,0.0
121.95590120196216,111.60360340509226,0.4650445085372069,0.0,122.00171137608044,112.9501978505071,-0.7718544067076178,0.0,122.51110264001235,112.06144735495465,-0.5096478818803891,0.0,121.88271467288043,112.7383013854992,-0.9532883232604021,0.0
122.23918057674027,111.12411482694353,0.9673099040015636,0.0,121.95590120196216,111.60360340509226,0.4650445085372069,0.0,122.00171137608044,112.9501978505071,-0.7718544067076178,0.0,122.51110264001235,112.06144735495465,-0.5096478818803891,0.0
122.00328822414787,111.40255119507299,0.8801349385173584,0.0,122.23918057674027,111.12411482694353,0.9673099040015636,0.0,121.95590120196216,111.60360340509226,0.4650445085372069,0.0,122.00171137608044,112.9501978505071,-0.7718544067076178,0.0
122.27416106243238,111.21259594598499,1.2176010824737529,0.0,122.00328822414787,111.40255119507299,0.8801349385173584,0.0,122.23918057674027,111.12411482694353,0.9673099040015636,0.0,121.95590120196216,111.60360340509226,0.4650445085372069,0.0
122.5380328160237,111.17990928496175,1.5270310781576568,0.0,122.27416106243238,111.21259594598499,1.2176010824737529,0.0,122.00328822414787,111.40255119507299,0.8801349385173584,0.0,122.23918057674027,111.12411482694353,0.9673099040015636,0.0
122.95557540812412,112.32963465684028,0.9396511184970038,0.0,122.5380328160237,111.17990928496175,1.5270310781576568,0.0,122.27416106243238,111.21259594598499,1.2176010824737529,0.0,122.00328822414787,111.40255119507299,0.8801349385173584,0.0
122.48511174365541,111.52707119602849,0.3436122725266207,0.0,122.95557540812412,112.32963465684028,0.9396511184970038,0.0,122.5380328160237,111.17990928496175,1.5270310781576568,0.0,122.27416106243238,111.21259594598499,1.2176010824737529,0.0
121.94659694580173,111.40209658014737,0.3139613495061203,0.0,122.48511174365541,111.52707119602849,0.3436122725266207,0.0,122.95557540812412,112.32963465684028,0.9396511184970038,0.0,122.5380328160237,111.17990928496175,1.5270310781576568,0.0
121.85128945214743,111.0439881942419,0.6819871418538683,0.0,121.94659694580173,111.40209658014737,0.3139613495061203,0.0,122.48511174365541,111.52707119602849,0.3436122725266207,0.0,122.95557540812412,112.32963465684028,0.9396511184970038,0.0
121.47440539310203,110.4549999768472,0.6151199128098035,0.0,121.85128945214743,111.0439881942419,0.6819871418538683,0.0,121.94659694580173,111.40209658014737,0.3139613495061203,0.0,122.48511174365541,111.52707119602849,0.3436122725266207,0.0
121.84794705250754,112.27652727995692,-0.2964023108476558,0.0,121.47440539310203,110.4549999768472,0.6151199128098035,0.0,121.85128945214743,111.0439881942419,0.6819871418538683,0.0,121.94659694580173,111.40209658014737,0.3139613495061203,0.0
121.2820954218346,112.30773140166457,-0.6385340706535458,0.0,121.84794705250754,112.27652727995692,-0.2964023108476558,0.0,121.47440539310203,110.4549999768472,0.6151199128098035,0.0,121.85128945214743,111.0439881942419,0.6819871418538683,0.0
122.52355071863111,113.3726765592584,-0.5478136883200256,0.0,121.2820954218346,112.30773140166457,-0.6385340706535458,0.0,121.84794705250754,112.27652727995692,-0.2964023108476558,0.0,121.47440539310203,110.4549999768472,0.6151199128098035,0.0
122.99337608959853,113.46856832186518,-0.47608375281893567,0.0,122.52355071863111,113.3726765592584,-0.5478136883200256,0.0,121.2820954218346,112.30773140166457,-0.6385340706535458,0.0,121.84794705250754,112.27652727995692,-0.2964023108476558,0.0
122.76645587435871,112.69065764240543,0.6054040861397555,0.0,122.99337608959853,113.46856832186518,-0.47608375281893567,0.0,122.52355071863111,113.3726765592584,-0.5478136883200256,0.0,121.2820954218346,112.30773140166457,-0.6385340706535458,0.0
122.97516370043516,113.43396491101618,-0.20867070228769458,0.0,122.76645587435871,112.69065764240543,0.6054040861397555,0.0,122.99337608959853,113.46856832186518,-0.47608375281893567,0.0,122.52355071863111,113.3726765592584,-0.5478136883200256,0.0
121.95535239533366,112.12755265718161,0.08585805908778163,0.0,122.97516370043516,113.43396491101618,-0.20867070228769458,0.0,122.76645587435871,112.69065764240543,0.6054040861397555,0.0,122.99337608959853,113.46856832186518,-0.47608375281893567,0.0
123.25689965503254,111.38137853868366,0.8132430014343701,0.0,121.95535239533366,112.12755265718161,0.08585805908778163,0.0,122.97516370043516,113.43396491101618,-0.20867070228769458,0.0,122.76645587435871,112.69065764240543,0.6054040861397555,0.0
122.69560286487656,112.29619106098463,1.786319273858894,0.0,123.25689965503254,111.38137853868366,0.8132430014343701,0.0,121.95535239533366,112.12755265718161,0.08585805908778163,0.0,122.97516370043516,113.43396491101618,-0.20867070228769458,0.0
122.52674850218209,111.38970165538976,1.2268567074951346,0.0,122.69560286487656,112.29619106098463,1.786319273858894,0.0,123.25689965503254,111.38137853868366,0.8132430014343701,0.0,121.95535239533366,112.12755265718161,0.08585805908778163,0.0
121.6170804834187,109.52703349465511,1.2272000923562076,0.0,122.52674850218209,111.38970165538976,1.2268567074951346,0.0,122.69560286487656,112.29619106098463,1.786319273858894,0.0,123.25689965503254,111.38137853868366,0.8132430014343701,0.0
122.00303444126948,110.67547195671892,1.2666402524842897,0.0,121.6170804834187,109.52703349465511,1.2272000923562076,0.0,122.52674850218209,111.38970165538976,1.2268567074951346,0.0,122.69560286487656,112.29619106098463,1.786319273858894,0.0
121.54632720447692,110.0585654000023,1.1110530677640773,0.0,122.00303444126948,110.67547195671892,1.2666402524842897,0.0,121.6170804834187,109.52703349465511,1.2272000923562076,0.0,122.52674850218209,111.38970165538976,1.2268567074951346,0.0
121.74510123325871,110.85576822211718,0.8394198535916089,0.0,121.54632720447692,110.0585654000023,1.1110530677640773,0.0,122.00303444126948,110.67547195671892,1.2666402524842897,0.0,121.6170804834187,109.52703349465511,1.2272000923562076,0.0
121.57308248999567,111.01722560298063,0.8895235776233101,0.0,121.74510123325871,110.85576822211718,0.8394198535916089,0.0,121.54632720447692,110.0585654000023,1.1110530677640773,0.0,122.00303444126948,110.67547195671892,1.2666402524842897,0.0
121.08173420680295,112.75719635456858,-0.5545041805111945,0.0,121.57308248999567,111.01722560298063,0.8895235776233101,0.0,121.74510123325871,110.85576822211718,0.8394198535916089,0.0,121.54632720447692,110.0585654000023,1.1110530677640773,0.0
120.91734721596958,110.9171879718291,-0.10256859937764001,0.0,121.08173420680295,112.75719635456858,-0.5545041805111945,0.0,121.57308248999567,111.01722560298063,0.8895235776233101,0.0,121.74510123325871,110.85576822211718,0.8394198535916089,0.0
121.26326983649507,111.67003906646741,-0.018965927671128424,0.0,120.91734721596958,110.9171879718291,-0.10256859937764001,0.0,121.08173420680295,112.75719635456858,-0.5545041805111945,0.0,121.57308248999567,111.01722560298063,0.8895235776233101,0.0
120.80337284579163,111.32995073940032,-0.12641019052603542,0.0,121.26326983649507,111.67003906646741,-0.018965927671128424,0.0,120.91734721596958,110.9171879718291,-0.10256859937764001,0.0,121.08173420680295,112.75719635456858,-0.5545041805111945,0.0
120.76374562570857,110.09093630825916,0.9223029454389506,0.0,120.80337284579163,111.32995073940032,-0.12641019052603542,0.0,121.26326983649507,111.67003906646741,-0.018965927671128424,0.0,120.91734721596958,110.9171879718291,-0.10256859937764001,0.0
121.43454618448807,110.16174013422042,0.40037534695588445,0.0,120.76374562570857,110.09093630825916,0.9223029454389506,0.0,120.80337284579163,111.32995073940032,-0.12641019052603542,0.0,121.26326983649507,111.67003906646741,-0.018965927671128424,0.0
122.87136755974817,111.55018650558898,0.11876228303219219,0.0,121.43454618448807,110.16174013422042,0.40037534695588445,0.0,120.76374562570857,110.09093630825916,0.9223029454389506,0.0,120.80337284579163,111.32995073940032,-0.12641019052603542,0.0
122.94843617132348,111.74904572503112,1.0907864775281209,0.0,122.87136755974817,111.55018650558898,0.11876228303219219,0.0,121.43454618448807,110.16174013422042,0.40037534695588445,0.0,120.76374562570857,110.09093630825916,0.9223029454389506,0.0
122.29650367795452,112.0722887603128,0.4565985295975684,0.0,122.94843617132348,111.74904572503112,1.0907864775281209,0.0,122.87136755974817,111.55018650558898,0.11876228303219219,0.0,121.43454618448807,110.16174013422042,0.40037534695588445,0.0
122.02735833904921,112.52575036556502,0.09022118220978531,0.0,122.29650367795452,112.0722887603128,0.4565985295975684,0.0,122.94843617132348,111.74904572503112,1.0907864775281209,0.0,122.87136755974817,111.55018650558898,0.11876228303219219,0.0
122.04697894291138,111.81404462808595,-0.0013357659475967398,0.0,122.02735833904921,112.52575036556502,0.09022118220978531,0.0,122.29650367795452,112.0722887603128,0.4565985295975684,0.0,122.94843617132348,111.74904572503112,1.0907864775281209,0.0
121.93181738136022,110.62106595302095,0.41929862830669723,0.0,122.04697894291138,111.81404462808595,-0.0013357659475967398,0.0,122.02735833904921,112.52575036556502,0.09022118220978531,0.0,122.29650367795452,112.0722887603128,0.4565985295975684,0.0
122.3931109396163,112.07744097680686,0.4393401563220145,0.0,121.93181738136022,110.62106595302095,0.41929862830669723,0.0,122.04697894291138,111.81404462808595,-0.0013357659475967398,0.0,122.02735833904921,112.52575036556502,0.09022118220978531,0.0
122.33238910929087,113.816727678186,-0.2948405485185197,0.0,122.3931109396163,112.07744097680686,0.4393401563220145,0.0,121.93181738136022,110.62106595302095,0.41929862830669723,0.0,122.04697894291138,111.81404462808595,-0.0013357659475967398,0.0
122.67761036729915,112.84454225176978,-0.5019567203784105,0.0,122.33238910929087,113.816727678186,-0.2948405485185197,0.0,122.3931109396163,112.07744097680686,0.4393401563220145,0.0,121.93181738136022,110.62106595302095,0.41929862830669723,0.0
122.35641834460127,112.56896108178506,-0.7052425929088342,0.0,122.67761036729915,112.84454225176978,-0.5019567203784105,0.0,122.33238910929087,113.816727678186,-0.2948405485185197,0.0,122.3931109396163,112.07744097680686,0.4393401563220145,0.0
122.83628420446196,114.23201162159347,-0.6028045969385901,0.0,122.35641834460127,112.56896108178506,-0.7052425929088342,0.0,122.67761036729915,112.84454225176978,-0.5019567203784105,0.0,122.33238910929087,113.816727678186,-0.2948405485185197,0.0
122.54926722248437,112.73034697888886,-0.26932184823595756,0.0,122.83628420446196,114.23201162159347,-0.6028045969385901,0.0,122.35641834460127,112.56896108178506,-0.7052425929088342,0.0,122.67761036729915,112.84454225176978,-0.5019567203784105,0.0
121.96645882265683,111.74720041523355,-0.006354600644780023,0.0,122.54926722248437,112.73034697888886,-0.26932184823595756,0.0,122.83628420446196,114.23201162159347,-0.6028045969385901,0.0,122.35641834460127,112.56896108178506,-0.7052425929088342,0.0
122.96699532211368,113.89663853065815,-0.8930895575400251,0.0,121.96645882265683,111.74720041523355,-0.006354600644780023,0.0,122.54926722248437,112.73034697888886,-0.26932184823595756,0.0,122.83628420446196,114.23201162159347,-0.6028045969385901,0.0
121.84020290821019,112.41808952000446,-0.18250115225159202,0.0,122.96699532211368,113.89663853065815,-0.8930895575400251,0.0,121.96645882265683,111.74720041523355,-0.006354600644780023,0.0,122.54926722248437,112.73034697888886,-0.26932184823595756,0.0
121.54971959006156,111.06146747708274,-0.01971649880296189,0.0,121.84020290821019,112.41808952000446,-0.18250115225159202,0.0,122.96699532211368,113.89663853065815,-0.8930895575400251,0.0,121.96645882265683,111.74720041523355,-0.006354600644780023,0.0
121.38095418449768,110.90615123272741,0.6764928247545836,0.0,121.54971959006156,111.06146747708274,-0.01971649880296189,0.0,121.84020290821019,112.41808952000446,-0.18250115225159202,0.0,122.96699532211368,113.89663853065815,-0.8930895575400251,0.0
122.72376333450609,112.70306299240707,0.7632934234490028,0.0,121.38095418449768,110.90615123272741,0.6764928247545836,0.0,121.54971959006156,111.06146747708274,-0.01971649880296189,0.0,121.84020290821019,112.41808952000446,-0.18250115225159202,0.0
123.41835053182642,113.28179155703418,1.1612962176270833,0.0,122.72376333450609,112.70306299240707,0.7632934234490028,0.0,121.38095418449768,110.90615123272741,0.6764928247545836,0.0,121.54971959006156,111.06146747708274,-0.01971649880296189,0.0
123.87741068264148,112.08467629281509,1.1623096298267301,0.0,123.41835053182642,113.28179155703418,1.1612962176270833,0.0,122.72376333450609,112.70306299240707,0.7632934234490028,0.0,121.38095418449768,110.90615123272741,0.6764928247545836,0.0
123.36396556517613,111.4526729949778,1.6029605819627584,0.0,123.87741068264148,112.08467629281509,1.1623096298267301,0.0,123.41835053182642,113.28179155703418,1.1612962176270833,0.0,122.72376333450609,112.70306299240707,0.7632934234490028,0.0
124.27012903039903,112.68264847325534,1.543493783579096,0.0,123.36396556517613,111.4526729949778,1.6029605819627584,0.0,123.87741068264148,112.08467629281509,1.1623096298267301,0.0,123.41835053182642,113.28179155703418,1.1612962176270833,0.0
123.95101355285765,112.98531346764122,1.185837403641825,0.0,124.27012903039903,112.68264847325534,1.543493783579096,0.0,123.36396556517613,111.4526729949778,1.6029605819627584,0.0,123.87741068264148,112.08467629281509,1.1623096298267301,0.0
124.03853517260902,112.21814709657372,2.0848872831369007,0.0,123.95101355285765,112.98531346764122,1.185837403641825,0.0,124.27012903039903,112.68264847325534,1.543493783579096,0.0,123.36396556517613,111.4526729949778,1.6029605819627584,0.0
123.71371793505881,112.13915787163015,2.1124283876494667,0.0,124.03853517260902,112.21814709657372,2.0848872831369007,0.0,123.95101355285765,112.98531346764122,1.185837403641825,0.0,124.27012903039903,112.68264847325534,1.543493783579096,0.0
123.36599563552619,111.6049085371844,1.97681492062178,0.0,123.71371793505881,112.13915787163015,2.1124283876494667,0.0,124.03853517260902,112.21814709657372,2.0848872831369007,0.0,123.95101355285765,112.98531346764122,1.185837403641825,0.0
122.91530474046777,113.03204861979961,0.943299728228256,0.0,123.36599563552619,111.6049085371844,1.97681492062178,0.0,123.71371793505881,112.13915787163015,2.1124283876494667,0.0,124.03853517260902,112.21814709657372,2.0848872831369007,0.0
122.58528238382904,112.84282823671248,0.11048597385083603,0.0,122.91530474046777,113.03204861979961,0.943299728228256,0.0,123.36599563552619,111.6049085371844,1.97681492062178,0.0,123.71371793505881,112.13915787163015,2.1124283876494667,0.0
122.73946249476293,112.66018473278689,0.23474652015159553,0.0,122.58528238382904,112.84282823671248,0.11048597385083603,0.0,122.91530474046777,113.03204861979961,0.943299728228256,0.0,123.36599563552619,111.6049085371844,1.97681492062178,0.0
122.76518551155056,112.19968767294995,0.2605578150053968,0.0,122.73946249476293,112.66018473278689,0.23474652015159553,0.0,122.58528238382904,112.84282823671248,0.11048597385083603,0.0,122.91530474046777,113.03204861979961,0.943299728228256,0.0
122.5623655343136,112.68094379650015,-0.09861503049984063,0.0,122.76518551155056,112.19968767294995,0.2605578150053968,0.0,122.73946249476293,112.66018473278689,0.23474652015159553,0.0,122.58528238382904,112.84282823671248,0.11048597385083603,0.0
123.16581663611191,112.77675575376796,-0.008400674593842514,0.0,122.5623655343136,112.68094379650015,-0.09861503049984063,0.0,122.76518551155056,112.19968767294995,0.2605578150053968,0.0,122.73946249476293,112.66018473278689,0.23474652015159553,0.0
121.54512837939461,110.08296790249119,0.7875929243467239,0.0,123.16581663611191,112.77675575376796,-0.008400674593842514,0.0,122.5623655343136,112.68094379650015,-0.09861503049984063,0.0,122.76518551155056,112.19968767294995,0.2605578150053968,0.0
121.96798986539002,110.46112924172547,0.9777755767525285,0.0,121.54512837939461,110.08296790249119,0.7875929243467239,0.0,123.16581663611191,112.77675575376796,-0.008400674593842514,0.0,122.5623655343136,112.68094379650015,-0.09861503049984063,0.0
122.33867600204978,111.8917048718348,0.2117162065256537,0.0,121.96798986539002,110.46112924172547,0.9777755767525285,0.0,121.54512837939461,110.08296790249119,0.7875929243467239,0.0,123.16581663611191,112.77675575376796,-0.008400674593842514,0.0
122.80990450507561,112.6903546138362,0.11361855164905113,0.0,122.33867600204978,111.8917048718348,0.2117162065256537,0.0,121.96798986539002,110.46112924172547,0.9777755767525285,0.0,121.54512837939461,110.08296790249119,0.7875929243467239,0.0
122.54798929844581,113.34997170175964,-0.3115883991070395,0.0,122.80990450507561,112.6903546138362,0.11361855164905113,0.0,122.33867600204978,111.8917048718348,0.2117162065256537,0.0,121.96798986539002,110.46112924172547,0.9777755767525285,0.0
122.5130419427225,112.58619059452275,-0.4431206774899122,0.0,122.54798929844581,113.34997170175964,-0.3115883991070395,0.0,122.80990450507561,112.6903546138362,0.11361855164905113,0.0,122.33867600204978,111.8917048718348,0.2117162065256537,0.0
122.87365353490532,112.59508421860127,-0.5613043748067511,0.0,122.5130419427225,112.58619059452275,-0.4431206774899122,0.0,122.54798929844581,113.34997170175964,-0.3115883991070395,0.0,122.80990450507561,112.6903546138362,0.11361855164905113,0.0
123.35110987285547,113.8679231441777,-0.6878662911474035,0.0,122.87365353490532,112.59508421860127,-0.5613043748067511,0.0,122.5130419427225,112.58619059452275,-0.4431206774899122,0.0,122.54798929844581,113.34997170175964,-0.3115883991070395,0.0
122.87586509377182,113.09509623846338,-1.1778607189046202,0.0,123.35110987285547,113.8679231441777,-0.6878662911474035,0.0,122.87365353490532,112.59508421860127,-0.5613043748067511,0.0,122.5130419427225,112.58619059452275,-0.4431206774899122,0.0
122.71022369341485,114.47912546332819,-1.0061159158827913,0.0,122.87586509377182,113.09509623846338,-1.1778607189046202,0.0,123.35110987285547,113.8679231441777,-0.6878662911474035,0.0,122.87365353490532,112.59508421860127,-0.5613043748067511,0.0
123.26128764260028,114.92356588611992,-1.085196551129888,0.0,122.71022369341485,114.47912546332819,-1.0061159158827913,0.0,122.87586509377182,113.09509623846338,-1.1778607189046202,0.0,123.35110987285547,113.8679231441777,-0.6878662911474035,0.0
121.85881193765643,113.76409276968732,-2.3328815859050445,0.0,123.26128764260028,114.92356588611992,-1.085196551129888,0.0,122.71022369341485,114.47912546332819,-1.0061159158827913,0.0,122.87586509377182,113.09509623846338,-1.1778607189046202,0.0
121.53015194537907,112.23782609677565,-0.8398192564732041,0.0,121.85881193765643,113.76409276968732,-2.3328815859050445,0.0,123.26128764260028,114.92356588611992,-1.085196551129888,0.0,122.71022369341485,114.47912546332819,-1.0061159158827913,0.0
122.36524816296716,111.83582765275148,-0.12747057807022733,0.0,121.53015194537907,112.23782609677565,-0.8398192564732041,0.0,121.85881193765643,113.76409276968732,-2.3328815859050445,0.0,123.26128764260028,114.92356588611992,-1.085196551129888,0.0
122.78435649039407,113.0822191356761,-0.2901268249186799,0.0,122.36524816296716,111.83582765275148,-0.12747057807022733,0.0,121.53015194537907,112.23782609677565,-0.8398192564732041,0.0,121.85881193765643,113.76409276968732,-2.3328815859050445,0.0
122.81511791948779,113.47179756581662,-0.2226919350646447,0.0,122.78435649039407,113.0822191356761,-0.2901268249186799,0.0,122.36524816296716,111.83582765275148,-0.12747057807022733,0.0,121.53015194537907,112.23782609677565,-0.8398192564732041,0.0
122.36595907799527,113.23673642080826,-0.7639807217104967,0.0,122.81511791948779,113.47179756581662,-0.2226919350646447,0.0,122.78435649039407,113.0822191356761,-0.2901268249186799,0.0,122.36524816296716,111.83582765275148,-0.12747057807022733,0.0
121.83369024448312,112.36335536840795,0.23667686153703527,0.0,122.36595907799527,113.23673642080826,-0.7639807217104967,0.0,122.81511791948779,113.47179756581662,-0.2226919350646447,0.0,122.78435649039407,113.0822191356761,-0.2901268249186799,0.0
121.61907515330351,111.04538465323586,1.137985836616184,0.0,121.83369024448312,112.36335536840795,0.23667686153703527,0.0,122.36595907799527,113.23673642080826,-0.7639807217104967,0.0,122.81511791948779,113.47179756581662,-0.2226919350646447,0.0
122.51715439016279,111.04219685778756,0.9887355334162095,0.0,121.61907515330351,111.04538465323586,1.137985836616184,0.0,121.83369024448312,112.36335536840795,0.23667686153703527,0.0,122.36595907799527,113.23673642080826,-0.7639807217104967,0.0
122.17758051462437,110.43843305856393,1.30275374882564,0.0,122.51715439016279,111.04219685778756,0.9887355334162095,0.0,121.61907515330351,111.04538465323586,1.137985836616184,0.0,121.83369024448312,112.36335536840795,0.23667686153703527,0.0
122.24604125749129,110.9346927265608,1.1298463885274739,0.0,122.17758051462437,110.43843305856393,1.30275374882564,0.0,122.51715439016279,111.04219685778756,0.9887355334162095,0.0,121.61907515330351,111.04538465323586,1.137985836616184,0.0
121.79878853819747,112.42381290729372,0.23551439138401387,0.0,122.24604125749129,110.9346927265608,1.1298463885274739,0.0,122.17758051462437,110.43843305856393,1.30275374882564,0.0,122.51715439016279,111.04219685778756,0.9887355334162095,0.0
122.23865023585805,112.4353521949891,-0.01750017137461754,0.0,121.79878853819747,112.42381290729372,0.23551439138401387,0.0,122.24604125749129,110.9346927265608,1.1298463885274739,0.0,122.17758051462437,110.43843305856393,1.30275374882564,0.0
121.89860023201051,112.45913633005424,0.0519638462862845,0.0,122.23865023585805,112.4353521949891,-0.01750017137461754,0.0,121.79878853819747,112.42381290729372,0.23551439138401387,0.0,122.24604125749129,110.9346927265608,1.1298463885274739,0.0
121.89543945977024,111.49287561521902,-0.1857027823426945,0.0,121.89860023201051,112.45913633005424,0.0519638462862845,0.0,122.23865023585805,112.4353521949891,-0.01750017137461754,0.0,121.79878853819747,112.42381290729372,0.23551439138401387,0.0
121.09254571878681,111.64229565015975,-0.2578888645916736,0.0,121.89543945977024,111.49287561521902,-0.1857027823426945,0.0,121.89860023201051,112.45913633005424,0.0519638462862845,0.0,122.23865023585805,112.4353521949891,-0.01750017137461754,0.0
120.50248401965338,111.29736874547203,-0.2520108704278961,0.0,121.09254571878681,111.64229565015975,-0.2578888645916736,0.0,121.89543945977024,111.49287561521902,-0.1857027823426945,0.0,121.89860023201051,112.45913633005424,0.0519638462862845,0.0
120.85187268499784,111.07902254771224,-0.24204794527504755,0.0,120.50248401965338,111.29736874547203,-0.2520108704278961,0.0,121.09254571878681,111.64229565015975,-0.2578888645916736,0.0,121.89543945977024,111.49287561521902,-0.1857027823426945,0.0
120.47099071755235,110.95857705694095,-0.16750911097129645,0.0,120.85187268499784,111.07902254771224,-0.24204794527504755,0.0,120.50248401965338,111.29736874547203,-0.2520108704278961,0.0,121.09254571878681,111.64229565015975,-0.2578888645916736,0.0
121.84115619082425,111.7635940576977,-0.6643098219753376,0.0,120.47099071755235,110.95857705694095,-0.16750911097129645,0.0,120.85187268499784,111.07902254771224,-0.24204794527504755,0.0,120.50248401965338,111.29736874547203,-0.2520108704278961,0.0
120.83742412148355,112.0947855023949,-0.8899559321442383,0.0,121.84115619082425,111.7635940576977,-0.6643098219753376,0.0,120.47099071755235,110.95857705694095,-0.16750911097129645,0.0,120.85187268499784,111.07902254771224,-0.24204794527504755,0.0
120.6353886642342,112.68925967241188,-1.3542568785653755,0.0,120.83742412148355,112.0947855023949,-0.8899559321442383,0.0,121.84115619082425,111.7635940576977,-0.6643098219753376,0.0,120.47099071755235,110.95857705694095,-0.16750911097129645,0.0
120.888679657835,112.55963414372295,-0.5944977280092003,0.0,120.6353886642342,112.68925967241188,-1.3542568785653755,0.0,120.83742412148355,112.0947855023949,-0.8899559321442383,0.0,121.84115619082425,111.7635940576977,-0.6643098219753376,0.0
120.90589191632705,112.44970682086125,-1.5284216533275226,0.0,120.888679657835,112.55963414372295,-0.5944977280092003,0.0,120.6353886642342,112.68925967241188,-1.3542568785653755,0.0,120.83742412148355,112.0947855023949,-0.8899559321442383,0.0
120.59647185174576,111.52337905967829,-0.6459421510035555,0.0,120.90589191632705,112.44970682086125,-1.5284216533275226,0.0,120.888679657835,112.55963414372295,-0.5944977280092003,0.0,120.6353886642342,112.68925967241188,-1.3542568785653755,0.0
120.4488685670263,110.98689989245361,0.17642097782857724,0.0,120.59647185174576,111.52337905967829,-0.6459421510035555,0.0,120.90589191632705,112.44970682086125,-1.5284216533275226,0.0,120.888679657835,112.55963414372295,-0.5944977280092003,0.0
120.3742864769918,109.78962675759237,-0.009953511228448897,0.0,120.4488685670263,110.98689989245361,0.17642097782857724,0.0,120.59647185174576,111.52337905967829,-0.6459421510035555,0.0,120.90589191632705,112.44970682086125,-1.5284216533275226,0.0
120.57835513830886,111.55426391749066,-1.3095313528964083,0.0,120.3742864769918,109.78962675759237,-0.009953511228448897,0.0,120.4488685670263,110.98689989245361,0.17642097782857724,0.0,120.59647185174576,111.52337905967829,-0.6459421510035555,0.0
121.78717065739747,113.02955996016684,-1.228280363300772,0.0,120.57835513830886,111.55426391749066,-1.3095313528964083,0.0,120.3742864769918,109.78962675759237,-0.009953511228448897,0.0,120.4488685670263,110.98689989245361,0.17642097782857724,0.0
121.85912143974963,112.19167468894923,-1.0147163712850273,0.0,121.78717065739747,113.02955996016684,-1.228280363300772,0.0,120.57835513830886,111.55426391749066,-1.3095313528964083,0.0,120.3742864769918,109.78962675759237,-0.009953511228448897,0.0
122.40900684474173,113.3948110350349,-1.3170722069924787,0.0,121.85912143974963,112.19167468894923,-1.0147163712850273,0.0,121.78717065739747,113.02955996016684,-1.228280363300772,0.0,120.57835513830886,111.55426391749066,-1.3095313528964083,0.0
122.47100847909009,114.1937033923474,-1.3112669624981044,0.0,122.40900684474173,113.3948110350349,-1.3170722069924787,0.0,121.85912143974963,112.19167468894923,-1.0147163712850273,0.0,121.78717065739747,113.02955996016684,-1.228280363300772,0.0
122.85101112346199,113.6545371760242,-0.28391597056680784,0.0,122.47100847909009,114.1937033923474,-1.3112669624981044,0.0,122.40900684474173,113.3948110350349,-1.3170722069924787,0.0,121.85912143974963,112.19167468894923,-1.0147163712850273,0.0
121.33956459649428,110.82524301956991,0.1053308046974242,0.0,122.85101112346199,113.6545371760242,-0.28391597056680784,0.0,122.47100847909009,114.1937033923474,-1.3112669624981044,0.0,122.40900684474173,113.3948110350349,-1.3170722069924787,0.0
121.34326759034423,111.52310152554168,-0.3780174134311106,0.0,121.33956459649428,110.82524301956991,0.1053308046974242,0.0,122.85101112346199,113.6545371760242,-0.28391597056680784,0.0,122.47100847909009,114.1937033923474,-1.3112669624981044,0.0
122.07368076406941,113.09002039562668,-1.1012135155426046,0.0,121.34326759034423,111.52310152554168,-0.3780174134311106,0.0,121.33956459649428,110.82524301956991,0.1053308046974242,0.0,122.85101112346199,113.6545371760242,-0.28391597056680784,0.0
121.71399074404495,113.18171911671837,-1.0444794712389693,0.0,122.07368076406941,113.09002039562668,-1.1012135155426046,0.0,121.34326759034423,111.52310152554168,-0.3780174134311106,0.0,121.33956459649428,110.82524301956991,0.1053308046974242,0.0
122.59096406525009,113.22930224841363,-0.9423119666663946,0.0,121.71399074404495,113.18171911671837,-1.0444794712389693,0.0,122.07368076406941,113.09002039562668,-1.1012135155426046,0.0,121.34326759034423,111.52310152554168,-0.3780174134311106,0.0
123.11480129335528,113.9983007145737,-0.5057499796514576,0.0,122.59096406525009,113.22930224841363,-0.9423119666663946,0.0,121.71399074404495,113.18171911671837,-1.0444794712389693,0.0,122.07368076406941,113.09002039562668,-1.1012135155426046,0.0
122.59153627929086,113.3147879465927,-0.6722583400049956,0.0,123.11480129335528,113.9983007145737,-0.5057499796514576,0.0,122.59096406525009,113.22930224841363,-0.9423119666663946,0.0,121.71399074404495,113.18171911671837,-1.0444794712389693,0.0
122.23211240319338,111.79069721432293,-0.28205688432306586,0.0,122.59153627929086,113.3147879465927,-0.6722583400049956,0.0,123.11480129335528,113.9983007145737,-0.5057499796514576,0.0,122.59096406525009,113.22930224841363,-0.9423119666663946,0.0
121.71377402010552,111.30225962543892,0.7419315125716619,0.0,122.23211240319338,111.79069721432293,-0.28205688432306586,0.0,122.59153627929086,113.3147879465927,-0.6722583400049956,0.0,123.11480129335528,113.9983007145737,-0.5057499796514576,0.0
121.49234490932349,111.2775438165805,1.0012957212794609,0.0,121.71377402010552,111.30225962543892,0.7419315125716619,0.0,122.23211240319338,111.79069721432293,-0.28205688432306586,0.0,122.59153627929086,113.3147879465927,-0.6722583400049956,0.0
121.03820698261477,110.78748825519162,0.7769923233581825,0.0,121.49234490932349,111.2775438165805,1.0012957212794609,0.0,121.71377402010552,111.30225962543892,0.7419315125716619,0.0,122.23211240319338,111.79069721432293,-0.28205688432306586,0.0
121.52031388393667,110.493145847433,0.5300186231598987,0.0,121.03820698261477,110.78748825519162,0.7769923233581825,0.0,121.49234490932349,111.2775438165805,1.0012957212794609,0.0,121.71377402010552,111.30225962543892,0.7419315125716619,0.0
120.95893338617383,110.58588948604574,0.24567833143798334,0.0,121.52031388393667,110.493145847433,0.5300186231598987,0.0,121.03820698261477,110.78748825519162,0.7769923233581825,0.0,121.49234490932349,111.2775438165805,1.0012957212794609,0.0
121.52869946536741,110.80627503333534,0.786863121376459,0.0,120.95893338617383,110.58588948604574,0.24567833143798334,0.0,121.52031388393667,110.493145847433,0.5300186231598987,0.0,121.03820698261477,110.78748825519162,0.7769923233581825,0.0
121.94291739458814,111.88163052311839,0.3158337741255158,0.0,121.52869946536741,110.80627503333534,0.786863121376459,0.0,120.95893338617383,110.58588948604574,0.24567833143798334,0.0,121.52031388393667,110.493145847433,0.5300186231598987,0.0
121.1901234566261,110.67216512904906,0.27527837380040393,0.0,121.94291739458814,111.88163052311839,0.3158337741255158,0.0,121.52869946536741,110.80627503333534,0.786863121376459,0.0,120.95893338617383,110.58588948604574,0.24567833143798334,0.0
122.11244907589462,112.29117985140886,0.24582164998086584,0.0,121.1901234566261,110.67216512904906,0.27527837380040393,0.0,121.94291739458814,111.88163052311839,0.3158337741255158,0.0,121.52869946536741,110.80627503333534,0.786863121376459,0.0
122.33494648411269,112.23634847621241,-0.0542347764210733,0.0,122.11244907589462,112.29117985140886,0.24582164998086584,0.0,121.1901234566261,110.67216512904906,0.27527837380040393,0.0,121.94291739458814,111.88163052311839,0.3158337741255158,0.0
122.56004171813173,113.65528959761713,-0.7296205950789091,0.0,122.33494648411269,112.23634847621241,-0.0542347764210733,0.0,122.11244907589462,112.29117985140886,0.24582164998086584,0.0,121.1901234566261,110.67216512904906,0.27527837380040393,0.0
122.02395126465659,112.8949901815484,-0.4222092242542932,0.0,122.56004171813173,113.65528959761713,-0.7296205950789091,0.0,122.33494648411269,112.23634847621241,-0.0542347764210733,0.0,122.11244907589462,112.29117985140886,0.24582164998086584,0.0
122.28190468269014,112.96891776543379,-0.36826936533112636,0.0,122.02395126465659,112.8949901815484,-0.4222092242542932,0.0,122.56004171813173,113.65528959761713,-0.7296205950789091,0.0,122.33494648411269,112.23634847621241,-0.0542347764210733,0.0
122.74010525902258,112.9723042398112,-0.04449525754661615,0.0,122.28190468269014,112.96891776543379,-0.36826936533112636,0.0,122.02395126465659,112.8949901815484,-0.4222092242542932,0.0,122.56004171813173,113.65528959761713,-0.7296205950789091,0.0
122.50137089890909,112.82818217613283,-0.30239635925687636,0.0,122.74010525902258,112.9723042398112,-0.04449525754661615,0.0,122.28190468269014,112.96891776543379,-0.36826936533112636,0.0,122.02395126465659,112.8949901815484,-0.4222092242542932,0.0
123.35844668736122,112.87222522780468,0.3684935620010228,0.0,122.50137089890909,112.82818217613283,-0.30239635925687636,0.0,122.74010525902258,112.9723042398112,-0.04449525754661615,0.0,122.28190468269014,112.96891776543379,-0.36826936533112636,0.0
122.96133422191379,114.94910890863312,-0.14359204100510414,0.0,123.35844668736122,112.87222522780468,0.3684935620010228,0.0,122.50137089890909,112.82818217613283,-0.30239635925687636,0.0,122.74010525902258,112.9723042398112,-0.04449525754661615,0.0
123.29173937073702,112.95441814040552,0.7411465092048629,0.0,122.96133422191379,114.94910890863312,-0.14359204100510414,0.0,123.35844668736122,112.87222522780468,0.3684935620010228,0.0,122.50137089890909,112.82818217613283,-0.30239635925687636,0.0
123.10101104610243,113.57769708233067,-0.2809010475502405,0.0,123.29173937073702,112.95441814040552,0.7411465092048629,0.0,122.96133422191379,114.94910890863312,-0.14359204100510414,0.0,123.35844668736122,112.87222522780468,0.3684935620010228,0.0
123.15317082284524,112.40797560930284,-0.007335805761746805,0.0,123.10101104610243,113.57769708233067,-0.2809010475502405,0.0,123.29173937073702,112.95441814040552,0.7411465092048629,0.0,122.96133422191379,114.94910890863312,-0.14359204100510414,0.0
122.06805980388756,112.37621441142468,0.23184669665391427,0.0,123.15317082284524,112.40797560930284,-0.007335805761746805,0.0,123.10101104610243,113.57769708233067,-0.2809010475502405,0.0,123.29173937073702,112.95441814040552,0.7411465092048629,0.0
122.22231387508369,112.35321674268107,-0.21230117664730974,0.0,122.06805980388756,112.37621441142468,0.23184669665391427,0.0,123.15317082284524,112.40797560930284,-0.007335805761746805,0.0,123.10101104610243,113.57769708233067,-0.2809010475502405,0.0
121.85700677005937,111.06713558757883,0.0423560276126585,0.0,122.22231387508369,112.35321674268107,-0.21230117664730974,0.0,122.06805980388756,112.37621441142468,0.23184669665391427,0.0,123.15317082284524,112.40797560930284,-0.007335805761746805,0.0
121.48882310262714,111.47166321063057,0.6736441569702062,0.0,121.85700677005937,111.06713558757883,0.0423560276126585,0.0,122.22231387508369,112.35321674268107,-0.21230117664730974,0.0,122.06805980388756,112.37621441142468,0.23184669665391427,0.0
122.42331880978692,112.7958252909556,-0.5694940941008673,0.0,121.48882310262714,111.47166321063057,0.6736441569702062,0.0,121.85700677005937,111.06713558757883,0.0423560276126585,0.0,122.22231387508369,112.35321674268107,-0.21230117664730974,0.0
122.19190665178404,112.7972654402866,-0.2042228715352865,0.0,122.42331880978692,112.7958252909556,-0.5694940941008673,0.0,121.48882310262714,111.47166321063057,0.6736441569702062,0.0,121.85700677005937,111.06713558757883,0.0423560276126585,0.0
121.58929321620248,113.25162379474034,-1.410013707393268,0.0,122.19190665178404,112.7972654402866,-0.2042228715352865,0.0,122.42331880978692,112.7958252909556,-0.5694940941008673,0.0,121.48882310262714,111.47166321063057,0.6736441569702062,0.0
121.42023697111895,113.43263575577188,-1.6108433676762184,0.0,121.58929321620248,113.25162379474034,-1.410013707393268,0.0,122.19190665178404,112.7972654402866,-0.2042228715352865,0.0,122.42331880978692,112.7958252909556,-0.5694940941008673,0.0
120.89901281346599,111.73903297936445,-0.47409151169050223,0.0,121.42023697111895,113.43263575577188,-1.6108433676762184,0.0,121.58929321620248,113.25162379474034,-1.410013707393268,0.0,122.19190665178404,112.7972654402866,-0.2042228715352865,0.0
121.87684959739636,111.18605774949151,-0.6701642260484288,0.0,120.89901281346599,111.73903297936445,-0.47409151169050223,0.0,121.42023697111895,113.43263575577188,-1.6108433676762184,0.0,121.58929321620248,113.25162379474034,-1.410013707393268,0.0
121.54152108046044,112.24236450746781,-1.1230713630432294,0.0,121.87684959739636,111.18605774949151,-0.6701642260484288,0.0,120.89901281346599,111.73903297936445,-0.47409151169050223,0.0,121.42023697111895,113.43263575577188,-1.6108433676762184,0.0
121.88146569537,112.3280227194038,-0.9974259549269244,0.0,121.54152108046044,112.24236450746781,-1.1230713630432294,0.0,121.87684959739636,111.18605774949151,-0.6701642260484288,0.0,120.89901281346599,111.73903297936445,-0.47409151169050223,0.0
122.57840606745627,112.0963969188978,0.23601240514023647,0.0,121.88146569537,112.3280227194038,-0.9974259549269244,0.0,121.54152108046044,112.24236450746781,-1.1230713630432294,0.0,121.87684959739636,111.18605774949151,-0.6701642260484288,0.0
122.12965765111721,113.659817244809,-0.7270311994908238,0.0,122.57840606745627,112.0963969188978,0.23601240514023647,0.0,121.88146569537,112.3280227194038,-0.9974259549269244,0.0,121.54152108046044,112.24236450746781,-1.1230713630432294,0.0
122.30880694335012,113.2186078736008,-1.1072799154123314,0.0,122.12965765111721,113.659817244809,-0.7270311994908238,0.0,122.57840606745627,112.0963969188978,0.23601240514023647,0.0,121.88146569537,112.3280227194038,-0.9974259549269244,0.0
121.76378129814627,111.36442458163268,-0.13710809074005192,0.0,122.30880694335012,113.2186078736008,-1.1072799154123314,0.0,122.12965765111721,113.659817244809,-0.7270311994908238,0.0,122.57840606745627,112.0963969188978,0.23601240514023647,0.0
123.00336482969688,112.61089986753962,0.8191646991768247,0.0,121.76378129814627,111.36442458163268,-0.13710809074005192,0.0,122.30880694335012,113.2186078736008,-1.1072799154123314,0.0,122.12965765111721,113.659817244809,-0.7270311994908238,0.0
123.26209133819494,112.17581185741804,0.6036161471963178,0.0,123.00336482969688,112.61089986753962,0.8191646991768247,0.0,121.76378129814627,111.36442458163268,-0.13710809074005192,0.0,122.30880694335012,113.2186078736008,-1.1072799154123314,0.0
122.88013960452058,112.66460493309978,-0.13663343350626694,0.0,123.26209133819494,112.17581185741804,0.6036161471963178,0.0,123.00336482969688,112.61089986753962,0.8191646991768247,0.0,121.76378129814627,111.36442458163268,-0.13710809074005192,0.0
122.39135863761648,110.52672361111007,0.938615004099566,0.0,122.88013960452058,112.66460493309978,-0.13663343350626694,0.0,123.26209133819494,112.17581185741804,0.6036161471963178,0.0,123.00336482969688,112.61089986753962,0.8191646991768247,0.0
122.30766639839833,110.96844470550087,1.5481131991542512,0.0,122.39135863761648,110.52672361111007,0.938615004099566,0.0,122.88013960452058,112.66460493309978,-0.13663343350626694,0.0,123.26209133819494,112.17581185741804,0.6036161471963178,0.0
122.1215230339488,111.09236447188218,1.5779640532045174,0.0,122.30766639839833,110.96844470550087,1.5481131991542512,0.0,122.39135863761648,110.52672361111007,0.938615004099566,0.0,122.88013960452058,112.66460493309978,-0.13663343350626694,0.0
123.05472238555166,112.37936637214298,0.856170068094904,0.0,122.1215230339488,111.09236447188218,1.5779640532045174,0.0,122.30766639839833,110.96844470550087,1.5481131991542512,0.0,122.39135863761648,110.52672361111007,0.938615004099566,0.0
122.28563894415794,110.90743206351925,0.660421384056905,0.0,123.05472238555166,112.37936637214298,0.856170068094904,0.0,122.1215230339488,111.09236447188218,1.5779640532045174,0.0,122.30766639839833,110.96844470550087,1.5481131991542512,0.0
122.25962816503483,112.72567403873268,0.44815706672310857,0.0,122.28563894415794,110.90743206351925,0.660421384056905,0.0,123.05472238555166,112.37936637214298,0.856170068094904,0.0,122.1215230339488,111.09236447188218,1.5779640532045174,0.0
122.16478254391386,112.67501909594307,0.5239513056862757,0.0,122.25962816503483,112.72567403873268,0.44815706672310857,0.0,122.28563894415794,110.90743206351925,0.660421384056905,0.0,123.05472238555166,112.37936637214298,0.856170068094904,0.0
122.12627510010732,110.93691569702682,1.1446617636146885,0.0,122.16478254391386,112.67501909594307,0.5239513056862757,0.0,122.25962816503483,112.72567403873268,0.44815706672310857,0.0,122.28563894415794,110.90743206351925,0.660421384056905,0.0
122.09849420654321,110.96435092146984,1.3554379314604525,0.0,122.12627510010732,110.93691569702682,1.1446617636146885,0.0,122.16478254391386,112.67501909594307,0.5239513056862757,0.0,122.25962816503483,112.72567403873268,0.44815706672310857,0.0
122.04593930746431,111.4964130542005,0.5456623066759829,0.0,122.09849420654321,110.96435092146984,1.3554379314604525,0.0,122.12627510010732,110.93691569702682,1.1446617636146885,0.0,122.16478254391386,112.67501909594307,0.5239513056862757,0.0
122.52681540660564,110.92938145063718,1.1247780703505552,0.0,122.04593930746431,111.4964130542005,0.5456623066759829,0.0,122.09849420654321,110.96435092146984,1.3554379314604525,0.0,122.12627510010732,110.93691569702682,1.1446617636146885,0.0
122.7285235630401,111.9484197098125,1.0563885262870218,0.0,122.52681540660564,110.92938145063718,1.1247780703505552,0.0,122.04593930746431,111.4964130542005,0.5456623066759829,0.0,122.09849420654321,110.96435092146984,1.3554379314604525,0.0
122.76655399646968,112.51441319297592,1.1886437189590757,0.0,122.7285235630401,111.9484197098125,1.0563885262870218,0.0,122.52681540660564,110.92938145063718,1.1247780703505552,0.0,122.04593930746431,111.4964130542005,0.5456623066759829,0.0
121.26816173835567,108.56173555494914,1.684185404806562,0.0,122.76655399646968,112.51441319297592,1.1886437189590757,0.0,122.7285235630401,111.9484197098125,1.0563885262870218,0.0,122.52681540660564,110.92938145063718,1.1247780703505552,0.0
121.59911812431865,111.30617406894953,0.7915581990884741,0.0,121.26816173835567,108.56173555494914,1.684185404806562,0.0,122.76655399646968,112.51441319297592,1.1886437189590757,0.0,122.7285235630401,111.9484197098125,1.0563885262870218,0.0
120.91025293315758,110.82443772424608,0.6153337699175478,0.0,121.59911812431865,111.30617406894953,0.7915581990884741,0.0,121.26816173835567,108.56173555494914,1.684185404806562,0.0,122.76655399646968,112.51441319297592,1.1886437189590757,0.0
121.51455468138073,110.73615493426502,0.2265397402544308,0.0,120.91025293315758,110.82443772424608,0.6153337699175478,0.0,121.59911812431865,111.30617406894953,0.7915581990884741,0.0,121.26816173835567,108.56173555494914,1.684185404806562,0.0
122.29442409984748,113.08936658084744,-0.6026979204791832,0.0,121.51455468138073,110.73615493426502,0.2265397402544308,0.0,120.91025293315758,110.82443772424608,0.6153337699175478,0.0,121.59911812431865,111.30617406894953,0.7915581990884741,0.0
121.76704267609887,112.10754094969712,-0.3088033475808867,0.0,122.29442409984748,113.08936658084744,-0.6026979204791832,0.0,121.51455468138073,110.73615493426502,0.2265397402544308,0.0,120.91025293315758,110.82443772424608,0.6153337699175478,0.0
121.75738125018631,110.50725059042861,1.0087355977275023,0.0,121.76704267609887,112.10754094969712,-0.3088033475808867,0.0,122.29442409984748,113.08936658084744,-0.6026979204791832,0.0,121.51455468138073,110.73615493426502,0.2265397402544308,0.0
121.5501563861874,111.12141522870328,-0.11305039407087447,0.0,121.75738125018631,110.50725059042861,1.0087355977275023,0.0,121.76704267609887,112.10754094969712,-0.3088033475808867,0.0,122.29442409984748,113.08936658084744,-0.6026979204791832,0.0
122.2325480461521,112.50585901352443,-0.10658062078143475,0.0,121.5501563861874,111.12141522870328,-0.11305039407087447,0.0,121.75738125018631,110.50725059042861,1.0087355977275023,0.0,121.76704267609887,112.10754094969712,-0.3088033475808867,0.0
122.26981097928685,111.27482800541745,0.23500697091223893,0.0,122.2325480461521,112.50585901352443,-0.10658062078143475,0.0,121.5501563861874,111.12141522870328,-0.11305039407087447,0.0,121.75738125018631,110.50725059042861,1.0087355977275023,0.0
122.9896149632116,113.8079702100211,0.24954467755788173,0.0,122.26981097928685,111.27482800541745,0.23500697091223893,0.0,122.2325480461521,112.50585901352443,-0.10658062078143475,0.0,121.5501563861874,111.12141522870328,-0.11305039407087447,0.0
122.97592127500594,112.45295594074096,0.1430717157884352,0.0,122.9896149632116,113.8079702100211,0.24954467755788173,0.0,122.26981097928685,111.27482800541745,0.23500697091223893,0.0,122.2325480461521,112.50585901352443,-0.10658062078143475,0.0
122.81353941039771,113.76845399849873,-0.535150809092164,0.0,122.97592127500594,112.45295594074096,0.1430717157884352,0.0,122.9896149632116,113.8079702100211,0.24954467755788173,0.0,122.26981097928685,111.27482800541745,0.23500697091223893,0.0
122.67014794166153,112.29573955916118,-0.31172727580364934,0.0,122.81353941039771,113.76845399849873,-0.535150809092164,0.0,122.97592127500594,112.45295594074096,0.1430717157884352,0.0,122.9896149632116,113.8079702100211,0.24954467755788173,0.0
122.87359745187725,113.43033902161281,-0.6277638091508826,0.0,122.67014794166153,112.29573955916118,-0.31172727580364934,0.0,122.81353941039771,113.76845399849873,-0.535150809092164,0.0,122.97592127500594,112.45295594074096,0.1430717157884352,0.0
121.74605108008419,113.67967564589887,-1.5971718998099829,0.0,122.87359745187725,113.43033902161281,-0.6277638091508826,0.0,122.67014794166153,112.29573955916118,-0.31172727580364934,0.0,122.81353941039771,113.76845399849873,-0.535150809092164,0.0
121.8305350463558,112.17955590943612,-0.680441409591121,0.0,121.74605108008419,113.67967564589887,-1.5971718998099829,0.0,122.87359745187725,113.43033902161281,-0.6277638091508826,0.0,122.67014794166153,112.29573955916118,-0.31172727580364934,0.0
121.85569191715548,111.47425796130375,-0.06516021775187558,0.0,121.8305350463558,112.17955590943612,-0.680441409591121,0.0,121.74605108008419,113.67967564589887,-1.5971718998099829,0.0,122.87359745187725,113.43033902161281,-0.6277638091508826,0.0
122.24951944389137,111.95487006823802,-0.026297685775960568,0.0,121.85569191715548,111.47425796130375,-0.06516021775187558,0.0,121.8305350463558,112.17955590943612,-0.680441409591121,0.0,121.74605108008419,113.67967564589887,-1.5971718998099829,0.0
122.0806641009137,112.50201302524812,0.09349919548208283,0.0,122.24951944389137,111.95487006823802,-0.026297685775960568,0.0,121.85569191715548,111.47425796130375,-0.06516021775187558,0.0,121.8305350463558,112.17955590943612,-0.680441409591121,0.0
121.5844395749488,111.21448977401639,0.611958362743447,0.0,122.0806641009137,112.50201302524812,0.09349919548208283,0.0,122.24951944389137,111.95487006823802,-0.026297685775960568,0.0,121.85569191715548,111.47425796130375,-0.06516021775187558,0.0
121.71544000230482,111.11573990228172,0.6017365185837988,0.0,121.5844395749488,111.21448977401639,0.611958362743447,0.0,122.0806641009137,112.50201302524812,0.09349919548208283,0.0,122.24951944389137,111.95487006823802,-0.026297685775960568,0.0
121.3110191863865,110.39825102046382,0.9333979922476963,0.0,121.71544000230482,111.11573990228172,0.6017365185837988,0.0,121.5844395749488,111.21448977401639,0.611958362743447,0.0,122.0806641009137,112.50201302524812,0.09349919548208283,0.0
120.60459689939951,109.63174686831908,0.597977293361232,0.0,121.3110191863865,110.39825102046382,0.9333979922476963,0.0,121.71544000230482,111.11573990228172,0.6017365185837988,0.0,121.5844395749488,111.21448977401639,0.611958362743447,0.0
121.28912849014142,111.16220540241878,1.134373703975959,0.0,120.60459689939951,109.63174686831908,0.597977293361232,0.0,121.3110191863865,110.39825102046382,0.9333979922476963,0.0,121.71544000230482,111.11573990228172,0.6017365185837988,0.0
121.79293937726825,110.5578840238444,1.067891826147109,0.0,121.28912849014142,111.16220540241878,1.134373703975959,0.0,120.60459689939951,109.63174686831908,0.597977293361232,0.0,121.3110191863865,110.39825102046382,0.9333979922476963,0.0
122.1030613443681,111.29671258886577,0.9513394327206244,0.0,121.79293937726825,110.5578840238444,1.067891826147109,0.0,121.28912849014142,111.16220540241878,1.134373703975959,0.0,120.60459689939951,109.63174686831908,0.597977293361232,0.0
122.6850026868084,112.97821199317991,0.1260410018204835,0.0,122.1030613443681,111.29671258886577,0.9513394327206244,0.0,121.79293937726825,110.5578840238444,1.067891826147109,0.0,121.28912849014142,111.16220540241878,1.134373703975959,0.0
122.19918054407701,112.32611320435458,0.24431072860724118,0.0,122.6850026868084,112.97821199317991,0.1260410018204835,0.0,122.1030613443681,111.29671258886577,0.9513394327206244,0.0,121.79293937726825,110.5578840238444,1.067891826147109,0.0
121.45466426520949,111.78246197332987,-0.22052887586143263,0.0,122.19918054407701,112.32611320435458,0.24431072860724118,0.0,122.6850026868084,112.97821199317991,0.1260410018204835,0.0,122.1030613443681,111.29671258886577,0.9513394327206244,0.0
121.4418201647185,113.73792718090164,-0.4955644639533932,0.0,121.45466426520949,111.78246197332987,-0.22052887586143263,0.0,122.19918054407701,112.32611320435458,0.24431072860724118,0.0,122.6850026868084,112.97821199317991,0.1260410018204835,0.0
121.35425406989145,112.50903824060802,-0.8041393853207751,0.0,121.4418201647185,113.73792718090164,-0.4955644639533932,0.0,121.45466426520949,111.78246197332987,-0.22052887586143263,0.0,122.19918054407701,112.32611320435458,0.24431072860724118,0.0
121.03003674114444,112.64437312767382,-1.1764289742062326,0.0,121.35425406989145,112.50903824060802,-0.8041393853207751,0.0,121.4418201647185,113.73792718090164,-0.4955644639533932,0.0,121.45466426520949,111.78246197332987,-0.22052887586143263,0.0
121.24141573572562,110.85378160892083,0.12124252214349462,0.0,121.03003674114444,112.64437312767382,-1.1764289742062326,0.0,121.35425406989145,112.50903824060802,-0.8041393853207751,0.0,121.4418201647185,113.73792718090164,-0.4955644639533932,0.0
121.14792859604847,110.78802838859477,0.7626635487089972,0.0,121.24141573572562,110.85378160892083,0.12124252214349462,0.0,121.03003674114444,112.64437312767382,-1.1764289742062326,0.0,121.35425406989145,112.50903824060802,-0.8041393853207751,0.0
120.5461696377696,109.0834119478155,1.5703145900393283,0.0,121.14792859604847,110.78802838859477,0.7626635487089972,0.0,121.24141573572562,110.85378160892083,0.12124252214349462,0.0,121.03003674114444,112.64437312767382,-1.1764289742062326,0.0
120.7496614177362,109.33371894165185,0.6448041622536808,0.0,120.5461696377696,109.0834119478155,1.5703145900393283,0.0,121.14792859604847,110.78802838859477,0.7626635487089972,0.0,121.24141573572562,110.85378160892083,0.12124252214349462,0.0
120.5561655705432,109.50751960587709,0.5514702047583909,0.0,120.7496614177362,109.33371894165185,0.6448041622536808,0.0,120.5461696377696,109.0834119478155,1.5703145900393283,0.0,121.14792859604847,110.78802838859477,0.7626635487089972,0.0
121.02193751885605,110.77637946767967,-0.20557764879533513,0.0,120.5561655705432,109.50751960587709,0.5514702047583909,0.0,120.7496614177362,109.33371894165185,0.6448041622536808,0.0,120.5461696377696,109.0834119478155,1.5703145900393283,0.0
120.90611461649763,111.66836038933783,-0.5123095576348001,0.0,121.02193751885605,110.77637946767967,-0.20557764879533513,0.0,120.5561655705432,109.50751960587709,0.5514702047583909,0.0,120.7496614177362,109.33371894165185,0.6448041622536808,0.0
121.66746445748579,112.26485945565707,-0.8689111378161276,0.0,120.90611461649763,111.66836038933783,-0.5123095576348001,0.0,121.02193751885605,110.77637946767967,-0.20557764879533513,0.0,120.5561655705432,109.50751960587709,0.5514702047583909,0.0
122.50122886596154,112.6935146732205,-0.07533690703212137,0.0,121.66746445748579,112.26485945565707,-0.8689111378161276,0.0,120.90611461649763,111.66836038933783,-0.5123095576348001,0.0,121.02193751885605,110.77637946767967,-0.20557764879533513,0.0
122.68843069597563,113.04486166599065,-0.258384364676577,0.0,122.50122886596154,112.6935146732205,-0.07533690703212137,0.0,121.66746445748579,112.26485945565707,-0.8689111378161276,0.0,120.90611461649763,111.66836038933783,-0.5123095576348001,0.0
121.81128353155982,111.27895868458077,0.3274821751057466,0.0,122.68843069597563,113.04486166599065,-0.258384364676577,0.0,122.50122886596154,112.6935146732205,-0.07533690703212137,0.0,121.66746445748579,112.26485945565707,-0.8689111378161276,0.0
122.58562123259124,112.32007184192287,0.5640461848788563,0.0,121.81128353155982,111.27895868458077,0.3274821751057466,0.0,122.68843069597563,113.04486166599065,-0.258384364676577,0.0,122.50122886596154,112.6935146732205,-0.07533690703212137,0.0
123.30841438577974,110.95885650960267,1.6030563239554796,0.0,122.58562123259124,112.32007184192287,0.5640461848788563,0.0,121.81128353155982,111.27895868458077,0.3274821751057466,0.0,122.68843069597563,113.04486166599065,-0.258384364676577,0.0
123.02786634111197,112.5652084633164,0.5427229475945217,0.0,123.30841438577974,110.95885650960267,1.6030563239554796,0.0,122.58562123259124,112.32007184192287,0.5640461848788563,0.0,121.81128353155982,111.27895868458077,0.3274821751057466,0.0
123.4784808724879,112.10550561138908,1.0637949779690168,0.0,123.02786634111197,112.5652084633164,0.5427229475945217,0.0,123.30841438577974,110.95885650960267,1.6030563239554796,0.0,122.58562123259124,112.32007184192287,0.5640461848788563,0.0
122.96623805888306,110.81418140167881,1.4242564175755774,0.0,123.4784808724879,112.10550561138908,1.0637949779690168,0.0,123.02786634111197,112.5652084633164,0.5427229475945217,0.0,123.30841438577974,110.95885650960267,1.6030563239554796,0.0
121.90313772361753,110.73459512128301,0.6527157150469447,0.0,122.96623805888306,110.81418140167881,1.4242564175755774,0.0,123.4784808724879,112.10550561138908,1.0637949779690168,0.0,123.02786634111197,112.5652084633164,0.5427229475945217,0.0
121.57945899431398,111.25817930538514,1.0257392402741354,0.0,121.90313772361753,110.73459512128301,0.6527157150469447,0.0,122.96623805888306,110.81418140167881,1.4242564175755774,0.0,123.4784808724879,112.10550561138908,1.0637949779690168,0.0
122.56073639955756,111.34962457832017,0.9886638737324228,0.0,121.57945899431398,111.25817930538514,1.0257392402741354,0.0,121.90313772361753,110.73459512128301,0.6527157150469447,0.0,122.96623805888306,110.81418140167881,1.4242564175755774,0.0
121.76969218204982,110.66713951581025,0.6771929690092344,0.0,122.56073639955756,111.34962457832017,0.9886638737324228,0.0,121.57945899431398,111.25817930538514,1.0257392402741354,0.0,121.90313772361753,110.73459512128301,0.6527157150469447,0.0
121.8517145654721,111.27599642267032,0.12978663172138777,0.0,121.76969218204982,110.66713951581025,0.6771929690092344,0.0,122.56073639955756,111.34962457832017,0.9886638737324228,0.0,121.57945899431398,111.25817930538514,1.0257392402741354,0.0
121.86459519731194,112.67696803471677,-0.25572542034748275,0.0,121.8517145654721,111.27599642267032,0.12978663172138777,0.0,121.76969218204982,110.66713951581025,0.6771929690092344,0.0,122.56073639955756,111.34962457832017,0.9886638737324228,0.0
121.67598041954376,111.1841723264375,0.8203257116149768,0.0,121.86459519731194,112.67696803471677,-0.25572542034748275,0.0,121.8517145654721,111.27599642267032,0.12978663172138777,0.0,121.76969218204982,110.66713951581025,0.6771929690092344,0.0
121.59687389576052,110.44299279911894,0.6566019787707228,0.0,121.67598041954376,111.1841723264375,0.8203257116149768,0.0,121.86459519731194,112.67696803471677,-0.25572542034748275,0.0,121.8517145654721,111.27599642267032,0.12978663172138777,0.0
121.75275905109389,111.2172926526529,0.9163465837823078,0.0,121.59687389576052,110.44299279911894,0.6566019787707228,0.0,121.67598041954376,111.1841723264375,0.8203257116149768,0.0,121.86459519731194,112.67696803471677,-0.25572542034748275,0.0
121.55287147361976,111.36509192575986,0.33762757619206973,0.0,121.75275905109389,111.2172926526529,0.9163465837823078,0.0,121.59687389576052,110.44299279911894,0.6566019787707228,0.0,121.67598041954376,111.1841723264375,0.8203257116149768,0.0
121.01397486184908,110.34586136925523,-0.1198244121571636,0.0,121.55287147361976,111.36509192575986,0.33762757619206973,0.0,121.75275905109389,111.2172926526529,0.9163465837823078,0.0,121.59687389576052,110.44299279911894,0.6566019787707228,0.0
121.37119764136794,110.9499643916611,0.44513287489924025,0.0,121.01397486184908,110.34586136925523,-0.1198244121571636,0.0,121.55287147361976,111.36509192575986,0.33762757619206973,0.0,121.75275905109389,111.2172926526529,0.9163465837823078,0.0
121.99955996245541,112.68162883722871,-0.31868180585637385,0.0,121.37119764136794,110.9499643916611,0.44513287489924025,0.0,121.01397486184908,110.34586136925523,-0.1198244121571636,0.0,121.55287147361976,111.36509192575986,0.33762757619206973,0.0
122.37082493232151,113.27218593939068,-0.4625523286377349,0.0,121.99955996245541,112.68162883722871,-0.31868180585637385,0.0,121.37119764136794,110.9499643916611,0.44513287489924025,0.0,121.01397486184908,110.34586136925523,-0.1198244121571636,0.0
121.8880559881269,112.07472448070834,-0.3530281573740719,0.0,122.37082493232151,113.27218593939068,-0.4625523286377349,0.0,121.99955996245541,112.68162883722871,-0.31868180585637385,0.0,121.37119764136794,110.9499643916611,0.44513287489924025,0.0
121.27634792509694,112.16965815431479,-0.22673622497923132,0.0,121.8880559881269,112.07472448070834,-0.3530281573740719,0.0,122.37082493232151,113.27218593939068,-0.4625523286377349,0.0,121.99955996245541,112.68162883722871,-0.31868180585637385,0.0
121.2945278274078,111.68913143184747,-0.2709356224914632,0.0,121.27634792509694,112.16965815431479,-0.22673622497923132,0.0,121.8880559881269,112.07472448070834,-0.3530281573740719,0.0,122.37082493232151,113.27218593939068,-0.4625523286377349,0.0
122.2161017617396,112.06832510168977,-0.018838607445209016,0.0,121.2945278274078,111.68913143184747,-0.2709356224914632,0.0,121.27634792509694,112.16965815431479,-0.22673622497923132,0.0,121.8880559881269,112.07472448070834,-0.3530281573740719,0.0
122.518787660936,111.53785575870941,0.33135699195273854,0.0,122.2161017617396,112.06832510168977,-0.018838607445209016,0.0,121.2945278274078,111.68913143184747,-0.2709356224914632,0.0,121.27634792509694,112.16965815431479,-0.22673622497923132,0.0
122.77649655949502,111.81031815301816,0.6324043662918559,0.0,122.518787660936,111.53785575870941,0.33135699195273854,0.0,122.2161017617396,112.06832510168977,-0.018838607445209016,0.0,121.2945278274078,111.68913143184747,-0.2709356224914632,0.0
122.99897635711828,113.34298732740979,0.013021588699571374,0.0,122.77649655949502,111.81031815301816,0.6324043662918559,0.0,122.518787660936,111.53785575870941,0.33135699195273854,0.0,122.2161017617396,112.06832510168977,-0.018838607445209016,0.0
122.98327793904075,112.52572855826364,-0.13166027800474148,0.0,122.99897635711828,113.34298732740979,0.013021588699571374,0.0,122.77649655949502,111.81031815301816,0.6324043662918559,0.0,122.518787660936,111.53785575870941,0.33135699195273854,0.0
122.82289658050233,112.48060089074139,0.49205320853467566,0.0,122.98327793904075,112.52572855826364,-0.13166027800474148,0.0,122.99897635711828,113.34298732740979,0.013021588699571374,0.0,122.77649655949502,111.81031815301816,0.6324043662918559,0.0
122.95297756686223,112.72986291727227,0.8409661606146768,0.0,122.82289658050233,112.48060089074139,0.49205320853467566,0.0,122.98327793904075,112.52572855826364,-0.13166027800474148,0.0,122.99897635711828,113.34298732740979,0.013021588699571374,0.0
122.4612525024159,112.56092997929744,-0.013656797248790542,0.0,122.95297756686223,112.72986291727227,0.8409661606146768,0.0,122.82289658050233,112.48060089074139,0.49205320853467566,0.0,122.98327793904075,112.52572855826364,-0.13166027800474148,0.0
121.71996709704482,110.83606798409491,0.1648145123770684,0.0,122.4612525024159,112.56092997929744,-0.013656797248790542,0.0,122.95297756686223,112.72986291727227,0.8409661606146768,0.0,122.82289658050233,112.48060089074139,0.49205320853467566,0.0
122.09403818615272,112.86867917590598,-0.8572610147857505,0.0,121.71996709704482,110.83606798409491,0.1648145123770684,0.0,122.4612525024159,112.56092997929744,-0.013656797248790542,0.0,122.95297756686223,112.72986291727227,0.8409661606146768,0.0
122.62980531463344,113.28588574326696,-0.6623413607984157,0.0,122.09403818615272,112.86867917590598,-0.8572610147857505,0.0,121.71996709704482,110.83606798409491,0.1648145123770684,0.0,122.4612525024159,112.56092997929744,-0.013656797248790542,0.0
122.00629437536479,110.76867813327914,0.419010419734256,0.0,122.62980531463344,113.28588574326696,-0.6623413607984157,0.0,122.09403818615272,112.86867917590598,-0.8572610147857505,0.0,121.71996709704482,110.83606798409491,0.1648145123770684,0.0
122.3555004468391,113.2099158932134,-0.1387380228470883,0.0,122.00629437536479,110.76867813327914,0.419010419734256,0.0,122.62980531463344,113.28588574326696,-0.6623413607984157,0.0,122.09403818615272,112.86867917590598,-0.8572610147857505,0.0
123.0154625135837,114.18641401163356,-0.5281519410234616,0.0,122.3555004468391,113.2099158932134,-0.1387380228470883,0.0,122.00629437536479,110.76867813327914,0.419010419734256,0.0,122.62980531463344,113.28588574326696,-0.6623413607984157,0.0
122.73221468105963,113.58064457857537,-0.0405066620323396,0.0,123.0154625135837,114.18641401163356,-0.5281519410234616,0.0,122.3555004468391,113.2099158932134,-0.1387380228470883,0.0,122.00629437536479,110.76867813327914,0.419010419734256,0.0
122.13894909788317,112.75643109187382,-0.8038060872306947,0.0,122.73221468105963,113.58064457857537,-0.0405066620323396,0.0,123.0154625135837,114.18641401163356,-0.5281519410234616,0.0,122.3555004468391,113.2099158932134,-0.1387380228470883,0.0
122.12272364191566,112.99889946308517,-0.9594223847270753,0.0,122.13894909788317,112.75643109187382,-0.8038060872306947,0.0,122.73221468105963,113.58064457857537,-0.0405066620323396,0.0,123.0154625135837,114.18641401163356,-0.5281519410234616,0.0
121.84572806825203,111.54367722360294,-0.469317338990784,0.0,122.12272364191566,112.99889946308517,-0.9594223847270753,0.0,122.13894909788317,112.75643109187382,-0.8038060872306947,0.0,122.73221468105963,113.58064457857537,-0.0405066620323396,0.0
121.56159470171427,112.13245395818322,-0.6925967950373287,0.0,121.84572806825203,111.54367722360294,-0.469317338990784,0.0,122.12272364191566,112.99889946308517,-0.9594223847270753,0.0,122.13894909788317,112.75643109187382,-0.8038060872306947,0.0
121.83062928051281,112.70477028988782,-0.6720624296353488,0.0,121.56159470171427,112.13245395818322,-0.6925967950373287,0.0,121.84572806825203,111.54367722360294,-0.469317338990784,0.0,122.12272364191566,112.99889946308517,-0.9594223847270753,0.0
121.09943400408545,111.26409365619716,-0.16555708855076173,0.0,121.83062928051281,112.70477028988782,-0.6720624296353488,0.0,121.56159470171427,112.13245395818322,-0.6925967950373287,0.0,121.84572806825203,111.54367722360294,-0.469317338990784,0.0
120.63280171050492,110.49562063034679,0.07832737092767122,0.0,121.09943400408545,111.26409365619716,-0.16555708855076173,0.0,121.83062928051281,112.70477028988782,-0.6720624296353488,0.0,121.56159470171427,112.13245395818322,-0.6925967950373287,0.0
120.93704412524019,111.57685366701446,0.19607109488983793,0.0,120.63280171050492,110.49562063034679,0.07832737092767122,0.0,121.09943400408545,111.26409365619716,-0.16555708855076173,0.0,121.83062928051281,112.70477028988782,-0.6720624296353488,0.0
121.24343248443634,109.90097092599206,-0.012704263723149006,0.0,120.93704412524019,111.57685366701446,0.19607109488983793,0.0,120.63280171050492,110.49562063034679,0.07832737092767122,0.0,121.09943400408545,111.26409365619716,-0.16555708855076173,0.0
121.60786991319466,111.17306725748776,0.17486714665595848,0.0,121.24343248443634,109.90097092599206,-0.012704263723149006,0.0,120.93704412524019,111.57685366701446,0.19607109488983793,0.0,120.63280171050492,110.49562063034679,0.07832737092767122,0.0
122.60291447748737,112.4198829462012,0.07802737727488848,0.0,121.60786991319466,111.17306725748776,0.17486714665595848,0.0,121.24343248443634,109.90097092599206,-0.012704263723149006,0.0,120.93704412524019,111.57685366701446,0.19607109488983793,0.0
122.53765136664182,111.93874466771973,0.29132470678280314,0.0,122.60291447748737,112.4198829462012,0.07802737727488848,0.0,121.60786991319466,111.17306725748776,0.17486714665595848,0.0,121.24343248443634,109.90097092599206,-0.012704263723149006,0.0
122.710640124418,112.37134088125745,-0.015406247132746603,0.0,122.53765136664182,111.93874466771973,0.29132470678280314,0.0,122.60291447748737,112.4198829462012,0.07802737727488848,0.0,121.60786991319466,111.17306725748776,0.17486714665595848,0.0
122.06862030509022,112.2425065327374,-0.10360948489596784,0.0,122.710640124418,112.37134088125745,-0.015406247132746603,0.0,122.53765136664182,111.93874466771973,0.29132470678280314,0.0,122.60291447748737,112.4198829462012,0.07802737727488848,0.0
122.37541973639503,113.26890678870816,-0.5778664841927812,0.0,122.06862030509022,112.2425065327374,-0.10360948489596784,0.0,122.710640124418,112.37134088125745,-0.015406247132746603,0.0,122.53765136664182,111.93874466771973,0.29132470678280314,0.0
122.02679692771511,112.20686857691155,-0.4797969923573429,0.0,122.37541973639503,113.26890678870816,-0.5778664841927812,0.0,122.06862030509022,112.2425065327374,-0.10360948489596784,0.0,122.710640124418,112.37134088125745,-0.015406247132746603,0.0
122.02602269351515,112.62250529894973,-0.7893380257002968,0.0,122.02679692771511,112.20686857691155,-0.4797969923573429,0.0,122.37541973639503,113.26890678870816,-0.5778664841927812,0.0,122.06862030509022,112.2425065327374,-0.10360948489596784,0.0
121.89211610239833,113.48555479758426,-1.188493645641234,0.0,122.02602269351515,112.62250529894973,-0.7893380257002968,0.0,122.02679692771511,112.20686857691155,-0.4797969923573429,0.0,122.37541973639503,113.26890678870816,-0.5778664841927812,0.0
122.40436445002915,112.51631098693082,-0.8214643425852932,0.0,121.89211610239833,113.48555479758426,-1.188493645641234,0.0,122.02602269351515,112.62250529894973,-0.7893380257002968,0.0,122.02679692771511,112.20686857691155,-0.4797969923573429,0.0
121.6650447661304,112.06917033410832,-0.5508015861394044,0.0,122.40436445002915,112.51631098693082,-0.8214643425852932,0.0,121.89211610239833,113.48555479758426,-1.188493645641234,0.0,122.02602269351515,112.62250529894973,-0.7893380257002968,0.0
120.67257310436348,110.35686782466689,-0.04920440143723731,0.0,121.6650447661304,112.06917033410832,-0.5508015861394044,0.0,122.40436445002915,112.51631098693082,-0.8214643425852932,0.0,121.89211610239833,113.48555479758426,-1.188493645641234,0.0
120.90799413508758,110.46695999718494,-0.2549263059373394,0.0,120.67257310436348,110.35686782466689,-0.04920440143723731,0.0,121.6650447661304,112.06917033410832,-0.5508015861394044,0.0,122.40436445002915,112.51631098693082,-0.8214643425852932,0.0
121.39163088189065,111.38060109263972,8.537866850633069e-05,0.0,120.90799413508758,110.46695999718494,-0.2549263059373394,0.0,120.67257310436348,110.35686782466689,-0.04920440143723731,0.0,121.6650447661304,112.06917033410832,-0.5508015861394044,0.0
121.62965385528042,111.19571076271677,0.2754670890716367,0.0,121.39163088189065,111.38060109263972,8.537866850633069e-05,0.0,120.90799413508758,110.46695999718494,-0.2549263059373394,0.0,120.67257310436348,110.35686782466689,-0.04920440143723731,0.0
122.34496563109774,111.49719143667153,0.44276057517310674,0.0,121.62965385528042,111.19571076271677,0.2754670890716367,0.0,121.39163088189065,111.38060109263972,8.537866850633069e-05,0.0,120.90799413508758,110.46695999718494,-0.2549263059373394,0.0
122.45105371029514,112.87210263345776,-0.05861838126258567,0.0,122.34496563109774,111.49719143667153,0.44276057517310674,0.0,121.62965385528042,111.19571076271677,0.2754670890716367,0.0,121.39163088189065,111.38060109263972,8.537866850633069e-05,0.0
122.07777090065106,112.02295803310253,0.02778703612552591,0.0,122.45105371029514,112.87210263345776,-0.05861838126258567,0.0,122.34496563109774,111.49719143667153,0.44276057517310674,0.0,121.62965385528042,111.19571076271677,0.2754670890716367,0.0
120.96462890187017,110.69755483161686,0.20429977692775142,0.0,122.07777090065106,112.02295803310253,0.02778703612552591,0.0,122.45105371029514,112.87210263345776,-0.05861838126258567,0.0,122.34496563109774,111.49719143667153,0.44276057517310674,0.0
121.0833304698631,111.39433069070867,0.16702905499617213,0.0,120.96462890187017,110.69755483161686,0.20429977692775142,0.0,122.07777090065106,112.02295803310253,0.02778703612552591,0.0,122.45105371029514,112.87210263345776,-0.05861838126258567,0.0
121.80295620712076,111.5537533979724,-0.9096155851886046,0.0,121.0833304698631,111.39433069070867,0.16702905499617213,0.0,120.96462890187017,110.69755483161686,0.20429977692775142,0.0,122.07777090065106,112.02295803310253,0.02778703612552591,0.0
121.59884414806433,112.94993852597463,-0.6474476561641437,0.0,121.80295620712076,111.5537533979724,-0.9096155851886046,0.0,121.0833304698631,111.39433069070867,0.16702905499617213,0.0,120.96462890187017,110.69755483161686,0.20429977692775142,0.0
121.7049506880348,111.76569524511106,0.5883073947673061,0.0,121.59884414806433,112.94993852597463,-0.6474476561641437,0.0,121.80295620712076,111.5537533979724,-0.9096155851886046,0.0,121.0833304698631,111.39433069070867,0.16702905499617213,0.0
122.02097872004339,111.07323915075625,0.2906262814353535,0.0,121.7049506880348,111.76569524511106,0.5883073947673061,0.0,121.59884414806433,112.94993852597463,-0.6474476561641437,0.0,121.80295620712076,111.5537533979724,-0.9096155851886046,0.0
121.54323006570549,111.31813446408657,-0.13153752377937775,0.0,122.02097872004339,111.07323915075625,0.2906262814353535,0.0,121.7049506880348,111.76569524511106,0.5883073947673061,0.0,121.59884414806433,112.94993852597463,-0.6474476561641437,0.0
121.92821437475085,112.35975252265902,0.08144426083219689,0.0,121.54323006570549,111.31813446408657,-0.13153752377937775,0.0,122.02097872004339,111.07323915075625,0.2906262814353535,0.0,121.7049506880348,111.76569524511106,0.5883073947673061,0.0
122.749887472261,112.22489845081111,0.22134451389904336,0.0,121.92821437475085,112.35975252265902,0.08144426083219689,0.0,121.54323006570549,111.31813446408657,-0.13153752377937775,0.0,122.02097872004339,111.07323915075625,0.2906262814353535,0.0
122.56083021207466,111.05346179574858,0.773443193827442,0.0,122.749887472261,112.22489845081111,0.22134451389904336,0.0,121.92821437475085,112.35975252265902,0.08144426083219689,0.0,121.54323006570549,111.31813446408657,-0.13153752377937775,0.0
121.88844419634194,111.91375524803291,-0.010179522892490245,0.0,122.56083021207466,111.05346179574858,0.773443193827442,0.0,122.749887472261,112.22489845081111,0.22134451389904336,0.0,121.92821437475085,112.35975252265902,0.08144426083219689,0.0
121.96219308710772,110.3052351290969,0.357546507973504,0.0,121.88844419634194,111.91375524803291,-0.010179522892490245,0.0,122.56083021207466,111.05346179574858,0.773443193827442,0.0,122.749887472261,112.22489845081111,0.22134451389904336,0.0
120.89859360186693,111.17937627029642,0.5812482370045349,0.0,121.96219308710772,110.3052351290969,0.357546507973504,0.0,121.88844419634194,111.91375524803291,-0.010179522892490245,0.0,122.56083021207466,111.05346179574858,0.773443193827442,0.0
121.35654130084285,110.61570425277995,0.3939253211333549,0.0,120.89859360186693,111.17937627029642,0.5812482370045349,0.0,121.96219308710772,110.3052351290969,0.357546507973504,0.0,121.88844419634194,111.91375524803291,-0.010179522892490245,0.0
121.77595965114045,110.70821156716241,0.4844839158675289,0.0,121.35654130084285,110.61570425277995,0.3939253211333549,0.0,120.89859360186693,111.17937627029642,0.5812482370045349,0.0,121.96219308710772,110.3052351290969,0.357546507973504,0.0
122.69141453242852,111.34342670813268,0.9023158734932017,0.0,121.77595965114045,110.70821156716241,0.4844839158675289,0.0,121.35654130084285,110.61570425277995,0.3939253211333549,0.0,120.89859360186693,111.17937627029642,0.5812482370045349,0.0
122.48469129136552,111.42885876587954,1.1580103888087867,0.0,122.69141453242852,111.34342670813268,0.9023158734932017,0.0,121.77595965114045,110.70821156716241,0.4844839158675289,0.0,121.35654130084285,110.61570425277995,0.3939253211333549,0.0
122.5737900932056,112.36411217920104,0.35489865501016504,0.0,122.48469129136552,111.42885876587954,1.1580103888087867,0.0,122.69141453242852,111.34342670813268,0.9023158734932017,0.0,121.77595965114045,110.70821156716241,0.4844839158675289,0.0
122.07065862239808,111.15458801946858,0.6939980173858743,0.0,122.5737900932056,112.36411217920104,0.35489865501016504,0.0,122.48469129136552,111.42885876587954,1.1580103888087867,0.0,122.69141453242852,111.34342670813268,0.9023158734932017,0.0
121.92842848132558,110.99769712660711,0.5228541113924403,0.0,122.07065862239808,111.15458801946858,0.6939980173858743,0.0,122.5737900932056,112.36411217920104,0.35489865501016504,0.0,122.48469129136552,111.42885876587954,1.1580103888087867,0.0
121.2551884948024,110.49923143853951,0.45472033812171,0.0,121.92842848132558,110.99769712660711,0.5228541113924403,0.0,122.07065862239808,111.15458801946858,0.6939980173858743,0.0,122.5737900932056,112.36411217920104,0.35489865501016504,0.0
121.38359635311434,110.46319264171942,0.40037476599821525,0.0,121.2551884948024,110.49923143853951,0.45472033812171,0.0,121.92842848132558,110.99769712660711,0.5228541113924403,0.0,122.07065862239808,111.15458801946858,0.6939980173858743,0.0
121.37239016450047,111.6366468246344,0.24517831839944224,0.0,121.38359635311434,110.46319264171942,0.40037476599821525,0.0,121.2551884948024,110.49923143853951,0.45472033812171,0.0,121.92842848132558,110.99769712660711,0.5228541113924403,0.0
121.69658815269561,111.01847723898433,0.7919964032730863,0.0,121.37239016450047,111.6366468246344,0.24517831839944224,0.0,121.38359635311434,110.46319264171942,0.40037476599821525,0.0,121.2551884948024,110.49923143853951,0.45472033812171,0.0
121.47767484840169,111.35594467176975,0.5917381426938632,0.0,121.69658815269561,111.01847723898433,0.7919964032730863,0.0,121.37239016450047,111.6366468246344,0.24517831839944224,0.0,121.38359635311434,110.46319264171942,0.40037476599821525,0.0
121.62841962600469,111.90785856408428,-0.08638255003649381,0.0,121.47767484840169,111.35594467176975,0.5917381426938632,0.0,121.69658815269561,111.01847723898433,0.7919964032730863,0.0,121.37239016450047,111.6366468246344,0.24517831839944224,0.0
121.5696501398996,111.3279106620065,-0.26587096801405946,0.0,121.62841962600469,111.90785856408428,-0.08638255003649381,0.0,121.47767484840169,111.35594467176975,0.5917381426938632,0.0,121.69658815269561,111.01847723898433,0.7919964032730863,0.0
121.51095480475026,111.58031226039364,-0.12334941600600977,0.0,121.5696501398996,111.3279106620065,-0.26587096801405946,0.0,121.62841962600469,111.90785856408428,-0.08638255003649381,0.0,121.47767484840169,111.35594467176975,0.5917381426938632,0.0
121.75229797983586,109.93294053891725,0.5159278593437174,0.0,121.51095480475026,111.58031226039364,-0.12334941600600977,0.0,121.5696501398996,111.3279106620065,-0.26587096801405946,0.0,121.62841962600469,111.90785856408428,-0.08638255003649381,0.0
121.86918999590897,111.05819718236472,0.7142896299493908,0.0,121.75229797983586,109.93294053891725,0.5159278593437174,0.0,121.51095480475026,111.58031226039364,-0.12334941600600977,0.0,121.5696501398996,111.3279106620065,-0.26587096801405946,0.0
122.2711804919017,112.09517048702585,0.14616406458599074,0.0,121.86918999590897,111.05819718236472,0.7142896299493908,0.0,121.75229797983586,109.93294053891725,0.5159278593437174,0.0,121.51095480475026,111.58031226039364,-0.12334941600600977,0.0
122.21643215232653,110.8038144825982,1.3595262100082384,0.0,122.2711804919017,112.09517048702585,0.14616406458599074,0.0,121.86918999590897,111.05819718236472,0.7142896299493908,0.0,121.75229797983586,109.93294053891725,0.5159278593437174,0.0
122.04119834395523,111.14009406688965,1.2200086234955805,0.0,122.21643215232653,110.8038144825982,1.3595262100082384,0.0,122.2711804919017,112.09517048702585,0.14616406458599074,0.0,121.86918999590897,111.05819718236472,0.7142896299493908,0.0
122.0207563340009,110.43597237239373,1.6137022677959718,0.0,122.04119834395523,111.14009406688965,1.2200086234955805,0.0,122.21643215232653,110.8038144825982,1.3595262100082384,0.0,122.2711804919017,112.09517048702585,0.14616406458599074,0.0
121.76021232317183,109.98121371216789,1.2151045974481631,0.0,122.0207563340009,110.43597237239373,1.6137022677959718,0.0,122.04119834395523,111.14009406688965,1.2200086234955805,0.0,122.21643215232653,110.8038144825982,1.3595262100082384,0.0
121.70762070806941,110.4118720736943,1.2387633003112553,0.0,121.76021232317183,109.98121371216789,1.2151045974481631,0.0,122.0207563340009,110.43597237239373,1.6137022677959718,0.0,122.04119834395523,111.14009406688965,1.2200086234955805,0.0
122.79273968987665,111.7787246623102,1.4107448925082067,0.0,121.70762070806941,110.4118720736943,1.2387633003112553,0.0,121.76021232317183,109.98121371216789,1.2151045974481631,0.0,122.0207563340009,110.43597237239373,1.6137022677959718,0.0
122.23010468527202,110.95495372562763,1.7376932698836933,0.0,122.79273968987665,111.7787246623102,1.4107448925082067,0.0,121.70762070806941,110.4118720736943,1.2387633003112553,0.0,121.76021232317183,109.98121371216789,1.2151045974481631,0.0
122.12327854515823,110.42954072239507,1.9188387685960673,0.0,122.23010468527202,110.95495372562763,1.7376932698836933,0.0,122.79273968987665,111.7787246623102,1.4107448925082067,0.0,121.70762070806941,110.4118720736943,1.2387633003112553,0.0
122.00503196771207,109.99693073559331,1.9711695149133428,0.0,122.12327854515823,110.42954072239507,1.9188387685960673,0.0,122.23010468527202,110.95495372562763,1.7376932698836933,0.0,122.79273968987665,111.7787246623102,1.4107448925082067,0.0
121.98214194642958,109.96595643235781,1.41939224633362,0.0,122.00503196771207,109.99693073559331,1.9711695149133428,0.0,122.12327854515823,110.42954072239507,1.9188387685960673,0.0,122.23010468527202,110.95495372562763,1.7376932698836933,0.0
121.83720354807119,111.65780709266556,0.8496407760888653,0.0,121.98214194642958,109.96595643235781,1.41939224633362,0.0,122.00503196771207,109.99693073559331,1.9711695149133428,0.0,122.12327854515823,110.42954072239507,1.9188387685960673,0.0
122.04160766754467,111.35550443045585,0.8460163760331911,0.0,121.83720354807119,111.65780709266556,0.8496407760888653,0.0,121.98214194642958,109.96595643235781,1.41939224633362,0.0,122.00503196771207,109.99693073559331,1.9711695149133428,0.0
121.27521446731006,110.05968232059547,1.1433771369970875,0.0,122.04160766754467,111.35550443045585,0.8460163760331911,0.0,121.83720354807119,111.65780709266556,0.8496407760888653,0.0,121.98214194642958,109.96595643235781,1.41939224633362,0.0
121.93626831798457,112.04977984258994,0.8033413592093666,0.0,121.27521446731006,110.05968232059547,1.1433771369970875,0.0,122.04160766754467,111.35550443045585,0.8460163760331911,0.0,121.83720354807119,111.65780709266556,0.8496407760888653,0.0
122.28878957204365,111.53032964330217,1.1752590702246866,0.0,121.93626831798457,112.04977984258994,0.8033413592093666,0.0,121.27521446731006,110.05968232059547,1.1433771369970875,0.0,122.04160766754467,111.35550443045585,0.8460163760331911,0.0
121.69135660243438,110.36478524337966,1.666515628922839,0.0,122.28878957204365,111.53032964330217,1.1752590702246866,0.0,121.93626831798457,112.04977984258994,0.8033413592093666,0.0,121.27521446731006,110.05968232059547,1.1433771369970875,0.0
120.70704760790966,110.22998075123334,0.8750520436015614,0.0,121.69135660243438,110.36478524337966,1.666515628922839,0.0,122.28878957204365,111.53032964330217,1.1752590702246866,0.0,121.93626831798457,112.04977984258994,0.8033413592093666,0.0
120.56759839622069,110.19007234072677,0.2815812829831092,0.0,120.70704760790966,110.22998075123334,0.8750520436015614,0.0,121.69135660243438,110.36478524337966,1.666515628922839,0.0,122.28878957204365,111.53032964330217,1.1752590702246866,0.0
120.79665273416394,110.721855041981,0.15507749693381917,0.0,120.56759839622069,110.19007234072677,0.2815812829831092,0.0,120.70704760790966,110.22998075123334,0.8750520436015614,0.0,121.69135660243438,110.36478524337966,1.666515628922839,0.0
122.31188514351773,112.31165986317657,0.27786833164165353,0.0,120.79665273416394,110.721855041981,0.15507749693381917,0.0,120.56759839622069,110.19007234072677,0.2815812829831092,0.0,120.70704760790966,110.22998075123334,0.8750520436015614,0.0
122.50460592465393,112.33061345294777,-0.03998884157020263,0.0,122.31188514351773,112.31165986317657,0.27786833164165353,0.0,120.79665273416394,110.721855041981,0.15507749693381917,0.0,120.56759839622069,110.19007234072677,0.2815812829831092,0.0
121.5954021870309,110.08975456203038,0.6441102661774101,0.0,122.50460592465393,112.33061345294777,-0.03998884157020263,0.0,122.31188514351773,112.31165986317657,0.27786833164165353,0.0,120.79665273416394,110.721855041981,0.15507749693381917,0.0
121.43699189740748,109.89004199533545,0.7273216437011536,0.0,121.5954021870309,110.08975456203038,0.6441102661774101,0.0,122.50460592465393,112.33061345294777,-0.03998884157020263,0.0,122.31188514351773,112.31165986317657,0.27786833164165353,0.0
121.52856861661144,111.88837366356131,0.6015808390812926,0.0,121.43699189740748,109.89004199533545,0.7273216437011536,0.0,121.5954021870309,110.08975456203038,0.6441102661774101,0.0,122.50460592465393,112.33061345294777,-0.03998884157020263,0.0
121.76408473381012,111.71223873256176,-0.2366900906692297,0.0,121.52856861661144,111.88837366356131,0.6015808390812926,0.0,121.43699189740748,109.89004199533545,0.7273216437011536,0.0,121.5954021870309,110.08975456203038,0.6441102661774101,0.0
121.14959978628937,112.08587141207045,-0.8472599807491373,0.0,121.76408473381012,111.71223873256176,-0.2366900906692297,0.0,121.52856861661144,111.88837366356131,0.6015808390812926,0.0,121.43699189740748,109.89004199533545,0.7273216437011536,0.0
121.2659032672778,111.7256289553035,-0.5373033594584068,0.0,121.14959978628937,112.08587141207045,-0.8472599807491373,0.0,121.76408473381012,111.71223873256176,-0.2366900906692297,0.0,121.52856861661144,111.88837366356131,0.6015808390812926,0.0
121.01822756585352,112.71350958326892,-1.4961405006441435,0.0,121.2659032672778,111.7256289553035,-0.5373033594584068,0.0,121.14959978628937,112.08587141207045,-0.8472599807491373,0.0,121.76408473381012,111.71223873256176,-0.2366900906692297,0.0
120.69629790699446,111.32809728774413,-0.690593695693279,0.0,121.01822756585352,112.71350958326892,-1.4961405006441435,0.0,121.2659032672778,111.7256289553035,-0.5373033594584068,0.0,121.14959978628937,112.08587141207045,-0.8472599807491373,0.0
121.10385118086649,111.65969936157123,-0.6315518787407833,0.0,120.69629790699446,111.32809728774413,-0.690593695693279,0.0,121.01822756585352,112.71350958326892,-1.4961405006441435,0.0,121.2659032672778,111.7256289553035,-0.5373033594584068,0.0
121.7251057014963,110.89827659836601,1.11630498180474,0.0,121.10385118086649,111.65969936157123,-0.6315518787407833,0.0,120.69629790699446,111.32809728774413,-0.690593695693279,0.0,121.01822756585352,112.71350958326892,-1.4961405006441435,0.0
122.26718677763793,110.66836844079867,2.0470021107518472,0.0,121.7251057014963,110.89827659836601,1.11630498180474,0.0,121.10385118086649,111.65969936157123,-0.6315518787407833,0.0,120.69629790699446,111.32809728774413,-0.690593695693279,0.0
122.5400657745816,111.2175364619136,1.5468771539777195,0.0,122.26718677763793,110.66836844079867,2.0470021107518472,0.0,121.7251057014963,110.89827659836601,1.11630498180474,0.0,121.10385118086649,111.65969936157123,-0.6315518787407833,0.0
122.23661047219278,110.93514761804786,1.1843332219165181,0.0,122.5400657745816,111.2175364619136,1.5468771539777195,0.0,122.26718677763793,110.66836844079867,2.0470021107518472,0.0,121.7251057014963,110.89827659836601,1.11630498180474,0.0
122.60362003214743,110.85886452677107,1.4452573345342294,0.0,122.23661047219278,110.93514761804786,1.1843332219165181,0.0,122.5400657745816,111.2175364619136,1.5468771539777195,0.0,122.26718677763793,110.66836844079867,2.0470021107518472,0.0
122.72299674079326,110.28853007953677,2.0077921725864023,0.0,122.60362003214743,110.85886452677107,1.4452573345342294,0.0,122.23661047219278,110.93514761804786,1.1843332219165181,0.0,122.5400657745816,111.2175364619136,1.5468771539777195,0.0
122.64035670857287,112.1002325107552,0.7872192093511134,0.0,122.72299674079326,110.28853007953677,2.0077921725864023,0.0,122.60362003214743,110.85886452677107,1.4452573345342294,0.0,122.23661047219278,110.93514761804786,1.1843332219165181,0.0
122.1908231446954,112.31231322624046,-0.2634123651964525,0.0,122.64035670857287,112.1002325107552,0.7872192093511134,0.0,122.72299674079326,110.28853007953677,2.0077921725864023,0.0,122.60362003214743,110.85886452677107,1.4452573345342294,0.0
121.90685300203589,111.94734900099357,-0.5217472949343527,0.0,122.1908231446954,112.31231322624046,-0.2634123651964525,0.0,122.64035670857287,112.1002325107552,0.7872192093511134,0.0,122.72299674079326,110.28853007953677,2.0077921725864023,0.0
121.98596599033483,111.52919758712332,-0.12602904436054996,0.0,121.90685300203589,111.94734900099357,-0.5217472949343527,0.0,122.1908231446954,112.31231322624046,-0.2634123651964525,0.0,122.64035670857287,112.1002325107552,0.7872192093511134,0.0
123.15678084037677,113.03858370767716,0.1476135597653586,0.0,121.98596599033483,111.52919758712332,-0.12602904436054996,0.0,121.90685300203589,111.94734900099357,-0.5217472949343527,0.0,122.1908231446954,112.31231322624046,-0.2634123651964525,0.0
123.05063947427509,112.50812876144067,0.6529765753042119,0.0,123.15678084037677,113.03858370767716,0.1476135597653586,0.0,121.98596599033483,111.52919758712332,-0.12602904436054996,0.0,121.90685300203589,111.94734900099357,-0.5217472949343527,0.0
122.51030672280369,112.49221210982478,-0.07746750393928448,0.0,123.05063947427509,112.50812876144067,0.6529765753042119,0.0,123.15678084037677,113.03858370767716,0.1476135597653586,0.0,121.98596599033483,111.52919758712332,-0.12602904436054996,0.0
121.90695778305145,113.70185745413602,-1.2200459346358659,0.0,122.51030672280369,112.49221210982478,-0.07746750393928448,0.0,123.05063947427509,112.50812876144067,0.6529765753042119,0.0,123.15678084037677,113.03858370767716,0.1476135597653586,0.0
121.66427733317553,112.30811173875094,-0.54702965005762,0.0,121.90695778305145,113.70185745413602,-1.2200459346358659,0.0,122.51030672280369,112.49221210982478,-0.07746750393928448,0.0,123.05063947427509,112.50812876144067,0.6529765753042119,0.0
122.75818776900034,113.23761642629248,-0.8517218565287134,0.0,121.66427733317553,112.30811173875094,-0.54702965005762,0.0,121.90695778305145,113.70185745413602,-1.2200459346358659,0.0,122.51030672280369,112.49221210982478,-0.07746750393928448,0.0
122.32232333294526,113.69197118564071,-1.6906214174172898,0.0,122.75818776900034,113.23761642629248,-0.8517218565287134,0.0,121.66427733317553,112.30811173875094,-0.54702965005762,0.0,121.90695778305145,113.70185745413602,-1.2200459346358659,0.0
122.61003712429005,114.02513618742611,-1.279965260954141,0.0,122.32232333294526,113.69197118564071,-1.6906214174172898,0.0,122.75818776900034,113.23761642629248,-0.8517218565287134,0.0,121.66427733317553,112.30811173875094,-0.54702965005762,0.0
122.26108506046747,112.77961032457785,-0.6273843646539741,0.0,122.61003712429005,114.02513618742611,-1.279965260954141,0.0,122.32232333294526,113.69197118564071,-1.6906214174172898,0.0,122.75818776900034,113.23761642629248,-0.8517218565287134,0.0
122.27685453106412,113.25211575899334,-0.562936057783818,0.0,122.26108506046747,112.77961032457785,-0.6273843646539741,0.0,122.61003712429005,114.02513618742611,-1.279965260954141,0.0,122.32232333294526,113.69197118564071,-1.6906214174172898,0.0
122.57236182247178,112.89988878767758,-0.6792730393182991,0.0,122.27685453106412,113.25211575899334,-0.562936057783818,0.0,122.26108506046747,112.77961032457785,-0.6273843646539741,0.0,122.61003712429005,114.02513618742611,-1.279965260954141,0.0
122.13222620932633,112.79423647492217,-0.6230995475275926,0.0,122.57236182247178,112.89988878767758,-0.6792730393182991,0.0,122.27685453106412,113.25211575899334,-0.562936057783818,0.0,122.26108506046747,112.77961032457785,-0.6273843646539741,0.0
121.75632171726777,112.57806846233831,-0.6837710192224655,0.0,122.13222620932633,112.79423647492217,-0.6230995475275926,0.0,122.57236182247178,112.89988878767758,-0.6792730393182991,0.0,122.27685453106412,113.25211575899334,-0.562936057783818,0.0
122.53752105387822,113.93942334327298,-1.221040371348056,0.0,121.75632171726777,112.57806846233831,-0.6837710192224655,0.0,122.13222620932633,112.79423647492217,-0.6230995475275926,0.0,122.57236182247178,112.89988878767758,-0.6792730393182991,0.0
122.81336410676126,114.17898367578485,-1.3341726355736607,0.0,122.53752105387822,113.93942334327298,-1.221040371348056,0.0,121.75632171726777,112.57806846233831,-0.6837710192224655,0.0,122.13222620932633,112.79423647492217,-0.6230995475275926,0.0
122.94713866269853,113.97777564111655,-0.8066981559520214,0.0,122.81336410676126,114.17898367578485,-1.3341726355736607,0.0,122.53752105387822,113.93942334327298,-1.221040371348056,0.0,121.75632171726777,112.57806846233831,-0.6837710192224655,0.0
123.0891206570635,113.24456839313555,-0.4845192540733671,0.0,122.94713866269853,113.97777564111655,-0.8066981559520214,0.0,122.81336410676126,114.17898367578485,-1.3341726355736607,0.0,122.53752105387822,113.93942334327298,-1.221040371348056,0.0
123.02478372008778,113.5260109943712,-0.3035855002752836,0.0,123.0891206570635,113.24456839313555,-0.4845192540733671,0.0,122.94713866269853,113.97777564111655,-0.8066981559520214,0.0,122.81336410676126,114.17898367578485,-1.3341726355736607,0.0
123.74430176476295,113.68826235789618,-0.7404426411469166,0.0,123.02478372008778,113.5260109943712,-0.3035855002752836,0.0,123.0891206570635,113.24456839313555,-0.4845192540733671,0.0,122.94713866269853,113.97777564111655,-0.8066981559520214,0.0
123.35225765774925,113.30275809999392,-0.6831056939853668,0.0,123.74430176476295,113.68826235789618,-0.7404426411469166,0.0,123.02478372008778,113.5260109943712,-0.3035855002752836,0.0,123.0891206570635,113.24456839313555,-0.4845192540733671,0.0
123.20609320822192,115.28688203155889,-1.6350170784097209,0.0,123.35225765774925,113.30275809999392,-0.6831056939853668,0.0,123.74430176476295,113.68826235789618,-0.7404426411469166,0.0,123.02478372008778,113.5260109943712,-0.3035855002752836,0.0
122.1716399452162,113.35556314128667,-1.218775330785082,0.0,123.20609320822192,115.28688203155889,-1.6350170784097209,0.0,123.35225765774925,113.30275809999392,-0.6831056939853668,0.0,123.74430176476295,113.68826235789618,-0.7404426411469166,0.0
121.7100339302932,112.29595365168257,-0.2605914107212819,0.0,122.1716399452162,113.35556314128667,-1.218775330785082,0.0,123.20609320822192,115.28688203155889,-1.6350170784097209,0.0,123.35225765774925,113.30275809999392,-0.6831056939853668,0.0
121.15445190048327,112.26331487667565,-0.9455391945980783,0.0,121.7100339302932,112.29595365168257,-0.2605914107212819,0.0,122.1716399452162,113.35556314128667,-1.218775330785082,0.0,123.20609320822192,115.28688203155889,-1.6350170784097209,0.0
121.9601754659228,112.00835692443775,-1.0493951923373404,0.0,121.15445190048327,112.26331487667565,-0.9455391945980783,0.0,121.7100339302932,112.29595365168257,-0.2605914107212819,0.0,122.1716399452162,113.35556314128667,-1.218775330785082,0.0
120.71469797435641,111.54344644742912,-0.6749627645148075,0.0,121.9601754659228,112.00835692443775,-1.0493951923373404,0.0,121.15445190048327,112.26331487667565,-0.9455391945980783,0.0,121.7100339302932,112.29595365168257,-0.2605914107212819,0.0
120.84183959458647,110.57527547044586,0.08645110560189584,0.0,120.71469797435641,111.54344644742912,-0.6749627645148075,0.0,121.9601754659228,112.00835692443775,-1.0493951923373404,0.0,121.15445190048327,112.26331487667565,-0.9455391945980783,0.0
119.69752746238635,109.58181823905079,-0.15495142366855802,0.0,120.84183959458647,110.57527547044586,0.08645110560189584,0.0,120.71469797435641,111.54344644742912,-0.6749627645148075,0.0,121.9601754659228,112.00835692443775,-1.0493951923373404,0.0
119.80367425969301,110.77407524950246,-0.4700863035677946,0.0,119.69752746238635,109.58181823905079,-0.15495142366855802,0.0,120.84183959458647,110.57527547044586,0.08645110560189584,0.0,120.71469797435641,111.54344644742912,-0.6749627645148075,0.0
120.00767715745252,111.79575550871937,-1.3605306140622773,0.0,119.80367425969301,110.77407524950246,-0.4700863035677946,0.0,119.69752746238635,109.58181823905079,-0.15495142366855802,0.0,120.84183959458647,110.57527547044586,0.08645110560189584,0.0
121.0634204211848,112.7031370334847,-1.0367054265957685,0.0,120.00767715745252,111.79575550871937,-1.3605306140622773,0.0,119.80367425969301,110.77407524950246,-0.4700863035677946,0.0,119.69752746238635,109.58181823905079,-0.15495142366855802,0.0
121.46331878300084,111.71463047115446,0.1916736787952572,0.0,121.0634204211848,112.7031370334847,-1.0367054265957685,0.0,120.00767715745252,111.79575550871937,-1.3605306140622773,0.0,119.80367425969301,110.77407524950246,-0.4700863035677946,0.0
121.14041373400399,112.27341061464406,0.2920181740185437,0.0,121.46331878300084,111.71463047115446,0.1916736787952572,0.0,121.0634204211848,112.7031370334847,-1.0367054265957685,0.0,120.00767715745252,111.79575550871937,-1.3605306140622773,0.0
121.87623919959057,111.38147294957079,0.22247504962297832,0.0,121.14041373400399,112.27341061464406,0.2920181740185437,0.0,121.46331878300084,111.71463047115446,0.1916736787952572,0.0,121.0634204211848,112.7031370334847,-1.0367054265957685,0.0
121.97925085021224,110.61313273450233,0.3390211950818754,0.0,121.87623919959057,111.38147294957079,0.22247504962297832,0.0,121.14041373400399,112.27341061464406,0.2920181740185437,0.0,121.46331878300084,111.71463047115446,0.1916736787952572,0.0
122.01825064352754,111.67866931991804,0.2656709540911993,0.0,121.97925085021224,110.61313273450233,0.3390211950818754,0.0,121.87623919959057,111.38147294957079,0.22247504962297832,0.0,121.14041373400399,112.27341061464406,0.2920181740185437,0.0
121.39824716029493,112.30035201282232,-0.19397042285710547,0.0,122.01825064352754,111.67866931991804,0.2656709540911993,0.0,121.97925085021224,110.61313273450233,0.3390211950818754,0.0,121.87623919959057,111.38147294957079,0.22247504962297832,0.0
121.06699489779956,111.13191946969638,0.25646361955316826,0.0,121.39824716029493,112.30035201282232,-0.19397042285710547,0.0,122.01825064352754,111.67866931991804,0.2656709540911993,0.0,121.97925085021224,110.61313273450233,0.3390211950818754,0.0
120.9004551714297,110.81184193674378,0.31805165719841183,0.0,121.06699489779956,111.13191946969638,0.25646361955316826,0.0,121.39824716029493,112.30035201282232,-0.19397042285710547,0.0,122.01825064352754,111.67866931991804,0.2656709540911993,0.0
121.1726833827398,111.41822781962094,0.26324795172555815,0.0,120.9004551714297,110.81184193674378,0.31805165719841183,0.0,121.06699489779956,111.13191946969638,0.25646361955316826,0.0,121.39824716029493,112.30035201282232,-0.19397042285710547,0.0
121.41403800288488,111.261031335946,-0.27708465225867845,0.0,121.1726833827398,111.41822781962094,0.26324795172555815,0.0,120.9004551714297,110.81184193674378,0.31805165719841183,0.0,121.06699489779956,111.13191946969638,0.25646361955316826,0.0
122.32860718798794,111.49339092163981,0.4300862441604368,0.0,121.41403800288488,111.261031335946,-0.27708465225867845,0.0,121.1726833827398,111.41822781962094,0.26324795172555815,0.0,120.9004551714297,110.81184193674378,0.31805165719841183,0.0
122.43842672182245,112.3397322507364,0.6764203679949043,0.0,122.32860718798794,111.49339092163981,0.4300862441604368,0.0,121.41403800288488,111.261031335946,-0.27708465225867845,0.0,121.1726833827398,111.41822781962094,0.26324795172555815,0.0
121.07458985763688,110.44737345970086,0.26467587571227247,0.0,122.43842672182245,112.3397322507364,0.6764203679949043,0.0,122.32860718798794,111.49339092163981,0.4300862441604368,0.0,121.41403800288488,111.261031335946,-0.27708465225867845,0.0
121.49028176476698,110.01422230556756,0.7126531274107866,0.0,121.07458985763688,110.44737345970086,0.26467587571227247,0.0,122.43842672182245,112.3397322507364,0.6764203679949043,0.0,122.32860718798794,111.49339092163981,0.4300862441604368,0.0
120.98176004094985,109.70914385559908,0.3213370827360257,0.0,121.49028176476698,110.01422230556756,0.7126531274107866,0.0,121.07458985763688,110.44737345970086,0.26467587571227247,0.0,122.43842672182245,112.3397322507364,0.6764203679949043,0.0
120.82605358764566,109.52737965616936,-0.13393208006669793,0.0,120.98176004094985,109.70914385559908,0.3213370827360257,0.0,121.49028176476698,110.01422230556756,0.7126531274107866,0.0,121.07458985763688,110.44737345970086,0.26467587571227247,0.0
120.67415091131203,111.61214445882712,-0.4869972227935019,0.0,120.82605358764566,109.52737965616936,-0.13393208006669793,0.0,120.98176004094985,109.70914385559908,0.3213370827360257,0.0,121.49028176476698,110.01422230556756,0.7126531274107866,0.0
120.68047664306134,110.54349848464258,-1.2751320547788472,0.0,120.67415091131203,111.61214445882712,-0.4869972227935019,0.0,120.82605358764566,109.52737965616936,-0.13393208006669793,0.0,120.98176004094985,109.70914385559908,0.3213370827360257,0.0
120.29403308193858,111.25547072980697,-0.7843344536139749,0.0,120.68047664306134,110.54349848464258,-1.2751320547788472,0.0,120.67415091131203,111.61214445882712,-0.4869972227935019,0.0,120.82605358764566,109.52737965616936,-0.13393208006669793,0.0
120.70952745789474,112.54880018764533,-1.543040002060355,0.0,120.29403308193858,111.25547072980697,-0.7843344536139749,0.0,120.68047664306134,110.54349848464258,-1.2751320547788472,0.0,120.67415091131203,111.61214445882712,-0.4869972227935019,0.0
120.26472851169352,111.94984624153577,-1.8486539172811653,0.0,120.70952745789474,112.54880018764533,-1.543040002060355,0.0,120.29403308193858,111.25547072980697,-0.7843344536139749,0.0,120.68047664306134,110.54349848464258,-1.2751320547788472,0.0
120.71402783115163,113.52177563656235,-2.516717138364199,0.0,120.26472851169352,111.94984624153577,-1.8486539172811653,0.0,120.70952745789474,112.54880018764533,-1.543040002060355,0.0,120.29403308193858,111.25547072980697,-0.7843344536139749,0.0
121.99701283725138,113.85389932401489,-2.056408557086806,0.0,120.71402783115163,113.52177563656235,-2.516717138364199,0.0,120.26472851169352,111.94984624153577,-1.8486539172811653,0.0,120.70952745789474,112.54880018764533,-1.543040002060355,0.0
121.25134710176226,113.63167277143631,-1.7202870758053808,0.0,121.99701283725138,113.85389932401489,-2.056408557086806,0.0,120.71402783115163,113.52177563656235,-2.516717138364199,0.0,120.26472851169352,111.94984624153577,-1.8486539172811653,0.0
121.21511888173976,112.87407295000895,-1.5395777672374868,0.0,121.25134710176226,113.63167277143631,-1.7202870758053808,0.0,121.99701283725138,113.85389932401489,-2.056408557086806,0.0,120.71402783115163,113.52177563656235,-2.516717138364199,0.0
120.14748421613177,111.25764416007621,-1.7529510611252777,0.0,121.21511888173976,112.87407295000895,-1.5395777672374868,0.0,121.25134710176226,113.63167277143631,-1.7202870758053808,0.0,121.99701283725138,113.85389932401489,-2.056408557086806,0.0
120.34920886462251,112.36621723595667,-1.9884777256185422,0.0,120.14748421613177,111.25764416007621,-1.7529510611252777,0.0,121.21511888173976,112.87407295000895,-1.5395777672374868,0.0,121.25134710176226,113.63167277143631,-1.7202870758053808,0.0
120.98698638118684,112.27478573653843,-1.3585972487215467,0.0,120.34920886462251,112.36621723595667,-1.9884777256185422,0.0,120.14748421613177,111.25764416007621,-1.7529510611252777,0.0,121.21511888173976,112.87407295000895,-1.5395777672374868,0.0
121.51779285476616,112.64231731723899,-1.3621537648314812,0.0,120.98698638118684,112.27478573653843,-1.3585972487215467,0.0,120.34920886462251,112.36621723595667,-1.9884777256185422,0.0,120.14748421613177,111.25764416007621,-1.7529510611252777,0.0
121.65295761631721,111.99917065275548,-0.9315438510971127,0.0,121.51779285476616,112.64231731723899,-1.3621537648314812,0.0,120.98698638118684,112.27478573653843,-1.3585972487215467,0.0,120.34920886462251,112.36621723595667,-1.9884777256185422,0.0
122.06307068231575,114.07854246235027,-1.1878594239398015,0.0,121.65295761631721,111.99917065275548,-0.9315438510971127,0.0,121.51779285476616,112.64231731723899,-1.3621537648314812,0.0,120.98698638118684,112.27478573653843,-1.3585972487215467,0.0
123.23343724450632,113.80093138635388,-0.8597561677663002,0.0,122.06307068231575,114.07854246235027,-1.1878594239398015,0.0,121.65295761631721,111.99917065275548,-0.9315438510971127,0.0,121.51779285476616,112.64231731723899,-1.3621537648314812,0.0
123.7470384429191,113.91727392809497,-0.036165915555008255,0.0,123.23343724450632,113.80093138635388,-0.8597561677663002,0.0,122.06307068231575,114.07854246235027,-1.1878594239398015,0.0,121.65295761631721,111.99917065275548,-0.9315438510971127,0.0
123.09880356704846,112.75133445164013,0.26415016775238503,0.0,123.7470384429191,113.91727392809497,-0.036165915555008255,0.0,123.23343724450632,113.80093138635388,-0.8597561677663002,0.0,122.06307068231575,114.07854246235027,-1.1878594239398015,0.0
122.17166216752774,111.63657385755289,0.00511322509366785,0.0,123.09880356704846,112.75133445164013,0.26415016775238503,0.0,123.7470384429191,113.91727392809497,-0.036165915555008255,0.0,123.23343724450632,113.80093138635388,-0.8597561677663002,0.0
121.91527034544062,112.37967360589363,0.13269006525289798,0.0,122.17166216752774,111.63657385755289,0.00511322509366785,0.0,123.09880356704846,112.75133445164013,0.26415016775238503,0.0,123.7470384429191,113.91727392809497,-0.036165915555008255,0.0
121.45971405309963,111.980216808884,-0.01418053506278813,0.0,121.91527034544062,112.37967360589363,0.13269006525289798,0.0,122.17166216752774,111.63657385755289,0.00511322509366785,0.0,123.09880356704846,112.75133445164013,0.26415016775238503,0.0
121.75684671488956,112.73196603044934,-0.007404335702866428,0.0,121.45971405309963,111.980216808884,-0.01418053506278813,0.0,121.91527034544062,112.37967360589363,0.13269006525289798,0.0,122.17166216752774,111.63657385755289,0.00511322509366785,0.0
121.23115731325808,111.67446577877655,-0.16872899463654495,0.0,121.75684671488956,112.73196603044934,-0.007404335702866428,0.0,121.45971405309963,111.980216808884,-0.01418053506278813,0.0,121.91527034544062,112.37967360589363,0.13269006525289798,0.0
121.40087419332208,110.95280881978462,-0.21715079865193157,0.0,121.23115731325808,111.67446577877655,-0.16872899463654495,0.0,121.75684671488956,112.73196603044934,-0.007404335702866428,0.0,121.45971405309963,111.980216808884,-0.01418053506278813,0.0
121.93648381342359,112.0644513700448,-0.06767396238445765,0.0,121.40087419332208,110.95280881978462,-0.21715079865193157,0.0,121.23115731325808,111.67446577877655,-0.16872899463654495,0.0,121.75684671488956,112.73196603044934,-0.007404335702866428,0.0
121.84551911043238,113.06640007795832,-0.5508185196985415,0.0,121.93648381342359,112.0644513700448,-0.06767396238445765,0.0,121.40087419332208,110.95280881978462,-0.21715079865193157,0.0,121.23115731325808,111.67446577877655,-0.16872899463654495,0.0
121.37493971132852,112.56637331286984,-0.9485942292538223,0.0,121.84551911043238,113.06640007795832,-0.5508185196985415,0.0,121.93648381342359,112.0644513700448,-0.06767396238445765,0.0,121.40087419332208,110.95280881978462,-0.21715079865193157,0.0
121.97857611643092,114.17565362849496,-1.4531466603186636,0.0,121.37493971132852,112.56637331286984,-0.9485942292538223,0.0,121.84551911043238,113.06640007795832,-0.5508185196985415,0.0,121.93648381342359,112.0644513700448,-0.06767396238445765,0.0
120.96867440399924,113.49392033537163,-1.9626528805067858,0.0,121.97857611643092,114.17565362849496,-1.4531466603186636,0.0,121.37493971132852,112.56637331286984,-0.9485942292538223,0.0,121.84551911043238,113.06640007795832,-0.5508185196985415,0.0
120.96364217665857,112.94799637204233,-2.1787636505156684,0.0,120.96867440399924,113.49392033537163,-1.9626528805067858,0.0,121.97857611643092,114.17565362849496,-1.4531466603186636,0.0,121.37493971132852,112.56637331286984,-0.9485942292538223,0.0
121.08340277440765,113.33361910457111,-1.6632796670104701,0.0,120.96364217665857,112.94799637204233,-2.1787636505156684,0.0,120.96867440399924,113.49392033537163,-1.9626528805067858,0.0,121.97857611643092,114.17565362849496,-1.4531466603186636,0.0
121.25108717313172,112.4717875118844,-1.7770174913543182,0.0,121.08340277440765,113.33361910457111,-1.6632796670104701,0.0,120.96364217665857,112.94799637204233,-2.1787636505156684,0.0,120.96867440399924,113.49392033537163,-1.9626528805067858,0.0
121.45818992497645,112.65855683135953,-1.1648067609679065,0.0,121.25108717313172,112.4717875118844,-1.7770174913543182,0.0,121.08340277440765,113.33361910457111,-1.6632796670104701,0.0,120.96364217665857,112.94799637204233,-2.1787636505156684,0.0
121.83636884834726,112.708060030773,-0.9144885343980442,0.0,121.45818992497645,112.65855683135953,-1.1648067609679065,0.0,121.25108717313172,112.4717875118844,-1.7770174913543182,0.0,121.08340277440765,113.33361910457111,-1.6632796670104701,0.0
121.77013322690769,113.62516264494906,-1.7158429342374624,0.0,121.83636884834726,112.708060030773,-0.9144885343980442,0.0,121.45818992497645,112.65855683135953,-1.1648067609679065,0.0,121.25108717313172,112.4717875118844,-1.7770174913543182,0.0
121.61822791300375,112.27699054901103,-1.045186555279125,0.0,121.77013322690769,113.62516264494906,-1.7158429342374624,0.0,121.83636884834726,112.708060030773,-0.9144885343980442,0.0,121.45818992497645,112.65855683135953,-1.1648067609679065,0.0
121.51317062780592,111.55234060534482,-0.4307499214274451,0.0,121.61822791300375,112.27699054901103,-1.045186555279125,0.0,121.77013322690769,113.62516264494906,-1.7158429342374624,0.0,121.83636884834726,112.708060030773,-0.9144885343980442,0.0
121.30578894885275,111.97979304745607,-0.8415312745593828,0.0,121.51317062780592,111.55234060534482,-0.4307499214274451,0.0,121.61822791300375,112.27699054901103,-1.045186555279125,0.0,121.77013322690769,113.62516264494906,-1.7158429342374624,0.0
121.8374915109365,112.0182262061827,-0.46312924820001045,0.0,121.30578894885275,111.97979304745607,-0.8415312745593828,0.0,121.51317062780592,111.55234060534482,-0.4307499214274451,0.0,121.61822791300375,112.27699054901103,-1.045186555279125,0.0
121.52522771561877,112.43002506784359,-0.7987525172646078,0.0,121.8374915109365,112.0182262061827,-0.46312924820001045,0.0,121.30578894885275,111.97979304745607,-0.8415312745593828,0.0,121.51317062780592,111.55234060534482,-0.4307499214274451,0.0
122.02629948657142,112.34536480855442,-0.5901668254375186,0.0,121.52522771561877,112.43002506784359,-0.7987525172646078,0.0,121.8374915109365,112.0182262061827,-0.46312924820001045,0.0,121.30578894885275,111.97979304745607,-0.8415312745593828,0.0
121.96845052648463,113.24177207804902,-1.1043826638274976,0.0,122.02629948657142,112.34536480855442,-0.5901668254375186,0.0,121.52522771561877,112.43002506784359,-0.7987525172646078,0.0,121.8374915109365,112.0182262061827,-0.46312924820001045,0.0
121.64303413375927,113.42197768000736,-1.7800593573292867,0.0,121.96845052648463,113.24177207804902,-1.1043826638274976,0.0,122.02629948657142,112.34536480855442,-0.5901668254375186,0.0,121.52522771561877,112.43002506784359,-0.7987525172646078,0.0
121.93904001629699,113.69181797165001,-1.6154560806699136,0.0,121.64303413375927,113.42197768000736,-1.7800593573292867,0.0,121.96845052648463,113.24177207804902,-1.1043826638274976,0.0,122.02629948657142,112.34536480855442,-0.5901668254375186,0.0
121.53177440029467,113.11461300762755,-1.354229337673349,0.0,121.93904001629699,113.69181797165001,-1.6154560806699136,0.0,121.64303413375927,113.42197768000736,-1.7800593573292867,0.0,121.96845052648463,113.24177207804902,-1.1043826638274976,0.0
121.86968817124713,113.49646738705403,-1.2822233169459814,0.0,121.53177440029467,113.11461300762755,-1.354229337673349,0.0,121.93904001629699,113.69181797165001,-1.6154560806699136,0.0,121.64303413375927,113.42197768000736,-1.7800593573292867,0.0
121.93611062243494,113.32005950317355,-1.6177939326680648,0.0,121.86968817124713,113.49646738705403,-1.2822233169459814,0.0,121.53177440029467,113.11461300762755,-1.354229337673349,0.0,121.93904001629699,113.69181797165001,-1.6154560806699136,0.0
121.62741149272604,112.46629321351932,-1.4941846772000205,0.0,121.93611062243494,113.32005950317355,-1.6177939326680648,0.0,121.86968817124713,113.49646738705403,-1.2822233169459814,0.0,121.53177440029467,113.11461300762755,-1.354229337673349,0.0
121.94522774558703,112.42037712522188,-1.0607003654696494,0.0,121.62741149272604,112.46629321351932,-1.4941846772000205,0.0,121.93611062243494,113.32005950317355,-1.6177939326680648,0.0,121.86968817124713,113.49646738705403,-1.2822233169459814,0.0
122.14715484337474,113.64644431878446,-0.8710068074369881,0.0,121.94522774558703,112.42037712522188,-1.0607003654696494,0.0,121.62741149272604,112.46629321351932,-1.4941846772000205,0.0,121.93611062243494,113.32005950317355,-1.6177939326680648,0.0
122.66517714986425,112.6261305548108,-0.6055549306499838,0.0,122.14715484337474,113.64644431878446,-0.8710068074369881,0.0,121.94522774558703,112.42037712522188,-1.0607003654696494,0.0,121.62741149272604,112.46629321351932,-1.4941846772000205,0.0
122.92027255839835,113.8988533539544,-0.8195015447471035,0.0,122.66517714986425,112.6261305548108,-0.6055549306499838,0.0,122.14715484337474,113.64644431878446,-0.8710068074369881,0.0,121.94522774558703,112.42037712522188,-1.0607003654696494,0.0
122.94608216051283,112.71545793137966,-0.06974227843960301,0.0,122.92027255839835,113.8988533539544,-0.8195015447471035,0.0,122.66517714986425,112.6261305548108,-0.6055549306499838,0.0,122.14715484337474,113.64644431878446,-0.8710068074369881,0.0
122.13163889995549,113.22862705700814,-0.6438804910290727,0.0,122.94608216051283,112.71545793137966,-0.06974227843960301,0.0,122.92027255839835,113.8988533539544,-0.8195015447471035,0.0,122.66517714986425,112.6261305548108,-0.6055549306499838,0.0
123.25675038065168,113.4570846679946,-0.271324244279899,0.0,122.13163889995549,113.22862705700814,-0.6438804910290727,0.0,122.94608216051283,112.71545793137966,-0.06974227843960301,0.0,122.92027255839835,113.8988533539544,-0.8195015447471035,0.0
122.31440912962923,111.78366138712471,0.3738861510560616,0.0,123.25675038065168,113.4570846679946,-0.271324244279899,0.0,122.13163889995549,113.22862705700814,-0.6438804910290727,0.0,122.94608216051283,112.71545793137966,-0.06974227843960301,0.0
122.68192563753098,112.88466506627151,0.539562967219297,0.0,122.31440912962923,111.78366138712471,0.3738861510560616,0.0,123.25675038065168,113.4570846679946,-0.271324244279899,0.0,122.13163889995549,113.22862705700814,-0.6438804910290727,0.0
122.75515096251303,112.12062911909794,0.3303882602430226,0.0,122.68192563753098,112.88466506627151,0.539562967219297,0.0,122.31440912962923,111.78366138712471,0.3738861510560616,0.0,123.25675038065168,113.4570846679946,-0.271324244279899,0.0
122.04829148877045,111.37516189998837,0.0001620848629285132,0.0,122.75515096251303,112.12062911909794,0.3303882602430226,0.0,122.68192563753098,112.88466506627151,0.539562967219297,0.0,122.31440912962923,111.78366138712471,0.3738861510560616,0.0
121.99811923581501,111.56726971524236,0.5181734934134709,0.0,122.04829148877045,111.37516189998837,0.0001620848629285132,0.0,122.75515096251303,112.12062911909794,0.3303882602430226,0.0,122.68192563753098,112.88466506627151,0.539562967219297,0.0
121.979310205148,111.59617480763401,-0.2969486679000598,0.0,121.99811923581501,111.56726971524236,0.5181734934134709,0.0,122.04829148877045,111.37516189998837,0.0001620848629285132,0.0,122.75515096251303,112.12062911909794,0.3303882602430226,0.0
122.56701536329702,113.3844831745331,-0.7226210645098696,0.0,121.979310205148,111.59617480763401,-0.2969486679000598,0.0,121.99811923581501,111.56726971524236,0.5181734934134709,0.0,122.04829148877045,111.37516189998837,0.0001620848629285132,0.0
122.07557396862474,112.4276574374552,-0.7768757343537565,0.0,122.56701536329702,113.3844831745331,-0.7226210645098696,0.0,121.979310205148,111.59617480763401,-0.2969486679000598,0.0,121.99811923581501,111.56726971524236,0.5181734934134709,0.0
121.87989403533571,112.99185272703826,-0.002673708727006119,0.0,122.07557396862474,112.4276574374552,-0.7768757343537565,0.0,122.56701536329702,113.3844831745331,-0.7226210645098696,0.0,121.979310205148,111.59617480763401,-0.2969486679000598,0.0
120.86260677408829,109.46547303339273,0.1877448510388431,0.0,121.87989403533571,112.99185272703826,-0.002673708727006119,0.0,122.07557396862474,112.4276574374552,-0.7768757343537565,0.0,122.56701536329702,113.3844831745331,-0.7226210645098696,0.0
121.97920183051647,111.56529970631905,-0.33382699842404817,0.0,120.86260677408829,109.46547303339273,0.1877448510388431,0.0,121.87989403533571,112.99185272703826,-0.002673708727006119,0.0,122.07557396862474,112.4276574374552,-0.7768757343537565,0.0
121.44752469783356,112.01205290139211,-0.42221545143169037,0.0,121.97920183051647,111.56529970631905,-0.33382699842404817,0.0,120.86260677408829,109.46547303339273,0.1877448510388431,0.0,121.87989403533571,112.99185272703826,-0.002673708727006119,0.0
121.65707263624826,113.28805108276364,-0.6449339331934996,0.0,121.44752469783356,112.01205290139211,-0.42221545143169037,0.0,121.97920183051647,111.56529970631905,-0.33382699842404817,0.0,120.86260677408829,109.46547303339273,0.1877448510388431,0.0
121.65582173448736,112.38264919300622,-0.8708416426715673,0.0,121.65707263624826,113.28805108276364,-0.6449339331934996,0.0,121.44752469783356,112.01205290139211,-0.42221545143169037,0.0,121.97920183051647,111.56529970631905,-0.33382699842404817,0.0
121.64685460836043,112.57604591675616,-0.20722853485886428,0.0,121.65582173448736,112.38264919300622,-0.8708416426715673,0.0,121.65707263624826,113.28805108276364,-0.6449339331934996,0.0,121.44752469783356,112.01205290139211,-0.42221545143169037,0.0
122.08662218851123,112.71584981225129,-0.8516543925188442,0.0,121.64685460836043,112.57604591675616,-0.20722853485886428,0.0,121.65582173448736,112.38264919300622,-0.8708416426715673,0.0,121.65707263624826,113.28805108276364,-0.6449339331934996,0.0
122.87749663774527,112.548646864311,0.12306691385211133,0.0,122.08662218851123,112.71584981225129,-0.8516543925188442,0.0,121.64685460836043,112.57604591675616,-0.20722853485886428,0.0,121.65582173448736,112.38264919300622,-0.8708416426715673,0.0
122.79032141404844,112.74845462237545,0.5125683761740004,0.0,122.87749663774527,112.548646864311,0.12306691385211133,0.0,122.08662218851123,112.71584981225129,-0.8516543925188442,0.0,121.64685460836043,112.57604591675616,-0.20722853485886428,0.0
122.98628056424423,111.47031151619595,0.9554855362410494,0.0,122.79032141404844,112.74845462237545,0.5125683761740004,0.0,122.87749663774527,112.548646864311,0.12306691385211133,0.0,122.08662218851123,112.71584981225129,-0.8516543925188442,0.0
122.9526243056934,112.0169182813101,0.5329186729802105,0.0,122.98628056424423,111.47031151619595,0.9554855362410494,0.0,122.79032141404844,112.74845462237545,0.5125683761740004,0.0,122.87749663774527,112.548646864311,0.12306691385211133,0.0
123.25031330370904,112.41103705622015,0.3513645788446137,0.0,122.9526243056934,112.0169182813101,0.5329186729802105,0.0,122.98628056424423,111.47031151619595,0.9554855362410494,0.0,122.79032141404844,112.74845462237545,0.5125683761740004,0.0
122.71165684152996,113.14271223388218,-0.43548424418666504,0.0,123.25031330370904,112.41103705622015,0.3513645788446137,0.0,122.9526243056934,112.0169182813101,0.5329186729802105,0.0,122.98628056424423,111.47031151619595,0.9554855362410494,0.0
122.99152068458591,114.31000131692551,-0.6107185988827335,0.0,122.71165684152996,113.14271223388218,-0.43548424418666504,0.0,123.25031330370904,112.41103705622015,0.3513645788446137,0.0,122.9526243056934,112.0169182813101,0.5329186729802105,0.0
123.29602468050805,113.0488359996871,-0.24174745528461136,0.0,122.99152068458591,114.31000131692551,-0.6107185988827335,0.0,122.71165684152996,113.14271223388218,-0.43548424418666504,0.0,123.25031330370904,112.41103705622015,0.3513645788446137,0.0
123.51815299247875,113.19870512538361,0.454633566663009,0.0,123.29602468050805,113.0488359996871,-0.24174745528461136,0.0,122.99152068458591,114.31000131692551,-0.6107185988827335,0.0,122.71165684152996,113.14271223388218,-0.43548424418666504,0.0
122.80020036093468,113.68496198760184,-0.1898715550708186,0.0,123.51815299247875,113.19870512538361,0.454633566663009,0.0,123.29602468050805,113.0488359996871,-0.24174745528461136,0.0,122.99152068458591,114.31000131692551,-0.6107185988827335,0.0
122.54577137633433,112.20440190589645,-0.33465021254928784,0.0,122.80020036093468,113.68496198760184,-0.1898715550708186,0.0,123.51815299247875,113.19870512538361,0.454633566663009,0.0,123.29602468050805,113.0488359996871,-0.24174745528461136,0.0
122.56349266139281,111.85715868129725,-0.3433697801556914,0.0,122.54577137633433,112.20440190589645,-0.33465021254928784,0.0,122.80020036093468,113.68496198760184,-0.1898715550708186,0.0,123.51815299247875,113.19870512538361,0.454633566663009,0.0
121.72924988782307,112.72246437753344,-0.9725904252207958,0.0,122.56349266139281,111.85715868129725,-0.3433697801556914,0.0,122.54577137633433,112.20440190589645,-0.33465021254928784,0.0,122.80020036093468,113.68496198760184,-0.1898715550708186,0.0
122.58163634019208,111.98447348218787,-0.48239771929743647,0.0,121.72924988782307,112.72246437753344,-0.9725904252207958,0.0,122.56349266139281,111.85715868129725,-0.3433697801556914,0.0,122.54577137633433,112.20440190589645,-0.33465021254928784,0.0
122.40386476814514,113.10612074514873,-0.7479133413092538,0.0,122.58163634019208,111.98447348218787,-0.48239771929743647,0.0,121.72924988782307,112.72246437753344,-0.9725904252207958,0.0,122.56349266139281,111.85715868129725,-0.3433697801556914,0.0
122.4007076840786,113.28696148479767,-0.696025848635915,0.0,122.40386476814514,113.10612074514873,-0.7479133413092538,0.0,122.58163634019208,111.98447348218787,-0.48239771929743647,0.0,121.72924988782307,112.72246437753344,-0.9725904252207958,0.0
121.9782501883823,113.0762747803397,-0.7827953648646708,0.0,122.4007076840786,113.28696148479767,-0.696025848635915,0.0,122.40386476814514,113.10612074514873,-0.7479133413092538,0.0,122.58163634019208,111.98447348218787,-0.48239771929743647,0.0
121.34194586093768,111.5443102016929,-1.0209055447515738,0.0,121.9782501883823,113.0762747803397,-0.7827953648646708,0.0,122.4007076840786,113.28696148479767,-0.696025848635915,0.0,122.40386476814514,113.10612074514873,-0.7479133413092538,0.0
121.15335790719143,112.36367677642687,-0.8202469285415365,0.0,121.34194586093768,111.5443102016929,-1.0209055447515738,0.0,121.9782501883823,113.0762747803397,-0.7827953648646708,0.0,122.4007076840786,113.28696148479767,-0.696025848635915,0.0
121.44044765306043,111.83681533019018,-0.7640023321172403,0.0,121.15335790719143,112.36367677642687,-0.8202469285415365,0.0,121.34194586093768,111.5443102016929,-1.0209055447515738,0.0,121.9782501883823,113.0762747803397,-0.7827953648646708,0.0
121.84308275486386,112.91979547922656,-0.7971308068331251,0.0,121.44044765306043,111.83681533019018,-0.7640023321172403,0.0,121.15335790719143,112.36367677642687,-0.8202469285415365,0.0,121.34194586093768,111.5443102016929,-1.0209055447515738,0.0
121.89881669744072,113.13090553503457,-1.0019354563066716,0.0,121.84308275486386,112.91979547922656,-0.7971308068331251,0.0,121.44044765306043,111.83681533019018,-0.7640023321172403,0.0,121.15335790719143,112.36367677642687,-0.8202469285415365,0.0
122.08198314946677,112.20864433213586,-0.6417860296538596,0.0,121.89881669744072,113.13090553503457,-1.0019354563066716,0.0,121.84308275486386,112.91979547922656,-0.7971308068331251,0.0,121.44044765306043,111.83681533019018,-0.7640023321172403,0.0
121.90784895390634,111.78448756652796,0.31337981052305486,0.0,122.08198314946677,112.20864433213586,-0.6417860296538596,0.0,121.89881669744072,113.13090553503457,-1.0019354563066716,0.0,121.84308275486386,112.91979547922656,-0.7971308068331251,0.0
122.17172946190875,112.05347968678089,0.3206474648380076,0.0,121.90784895390634,111.78448756652796,0.31337981052305486,0.0,122.08198314946677,112.20864433213586,-0.6417860296538596,0.0,121.89881669744072,113.13090553503457,-1.0019354563066716,0.0
122.8998561658244,111.57887673791109,0.7545770793259705,0.0,122.17172946190875,112.05347968678089,0.3206474648380076,0.0,121.90784895390634,111.78448756652796,0.31337981052305486,0.0,122.08198314946677,112.20864433213586,-0.6417860296538596,0.0
123.05489725833692,112.34764791084206,-0.0914492991159549,0.0,122.8998561658244,111.57887673791109,0.7545770793259705,0.0,122.17172946190875,112.05347968678089,0.3206474648380076,0.0,121.90784895390634,111.78448756652796,0.31337981052305486,0.0
123.20484958085318,112.87678339885696,0.005721280354120825,0.0,123.05489725833692,112.34764791084206,-0.0914492991159549,0.0,122.8998561658244,111.57887673791109,0.7545770793259705,0.0,122.17172946190875,112.05347968678089,0.3206474648380076,0.0
123.01648882208109,113.88798084509531,-0.5441071352022366,0.0,123.20484958085318,112.87678339885696,0.005721280354120825,0.0,123.05489725833692,112.34764791084206,-0.0914492991159549,0.0,122.8998561658244,111.57887673791109,0.7545770793259705,0.0
121.9906294302726,113.41968185184916,-1.17374817192774,0.0,123.01648882208109,113.88798084509531,-0.5441071352022366,0.0,123.20484958085318,112.87678339885696,0.005721280354120825,0.0,123.05489725833692,112.34764791084206,-0.0914492991159549,0.0
121.43498471279274,112.70371132219444,-1.3086842412717101,0.0,121.9906294302726,113.41968185184916,-1.17374817192774,0.0,123.01648882208109,113.88798084509531,-0.5441071352022366,0.0,123.20484958085318,112.87678339885696,0.005721280354120825,0.0
121.7722847960226,112.06281749087037,-0.4509977258105816,0.0,121.43498471279274,112.70371132219444,-1.3086842412717101,0.0,121.9906294302726,113.41968185184916,-1.17374817192774,0.0,123.01648882208109,113.88798084509531,-0.5441071352022366,0.0
121.80321157120845,112.18293479259202,0.1142097336863575,0.0,121.7722847960226,112.06281749087037,-0.4509977258105816,0.0,121.43498471279274,112.70371132219444,-1.3086842412717101,0.0,121.9906294302726,113.41968185184916,-1.17374817192774,0.0
122.08686681532524,111.51247769755898,0.21287014797628584,0.0,121.80321157120845,112.18293479259202,0.1142097336863575,0.0,121.7722847960226,112.06281749087037,-0.4509977258105816,0.0,121.43498471279274,112.70371132219444,-1.3086842412717101,0.0
122.83813360604287,113.39143110278704,-0.5960541615639368,0.0,122.08686681532524,111.51247769755898,0.21287014797628584,0.0,121.80321157120845,112.18293479259202,0.1142097336863575,0.0,121.7722847960226,112.06281749087037,-0.4509977258105816,0.0
122.9160790416531,114.34891685591728,-0.5749836549451178,0.0,122.83813360604287,113.39143110278704,-0.5960541615639368,0.0,122.08686681532524,111.51247769755898,0.21287014797628584,0.0,121.80321157120845,112.18293479259202,0.1142097336863575,0.0
123.26059650300677,114.03419666374236,-0.30913691950522654,0.0,122.9160790416531,114.34891685591728,-0.5749836549451178,0.0,122.83813360604287,113.39143110278704,-0.5960541615639368,0.0,122.08686681532524,111.51247769755898,0.21287014797628584,0.0
122.98594058024644,113.39754633788712,-0.15954142081488226,0.0,123.26059650300677,114.03419666374236,-0.30913691950522654,0.0,122.9160790416531,114.34891685591728,-0.5749836549451178,0.0,122.83813360604287,113.39143110278704,-0.5960541615639368,0.0
122.31509208268028,113.40105085549305,-1.0495299283922788,0.0,122.98594058024644,113.39754633788712,-0.15954142081488226,0.0,123.26059650300677,114.03419666374236,-0.30913691950522654,0.0,122.9160790416531,114.34891685591728,-0.5749836549451178,0.0
122.19631753627473,112.53646100524651,-1.2847828667237589,0.0,122.31509208268028,113.40105085549305,-1.0495299283922788,0.0,122.98594058024644,113.39754633788712,-0.15954142081488226,0.0,123.26059650300677,114.03419666374236,-0.30913691950522654,0.0
121.72156109146766,112.66234061385123,-1.0598651754533654,0.0,122.19631753627473,112.53646100524651,-1.2847828667237589,0.0,122.31509208268028,113.40105085549305,-1.0495299283922788,0.0,122.98594058024644,113.39754633788712,-0.15954142081488226,0.0
122.48227592384066,113.48240855439408,-0.5797466856040975,0.0,121.72156109146766,112.66234061385123,-1.0598651754533654,0.0,122.19631753627473,112.53646100524651,-1.2847828667237589,0.0,122.31509208268028,113.40105085549305,-1.0495299283922788,0.0
122.67470379475836,114.126249651638,-1.5618612590332512,0.0,122.48227592384066,113.48240855439408,-0.5797466856040975,0.0,121.72156109146766,112.66234061385123,-1.0598651754533654,0.0,122.19631753627473,112.53646100524651,-1.2847828667237589,0.0
122.69018051493921,114.19677538363268,-1.3305509949665304,0.0,122.67470379475836,114.126249651638,-1.5618612590332512,0.0,122.48227592384066,113.48240855439408,-0.5797466856040975,0.0,121.72156109146766,112.66234061385123,-1.0598651754533654,0.0
123.07484680809722,113.9053840993642,-0.9929164110337481,0.0,122.69018051493921,114.19677538363268,-1.3305509949665304,0.0,122.67470379475836,114.126249651638,-1.5618612590332512,0.0,122.48227592384066,113.48240855439408,-0.5797466856040975,0.0
121.85322578539392,111.93246907644499,-0.3695271345688919,0.0,123.07484680809722,113.9053840993642,-0.9929164110337481,0.0,122.69018051493921,114.19677538363268,-1.3305509949665304,0.0,122.67470379475836,114.126249651638,-1.5618612590332512,0.0
122.19944830894309,111.54402590086752,0.050807084463604824,0.0,121.85322578539392,111.93246907644499,-0.3695271345688919,0.0,123.07484680809722,113.9053840993642,-0.9929164110337481,0.0,122.69018051493921,114.19677538363268,-1.3305509949665304,0.0
121.54307157996125,111.22328350082091,0.3319313269752865,0.0,122.19944830894309,111.54402590086752,0.050807084463604824,0.0,121.85322578539392,111.93246907644499,-0.3695271345688919,0.0,123.07484680809722,113.9053840993642,-0.9929164110337481,0.0
121.68103063651203,110.99597556448285,-0.13442519177073786,0.0,121.54307157996125,111.22328350082091,0.3319313269752865,0.0,122.19944830894309,111.54402590086752,0.050807084463604824,0.0,121.85322578539392,111.93246907644499,-0.3695271345688919,0.0
121.57961354137193,112.18714343208208,-1.061541221978244,0.0,121.68103063651203,110.99597556448285,-0.13442519177073786,0.0,121.54307157996125,111.22328350082091,0.3319313269752865,0.0,122.19944830894309,111.54402590086752,0.050807084463604824,0.0
121.92817636449529,113.32765549301467,-1.0457593561132958,0.0,121.57961354137193,112.18714343208208,-1.061541221978244,0.0,121.68103063651203,110.99597556448285,-0.13442519177073786,0.0,121.54307157996125,111.22328350082091,0.3319313269752865,0.0
122.09056338010106,111.32142711951315,-0.3357915722863567,0.0,121.92817636449529,113.32765549301467,-1.0457593561132958,0.0,121.57961354137193,112.18714343208208,-1.061541221978244,0.0,121.68103063651203,110.99597556448285,-0.13442519177073786,0.0
122.73770367049063,112.14611240792246,0.42809400593313035,0.0,122.09056338010106,111.32142711951315,-0.3357915722863567,0.0,121.92817636449529,113.32765549301467,-1.0457593561132958,0.0,121.57961354137193,112.18714343208208,-1.061541221978244,0.0
122.28878450583015,112.00859700192092,0.6977497558953969,0.0,122.73770367049063,112.14611240792246,0.42809400593313035,0.0,122.09056338010106,111.32142711951315,-0.3357915722863567,0.0,121.92817636449529,113.32765549301467,-1.0457593561132958,0.0
122.63385822530228,111.03453148356988,0.7728702161171848,0.0,122.28878450583015,112.00859700192092,0.6977497558953969,0.0,122.73770367049063,112.14611240792246,0.42809400593313035,0.0,122.09056338010106,111.32142711951315,-0.3357915722863567,0.0
122.64814136016719,110.80113657048125,0.8081159970867305,0.0,122.63385822530228,111.03453148356988,0.7728702161171848,0.0,122.28878450583015,112.00859700192092,0.6977497558953969,0.0,122.73770367049063,112.14611240792246,0.42809400593313035,0.0
121.73187046925659,111.37994967682738,0.3684334242889942,0.0,122.64814136016719,110.80113657048125,0.8081159970867305,0.0,122.63385822530228,111.03453148356988,0.7728702161171848,0.0,122.28878450583015,112.00859700192092,0.6977497558953969,0.0
121.35722163739725,111.37933017493069,0.22971659265438538,0.0,121.73187046925659,111.37994967682738,0.3684334242889942,0.0,122.64814136016719,110.80113657048125,0.8081159970867305,0.0,122.63385822530228,111.03453148356988,0.7728702161171848,0.0
121.48328030578307,110.5511597474732,1.018308037036674,0.0,121.35722163739725,111.37933017493069,0.22971659265438538,0.0,121.73187046925659,111.37994967682738,0.3684334242889942,0.0,122.64814136016719,110.80113657048125,0.8081159970867305,0.0
122.16934012771137,111.46860683721911,0.34336742673340104,0.0,121.48328030578307,110.5511597474732,1.018308037036674,0.0,121.35722163739725,111.37933017493069,0.22971659265438538,0.0,121.73187046925659,111.37994967682738,0.3684334242889942,0.0
122.43179448967666,110.71078282541976,1.0820833367416465,0.0,122.16934012771137,111.46860683721911,0.34336742673340104,0.0,121.48328030578307,110.5511597474732,1.018308037036674,0.0,121.35722163739725,111.37933017493069,0.22971659265438538,0.0
121.82017142159992,110.83027516402086,0.704652592147288,0.0,122.43179448967666,110.71078282541976,1.0820833367416465,0.0,122.16934012771137,111.46860683721911,0.34336742673340104,0.0,121.48328030578307,110.5511597474732,1.018308037036674,0.0
121.85699429512516,110.57969456262393,1.2264381282653698,0.0,121.82017142159992,110.83027516402086,0.704652592147288,0.0,122.43179448967666,110.71078282541976,1.0820833367416465,0.0,122.16934012771137,111.46860683721911,0.34336742673340104,0.0
122.90079629014043,111.87404740712466,0.27774299786352674,0.0,121.85699429512516,110.57969456262393,1.2264381282653698,0.0,121.82017142159992,110.83027516402086,0.704652592147288,0.0,122.43179448967666,110.71078282541976,1.0820833367416465,0.0
122.75636677395254,112.39763851160515,0.515146498873146,0.0,122.90079629014043,111.87404740712466,0.27774299786352674,0.0,121.85699429512516,110.57969456262393,1.2264381282653698,0.0,121.82017142159992,110.83027516402086,0.704652592147288,0.0
122.447038306325,111.88784650601684,0.043732131124705864,0.0,122.75636677395254,112.39763851160515,0.515146498873146,0.0,122.90079629014043,111.87404740712466,0.27774299786352674,0.0,121.85699429512516,110.57969456262393,1.2264381282653698,0.0
122.53587285802496,113.35255214826296,-0.672647891062329,0.0,122.447038306325,111.88784650601684,0.043732131124705864,0.0,122.75636677395254,112.39763851160515,0.515146498873146,0.0,122.90079629014043,111.87404740712466,0.27774299786352674,0.0
122.76164555769428,112.97498537033326,-0.4288512916443904,0.0,122.53587285802496,113.35255214826296,-0.672647891062329,0.0,122.447038306325,111.88784650601684,0.043732131124705864,0.0,122.75636677395254,112.39763851160515,0.515146498873146,0.0
122.36807233461404,112.26319875602681,0.16165486098247206,0.0,122.76164555769428,112.97498537033326,-0.4288512916443904,0.0,122.53587285802496,113.35255214826296,-0.672647891062329,0.0,122.447038306325,111.88784650601684,0.043732131124705864,0.0
122.50446819884296,112.82554112068013,-0.2931468305107705,0.0,122.36807233461404,112.26319875602681,0.16165486098247206,0.0,122.76164555769428,112.97498537033326,-0.4288512916443904,0.0,122.53587285802496,113.35255214826296,-0.672647891062329,0.0
122.17189892911478,113.34461763248373,-0.984025444637817,0.0,122.50446819884296,112.82554112068013,-0.2931468305107705,0.0,122.36807233461404,112.26319875602681,0.16165486098247206,0.0,122.76164555769428,112.97498537033326,-0.4288512916443904,0.0
122.46585443627825,112.62657015856564,-0.8331427378777313,0.0,122.17189892911478,113.34461763248373,-0.984025444637817,0.0,122.50446819884296,112.82554112068013,-0.2931468305107705,0.0,122.36807233461404,112.26319875602681,0.16165486098247206,0.0
122.38447179459143,113.46116666833646,-0.7102318546907755,0.0,122.46585443627825,112.62657015856564,-0.8331427378777313,0.0,122.17189892911478,113.34461763248373,-0.984025444637817,0.0,122.50446819884296,112.82554112068013,-0.2931468305107705,0.0
122.49081358036868,113.15495537661837,-0.2940256699753711,0.0,122.38447179459143,113.46116666833646,-0.7102318546907755,0.0,122.46585443627825,112.62657015856564,-0.8331427378777313,0.0,122.17189892911478,113.34461763248373,-0.984025444637817,0.0
122.07434549318326,110.77427196055876,0.2395767497019472,0.0,122.49081358036868,113.15495537661837,-0.2940256699753711,0.0,122.38447179459143,113.46116666833646,-0.7102318546907755,0.0,122.46585443627825,112.62657015856564,-0.8331427378777313,0.0
121.69654960198362,111.04567201053118,0.1619538091253107,0.0,122.07434549318326,110.77427196055876,0.2395767497019472,0.0,122.49081358036868,113.15495537661837,-0.2940256699753711,0.0,122.38447179459143,113.46116666833646,-0.7102318546907755,0.0
122.21259640636585,112.347838551015,1.05731470469738,0.0,121.69654960198362,111.04567201053118,0.1619538091253107,0.0,122.07434549318326,110.77427196055876,0.2395767497019472,0.0,122.49081358036868,113.15495537661837,-0.2940256699753711,0.0
122.15632945021044,111.48098968379011,0.95796913602555,0.0,122.21259640636585,112.347838551015,1.05731470469738,0.0,121.69654960198362,111.04567201053118,0.1619538091253107,0.0,122.07434549318326,110.77427196055876,0.2395767497019472,0.0
122.23994219101888,112.55277480398291,0.5931620558169902,0.0,122.15632945021044,111.48098968379011,0.95796913602555,0.0,122.21259640636585,112.347838551015,1.05731470469738,0.0,121.69654960198362,111.04567201053118,0.1619538091253107,0.0
121.99850101923008,112.80510040083556,-0.33125403489782174,0.0,122.23994219101888,112.55277480398291,0.5931620558169902,0.0,122.15632945021044,111.48098968379011,0.95796913602555,0.0,122.21259640636585,112.347838551015,1.05731470469738,0.0
122.33322351079164,114.298813831985,-0.3963329880763413,0.0,121.99850101923008,112.80510040083556,-0.33125403489782174,0.0,122.23994219101888,112.55277480398291,0.5931620558169902,0.0,122.15632945021044,111.48098968379011,0.95796913602555,0.0
121.93808198668363,112.49183663869724,-0.4852598631666412,0.0,122.33322351079164,114.298813831985,-0.3963329880763413,0.0,121.99850101923008,112.80510040083556,-0.33125403489782174,0.0,122.23994219101888,112.55277480398291,0.5931620558169902,0.0
121.86544157075981,112.34446797273304,0.09194450760742218,0.0,121.93808198668363,112.49183663869724,-0.4852598631666412,0.0,122.33322351079164,114.298813831985,-0.3963329880763413,0.0,121.99850101923008,112.80510040083556,-0.33125403489782174,0.0
122.28770206217648,111.9529520156589,0.3047974181193648,0.0,121.86544157075981,112.34446797273304,0.09194450760742218,0.0,121.93808198668363,112.49183663869724,-0.4852598631666412,0.0,122.33322351079164,114.298813831985,-0.3963329880763413,0.0
122.72259536812878,113.88100262389082,-0.34584662632081675,0.0,122.28770206217648,111.9529520156589,0.3047974181193648,0.0,121.86544157075981,112.34446797273304,0.09194450760742218,0.0,121.93808198668363,112.49183663869724,-0.4852598631666412,0.0
122.29403994278707,112.4431341240522,-0.19055010785113463,0.0,122.72259536812878,113.88100262389082,-0.34584662632081675,0.0,122.28770206217648,111.9529520156589,0.3047974181193648,0.0,121.86544157075981,112.34446797273304,0.09194450760742218,0.0
123.15606410784169,113.1801967473182,0.183325499583619,0.0,122.29403994278707,112.4431341240522,-0.19055010785113463,0.0,122.72259536812878,113.88100262389082,-0.34584662632081675,0.0,122.28770206217648,111.9529520156589,0.3047974181193648,0.0
123.1090997725885,111.44744721063338,0.9106760793608115,0.0,123.15606410784169,113.1801967473182,0.183325499583619,0.0,122.29403994278707,112.4431341240522,-0.19055010785113463,0.0,122.72259536812878,113.88100262389082,-0.34584662632081675,0.0
122.43782309625703,110.55985181818852,1.1722928471956788,0.0,123.1090997725885,111.44744721063338,0.9106760793608115,0.0,123.15606410784169,113.1801967473182,0.183325499583619,0.0,122.29403994278707,112.4431341240522,-0.19055010785113463,0.0
122.59079144916332,110.87986104274592,1.318257604912282,0.0,122.43782309625703,110.55985181818852,1.1722928471956788,0.0,123.1090997725885,111.44744721063338,0.9106760793608115,0.0,123.15606410784169,113.1801967473182,0.183325499583619,0.0
122.31161967774695,111.39027748684018,1.0846490812374074,0.0,122.59079144916332,110.87986104274592,1.318257604912282,0.0,122.43782309625703,110.55985181818852,1.1722928471956788,0.0,123.1090997725885,111.44744721063338,0.9106760793608115,0.0
122.54196024671975,110.48739478138793,1.0618752677016507,0.0,122.31161967774695,111.39027748684018,1.0846490812374074,0.0,122.59079144916332,110.87986104274592,1.318257604912282,0.0,122.43782309625703,110.55985181818852,1.1722928471956788,0.0
122.42573983316703,111.72800480757255,1.4742526645143998,0.0,122.54196024671975,110.48739478138793,1.0618752677016507,0.0,122.31161967774695,111.39027748684018,1.0846490812374074,0.0,122.59079144916332,110.87986104274592,1.318257604912282,0.0
122.35075277860304,112.53951866051315,0.5130134328716951,0.0,122.42573983316703,111.72800480757255,1.4742526645143998,0.0,122.54196024671975,110.48739478138793,1.0618752677016507,0.0,122.31161967774695,111.39027748684018,1.0846490812374074,0.0
121.84237667735864,111.64857714461428,0.23569108268887812,0.0,122.35075277860304,112.53951866051315,0.5130134328716951,0.0,122.42573983316703,111.72800480757255,1.4742526645143998,0.0,122.54196024671975,110.48739478138793,1.0618752677016507,0.0
122.39561555672073,111.46632801048722,-0.19773150822701785,0.0,121.84237667735864,111.64857714461428,0.23569108268887812,0.0,122.35075277860304,112.53951866051315,0.5130134328716951,0.0,122.42573983316703,111.72800480757255,1.4742526645143998,0.0
121.74756176835085,111.81733986900446,0.03139135278144778,0.0,122.39561555672073,111.46632801048722,-0.19773150822701785,0.0,121.84237667735864,111.64857714461428,0.23569108268887812,0.0,122.35075277860304,112.53951866051315,0.5130134328716951,0.0
121.30580670895284,110.75720516050691,0.640224170050552,0.0,121.74756176835085,111.81733986900446,0.03139135278144778,0.0,122.39561555672073,111.46632801048722,-0.19773150822701785,0.0,121.84237667735864,111.64857714461428,0.23569108268887812,0.0
121.62186894520687,112.12913193058287,0.2136921926799047,0.0,121.30580670895284,110.75720516050691,0.640224170050552,0.0,121.74756176835085,111.81733986900446,0.03139135278144778,0.0,122.39561555672073,111.46632801048722,-0.19773150822701785,0.0
122.44891009324446,113.00014373020008,-1.024198429590795,0.0,121.62186894520687,112.12913193058287,0.2136921926799047,0.0,121.30580670895284,110.75720516050691,0.640224170050552,0.0,121.74756176835085,111.81733986900446,0.03139135278144778,0.0
122.14798807296415,112.69686906198433,-1.0254691161848712,0.0,122.44891009324446,113.00014373020008,-1.024198429590795,0.0,121.62186894520687,112.12913193058287,0.2136921926799047,0.0,121.30580670895284,110.75720516050691,0.640224170050552,0.0
122.44802055086795,112.41712137710721,-0.36363842693919374,0.0,122.14798807296415,112.69686906198433,-1.0254691161848712,0.0,122.44891009324446,113.00014373020008,-1.024198429590795,0.0,121.62186894520687,112.12913193058287,0.2136921926799047,0.0
122.83642973600108,113.17313586250117,-0.022095790076415156,0.0,122.44802055086795,112.41712137710721,-0.36363842693919374,0.0,122.14798807296415,112.69686906198433,-1.0254691161848712,0.0,122.44891009324446,113.00014373020008,-1.024198429590795,0.0
123.01775158364838,113.17468847599073,0.19641649184415594,0.0,122.83642973600108,113.17313586250117,-0.022095790076415156,0.0,122.44802055086795,112.41712137710721,-0.36363842693919374,0.0,122.14798807296415,112.69686906198433,-1.0254691161848712,0.0
122.5972627554273,113.2266873380917,0.017136542538084887,0.0,123.01775158364838,113.17468847599073,0.19641649184415594,0.0,122.83642973600108,113.17313586250117,-0.022095790076415156,0.0,122.44802055086795,112.41712137710721,-0.36363842693919374,0.0
121.90770795389035,112.49157783708932,-0.6258061340794253,0.0,122.5972627554273,113.2266873380917,0.017136542538084887,0.0,123.01775158364838,113.17468847599073,0.19641649184415594,0.0,122.83642973600108,113.17313586250117,-0.022095790076415156,0.0
120.84117381878293,111.62437522987352,-0.24299774645130656,0.0,121.90770795389035,112.49157783708932,-0.6258061340794253,0.0,122.5972627554273,113.2266873380917,0.017136542538084887,0.0,123.01775158364838,113.17468847599073,0.19641649184415594,0.0
120.93476803576667,112.13501539056966,-0.6115391021783576,0.0,120.84117381878293,111.62437522987352,-0.24299774645130656,0.0,121.90770795389035,112.49157783708932,-0.6258061340794253,0.0,122.5972627554273,113.2266873380917,0.017136542538084887,0.0
121.76800638020862,111.37703465371638,0.602817084947542,0.0,120.93476803576667,112.13501539056966,-0.6115391021783576,0.0,120.84117381878293,111.62437522987352,-0.24299774645130656,0.0,121.90770795389035,112.49157783708932,-0.6258061340794253,0.0
121.31282721048866,110.78989802594549,0.7675072721352916,0.0,121.76800638020862,111.37703465371638,0.602817084947542,0.0,120.93476803576667,112.13501539056966,-0.6115391021783576,0.0,120.84117381878293,111.62437522987352,-0.24299774645130656,0.0
121.81247744023938,111.75778503821908,0.32368166643125773,0.0,121.31282721048866,110.78989802594549,0.7675072721352916,0.0,121.76800638020862,111.37703465371638,0.602817084947542,0.0,120.93476803576667,112.13501539056966,-0.6115391021783576,0.0
121.41355184529439,111.22707683742357,-0.04674729054930793,0.0,121.81247744023938,111.75778503821908,0.32368166643125773,0.0,121.31282721048866,110.78989802594549,0.7675072721352916,0.0,121.76800638020862,111.37703465371638,0.602817084947542,0.0
121.60158139304322,111.64592742771435,-0.08386993574624049,0.0,121.41355184529439,111.22707683742357,-0.04674729054930793,0.0,121.81247744023938,111.75778503821908,0.32368166643125773,0.0,121.31282721048866,110.78989802594549,0.7675072721352916,0.0
122.01772826216087,112.3486531870243,-0.1868469096078673,0.0,121.60158139304322,111.64592742771435,-0.08386993574624049,0.0,121.41355184529439,111.22707683742357,-0.04674729054930793,0.0,121.81247744023938,111.75778503821908,0.32368166643125773,0.0
121.7232925547821,111.22284673054767,0.40893936007868326,0.0,122.01772826216087,112.3486531870243,-0.1868469096078673,0.0,121.60158139304322,111.64592742771435,-0.08386993574624049,0.0,121.41355184529439,111.22707683742357,-0.04674729054930793,0.0
121.86676779694598,111.94217174456332,0.4203595729349698,0.0,121.7232925547821,111.22284673054767,0.40893936007868326,0.0,122.01772826216087,112.3486531870243,-0.1868469096078673,0.0,121.60158139304322,111.64592742771435,-0.08386993574624049,0.0
121.70192773736814,111.67881663651963,-0.02952821110628817,0.0,121.86676779694598,111.94217174456332,0.4203595729349698,0.0,121.7232925547821,111.22284673054767,0.40893936007868326,0.0,122.01772826216087,112.3486531870243,-0.1868469096078673,0.0
122.15615378130417,111.15925476118898,0.9215977736928608,0.0,121.70192773736814,111.67881663651963,-0.02952821110628817,0.0,121.86676779694598,111.94217174456332,0.4203595729349698,0.0,121.7232925547821,111.22284673054767,0.40893936007868326,0.0
122.23152576860709,112.22111681357143,0.7619323847144001,0.0,122.15615378130417,111.15925476118898,0.9215977736928608,0.0,121.70192773736814,111.67881663651963,-0.02952821110628817,0.0,121.86676779694598,111.94217174456332,0.4203595729349698,0.0
122.27434769833083,110.78253507538966,0.9939657457559685,0.0,122.23152576860709,112.22111681357143,0.7619323847144001,0.0,122.15615378130417,111.15925476118898,0.9215977736928608,0.0,121.70192773736814,111.67881663651963,-0.02952821110628817,0.0
122.95349548880867,112.90315299853975,0.4910593428823953,0.0,122.27434769833083,110.78253507538966,0.9939657457559685,0.0,122.23152576860709,112.22111681357143,0.7619323847144001,0.0,122.15615378130417,111.15925476118898,0.9215977736928608,0.0
123.0713594967811,112.45179930899968,0.5744052881781779,0.0,122.95349548880867,112.90315299853975,0.4910593428823953,0.0,122.27434769833083,110.78253507538966,0.9939657457559685,0.0,122.23152576860709,112.22111681357143,0.7619323847144001,0.0
122.54454849445794,111.3472633980762,0.61507922611414,0.0,123.0713594967811,112.45179930899968,0.5744052881781779,0.0,122.95349548880867,112.90315299853975,0.4910593428823953,0.0,122.27434769833083,110.78253507538966,0.9939657457559685,0.0
122.37448638176426,112.36440926806407,-0.45276126515676446,0.0,122.54454849445794,111.3472633980762,0.61507922611414,0.0,123.0713594967811,112.45179930899968,0.5744052881781779,0.0,122.95349548880867,112.90315299853975,0.4910593428823953,0.0
122.28073283308672,111.61813759569736,0.6454285431049085,0.0,122.37448638176426,112.36440926806407,-0.45276126515676446,0.0,122.54454849445794,111.3472633980762,0.61507922611414,0.0,123.0713594967811,112.45179930899968,0.5744052881781779,0.0
122.29882555329256,111.31840998978842,1.1616650649452005,0.0,122.28073283308672,111.61813759569736,0.6454285431049085,0.0,122.37448638176426,112.36440926806407,-0.45276126515676446,0.0,122.54454849445794,111.3472633980762,0.61507922611414,0.0
123.48718056985366,112.28269022168271,0.7307343938831666,0.0,122.29882555329256,111.31840998978842,1.1616650649452005,0.0,122.28073283308672,111.61813759569736,0.6454285431049085,0.0,122.37448638176426,112.36440926806407,-0.45276126515676446,0.0
123.3273432465977,112.95654311281478,0.03345264487860555,0.0,123.48718056985366,112.28269022168271,0.7307343938831666,0.0,122.29882555329256,111.31840998978842,1.1616650649452005,0.0,122.28073283308672,111.61813759569736,0.6454285431049085,0.0
122.0366584122523,112.1452979994697,0.20054292280466043,0.0,123.3273432465977,112.95654311281478,0.03345264487860555,0.0,123.48718056985366,112.28269022168271,0.7307343938831666,0.0,122.29882555329256,111.31840998978842,1.1616650649452005,0.0
121.76023244015798,111.95389607570786,0.20378318795092665,0.0,122.0366584122523,112.1452979994697,0.20054292280466043,0.0,123.3273432465977,112.95654311281478,0.03345264487860555,0.0,123.48718056985366,112.28269022168271,0.7307343938831666,0.0
120.8640324572078,111.55934902341343,0.340861024642356,0.0,121.76023244015798,111.95389607570786,0.20378318795092665,0.0,122.0366584122523,112.1452979994697,0.20054292280466043,0.0,123.3273432465977,112.95654311281478,0.03345264487860555,0.0
120.99866810397711,110.55317466532438,0.36847751781092963,0.0,120.8640324572078,111.55934902341343,0.340861024642356,0.0,121.76023244015798,111.95389607570786,0.20378318795092665,0.0,122.0366584122523,112.1452979994697,0.20054292280466043,0.0
120.31486385727439,109.80831022088188,0.5479025089017068,0.0,120.99866810397711,110.55317466532438,0.36847751781092963,0.0,120.8640324572078,111.55934902341343,0.340861024642356,0.0,121.76023244015798,111.95389607570786,0.20378318795092665,0.0
120.38342797856403,108.65335743442552,1.1619748568172688,0.0,120.31486385727439,109.80831022088188,0.5479025089017068,0.0,120.99866810397711,110.55317466532438,0.36847751781092963,0.0,120.8640324572078,111.55934902341343,0.340861024642356,0.0
120.11051387597341,108.71735484121507,1.2136314880181382,0.0,120.38342797856403,108.65335743442552,1.1619748568172688,0.0,120.31486385727439,109.80831022088188,0.5479025089017068,0.0,120.99866810397711,110.55317466532438,0.36847751781092963,0.0
120.79633408729978,109.68314204925389,0.44607744095954005,0.0,120.11051387597341,108.71735484121507,1.2136314880181382,0.0,120.38342797856403,108.65335743442552,1.1619748568172688,0.0,120.31486385727439,109.80831022088188,0.5479025089017068,0.0
121.11600953753577,110.42654827236998,1.0381433791238581,0.0,120.79633408729978,109.68314204925389,0.44607744095954005,0.0,120.11051387597341,108.71735484121507,1.2136314880181382,0.0,120.38342797856403,108.65335743442552,1.1619748568172688,0.0
121.57646061076603,109.35656346023902,1.6508219850432302,0.0,121.11600953753577,110.42654827236998,1.0381433791238581,0.0,120.79633408729978,109.68314204925389,0.44607744095954005,0.0,120.11051387597341,108.71735484121507,1.2136314880181382,0.0
121.75286112630047,109.12063336056218,2.896685955290627,0.0,121.57646061076603,109.35656346023902,1.6508219850432302,0.0,121.11600953753577,110.42654827236998,1.0381433791238581,0.0,120.79633408729978,109.68314204925389,0.44607744095954005,0.0
121.24986668082248,109.10546690231365,1.7556017476127028,0.0,121.75286112630047,109.12063336056218,2.896685955290627,0.0,121.57646061076603,109.35656346023902,1.6508219850432302,0.0,121.11600953753577,110.42654827236998,1.0381433791238581,0.0
121.71093446638605,110.91439125798613,1.5259224046652997,0.0,121.24986668082248,109.10546690231365,1.7556017476127028,0.0,121.75286112630047,109.12063336056218,2.896685955290627,0.0,121.57646061076603,109.35656346023902,1.6508219850432302,0.0
122.70925968031868,112.41200345849785,0.17968857213774614,0.0,121.71093446638605,110.91439125798613,1.5259224046652997,0.0,121.24986668082248,109.10546690231365,1.7556017476127028,0.0,121.75286112630047,109.12063336056218,2.896685955290627,0.0
122.70801248268292,113.28003101750608,0.4203254358998015,0.0,122.70925968031868,112.41200345849785,0.17968857213774614,0.0,121.71093446638605,110.91439125798613,1.5259224046652997,0.0,121.24986668082248,109.10546690231365,1.7556017476127028,0.0
122.33321643744841,112.40462498078284,0.062160199636454916,0.0,122.70801248268292,113.28003101750608,0.4203254358998015,0.0,122.70925968031868,112.41200345849785,0.17968857213774614,0.0,121.71093446638605,110.91439125798613,1.5259224046652997,0.0
121.63249615677051,110.4008681027099,1.0114510571216406,0.0,122.33321643744841,112.40462498078284,0.062160199636454916,0.0,122.70801248268292,113.28003101750608,0.4203254358998015,0.0,122.70925968031868,112.41200345849785,0.17968857213774614,0.0
121.29526847075245,111.13389938567997,0.42185336068802154,0.0,121.63249615677051,110.4008681027099,1.0114510571216406,0.0,122.33321643744841,112.40462498078284,0.062160199636454916,0.0,122.70801248268292,113.28003101750608,0.4203254358998015,0.0
121.62963640252137,112.66196404733256,-0.5071088304332136,0.0,121.29526847075245,111.13389938567997,0.42185336068802154,0.0,121.63249615677051,110.4008681027099,1.0114510571216406,0.0,122.33321643744841,112.40462498078284,0.062160199636454916,0.0
122.21843347658503,112.43669317663489,-0.6413189346978307,0.0,121.62963640252137,112.66196404733256,-0.5071088304332136,0.0,121.29526847075245,111.13389938567997,0.42185336068802154,0.0,121.63249615677051,110.4008681027099,1.0114510571216406,0.0
122.21671747353763,113.76924790182795,-1.5007990333668335,0.0,122.21843347658503,112.43669317663489,-0.6413189346978307,0.0,121.62963640252137,112.66196404733256,-0.5071088304332136,0.0,121.29526847075245,111.13389938567997,0.42185336068802154,0.0
122.49507036431937,113.5649451872745,-0.8250894994398119,0.0,122.21671747353763,113.76924790182795,-1.5007990333668335,0.0,122.21843347658503,112.43669317663489,-0.6413189346978307,0.0,121.62963640252137,112.66196404733256,-0.5071088304332136,0.0
122.63458300510855,114.30624816721141,-1.6926131226800099,0.0,122.49507036431937,113.5649451872745,-0.8250894994398119,0.0,122.21671747353763,113.76924790182795,-1.5007990333668335,0.0,122.21843347658503,112.43669317663489,-0.6413189346978307,0.0
122.72367356471506,112.74520070129469,-1.3398617075524286,0.0,122.63458300510855,114.30624816721141,-1.6926131226800099,0.0,122.49507036431937,113.5649451872745,-0.8250894994398119,0.0,122.21671747353763,113.76924790182795,-1.5007990333668335,0.0
122.16476177294044,113.69880562401971,-2.110795275970041,0.0,122.72367356471506,112.74520070129469,-1.3398617075524286,0.0,122.63458300510855,114.30624816721141,-1.6926131226800099,0.0,122.49507036431937,113.5649451872745,-0.8250894994398119,0.0
122.14799643799277,113.4154947269432,-1.8487851230443537,0.0,122.16476177294044,113.69880562401971,-2.110795275970041,0.0,122.72367356471506,112.74520070129469,-1.3398617075524286,0.0,122.63458300510855,114.30624816721141,-1.6926131226800099,0.0
121.68783805276315,112.12740391380015,-0.6573390205332161,0.0,122.14799643799277,113.4154947269432,-1.8487851230443537,0.0,122.16476177294044,113.69880562401971,-2.110795275970041,0.0,122.72367356471506,112.74520070129469,-1.3398617075524286,0.0
121.75797113044626,112.02027576486637,-0.3455472707086755,0.0,121.68783805276315,112.12740391380015,-0.6573390205332161,0.0,122.14799643799277,113.4154947269432,-1.8487851230443537,0.0,122.16476177294044,113.69880562401971,-2.110795275970041,0.0
121.88237845879023,113.78860422200486,-0.7081846190494074,0.0,121.75797113044626,112.02027576486637,-0.3455472707086755,0.0,121.68783805276315,112.12740391380015,-0.6573390205332161,0.0,122.14799643799277,113.4154947269432,-1.8487851230443537,0.0
122.66591684769388,113.58755646063454,-0.582149439709068,0.0,121.88237845879023,113.78860422200486,-0.7081846190494074,0.0,121.75797113044626,112.02027576486637,-0.3455472707086755,0.0,121.68783805276315,112.12740391380015,-0.6573390205332161,0.0
121.85049292843236,112.54749125077862,-0.4567111157450311,0.0,122.66591684769388,113.58755646063454,-0.582149439709068,0.0,121.88237845879023,113.78860422200486,-0.7081846190494074,0.0,121.75797113044626,112.02027576486637,-0.3455472707086755,0.0
122.06459349586346,113.13109324756158,-0.12905371967432208,0.0,121.85049292843236,112.54749125077862,-0.4567111157450311,0.0,122.66591684769388,113.58755646063454,-0.582149439709068,0.0,121.88237845879023,113.78860422200486,-0.7081846190494074,0.0
122.68954675226495,114.05492680475251,-0.786672157379871,0.0,122.06459349586346,113.13109324756158,-0.12905371967432208,0.0,121.85049292843236,112.54749125077862,-0.4567111157450311,0.0,122.66591684769388,113.58755646063454,-0.582149439709068,0.0
122.82370254143741,114.14717486587898,-0.3330540889802315,0.0,122.68954675226495,114.05492680475251,-0.786672157379871,0.0,122.06459349586346,113.13109324756158,-0.12905371967432208,0.0,121.85049292843236,112.54749125077862,-0.4567111157450311,0.0
122.94623305173404,114.5840340565683,-1.618639086985573,0.0,122.82370254143741,114.14717486587898,-0.3330540889802315,0.0,122.68954675226495,114.05492680475251,-0.786672157379871,0.0,122.06459349586346,113.13109324756158,-0.12905371967432208,0.0
122.9436289183846,114.14409947873057,-1.6098535457703635,0.0,122.94623305173404,114.5840340565683,-1.618639086985573,0.0,122.82370254143741,114.14717486587898,-0.3330540889802315,0.0,122.68954675226495,114.05492680475251,-0.786672157379871,0.0
123.2906083377799,114.26924083630979,-1.5320197578420631,0.0,122.9436289183846,114.14409947873057,-1.6098535457703635,0.0,122.94623305173404,114.5840340565683,-1.618639086985573,0.0,122.82370254143741,114.14717486587898,-0.3330540889802315,0.0
122.43206626481697,113.1336264270154,-0.9089523932380315,0.0,123.2906083377799,114.26924083630979,-1.5320197578420631,0.0,122.9436289183846,114.14409947873057,-1.6098535457703635,0.0,122.94623305173404,114.5840340565683,-1.618639086985573,0.0
121.61220232945323,112.80974698830451,-0.7158464882519907,0.0,122.43206626481697,113.1336264270154,-0.9089523932380315,0.0,123.2906083377799,114.26924083630979,-1.5320197578420631,0.0,122.9436289183846,114.14409947873057,-1.6098535457703635,0.0
121.59478116999094,113.83627246678066,-1.275458717529736,0.0,121.61220232945323,112.80974698830451,-0.7158464882519907,0.0,122.43206626481697,113.1336264270154,-0.9089523932380315,0.0,123.2906083377799,114.26924083630979,-1.5320197578420631,0.0
120.5482657046431,112.93956359127617,-1.5128635369322965,0.0,121.59478116999094,113.83627246678066,-1.275458717529736,0.0,121.61220232945323,112.80974698830451,-0.7158464882519907,0.0,122.43206626481697,113.1336264270154,-0.9089523932380315,0.0
121.39682224774621,113.1422643611456,-1.1109508247721338,0.0,120.5482657046431,112.93956359127617,-1.5128635369322965,0.0,121.59478116999094,113.83627246678066,-1.275458717529736,0.0,121.61220232945323,112.80974698830451,-0.7158464882519907,0.0
122.05636113043458,113.42908531020242,-0.9282943307499852,0.0,121.39682224774621,113.1422643611456,-1.1109508247721338,0.0,120.5482657046431,112.93956359127617,-1.5128635369322965,0.0,121.59478116999094,113.83627246678066,-1.275458717529736,0.0
121.78362860798545,112.89570037639913,-1.0321975194178614,0.0,122.05636113043458,113.42908531020242,-0.9282943307499852,0.0,121.39682224774621,113.1422643611456,-1.1109508247721338,0.0,120.5482657046431,112.93956359127617,-1.5128635369322965,0.0
121.58367117818135,113.15692819753508,-1.0661749102902789,0.0,121.78362860798545,112.89570037639913,-1.0321975194178614,0.0,122.05636113043458,113.42908531020242,-0.9282943307499852,0.0,121.39682224774621,113.1422643611456,-1.1109508247721338,0.0
121.63237600555127,111.96774398836976,-0.5048559296525787,0.0,121.58367117818135,113.15692819753508,-1.0661749102902789,0.0,121.78362860798545,112.89570037639913,-1.0321975194178614,0.0,122.05636113043458,113.42908531020242,-0.9282943307499852,0.0
121.70758832436478,112.48645610592115,-0.6627310301566703,0.0,121.63237600555127,111.96774398836976,-0.5048559296525787,0.0,121.58367117818135,113.15692819753508,-1.0661749102902789,0.0,121.78362860798545,112.89570037639913,-1.0321975194178614,0.0
121.81067594245286,112.37963353272221,-0.574230446139873,0.0,121.70758832436478,112.48645610592115,-0.6627310301566703,0.0,121.63237600555127,111.96774398836976,-0.5048559296525787,0.0,121.58367117818135,113.15692819753508,-1.0661749102902789,0.0
122.17851644578538,110.98280723232139,0.625583937128373,0.0,121.81067594245286,112.37963353272221,-0.574230446139873,0.0,121.70758832436478,112.48645610592115,-0.6627310301566703,0.0,121.63237600555127,111.96774398836976,-0.5048559296525787,0.0
122.01564331269724,112.81713334853666,-0.21137416873926307,0.0,122.17851644578538,110.98280723232139,0.625583937128373,0.0,121.81067594245286,112.37963353272221,-0.574230446139873,0.0,121.70758832436478,112.48645610592115,-0.6627310301566703,0.0
122.41888369649052,113.30455210812309,-1.0950207007787398,0.0,122.01564331269724,112.81713334853666,-0.21137416873926307,0.0,122.17851644578538,110.98280723232139,0.625583937128373,0.0,121.81067594245286,112.37963353272221,-0.574230446139873,0.0
122.50811469393523,112.99932303639696,-0.4842217282236886,0.0,122.41888369649052,113.30455210812309,-1.0950207007787398,0.0,122.01564331269724,112.81713334853666,-0.21137416873926307,0.0,122.17851644578538,110.98280723232139,0.625583937128373,0.0
122.05555993288223,112.94900198659309,-0.7266989132260024,0.0,122.50811469393523,112.99932303639696,-0.4842217282236886,0.0,122.41888369649052,113.30455210812309,-1.0950207007787398,0.0,122.01564331269724,112.81713334853666,-0.21137416873926307,0.0
122.66391599381609,112.9617657278352,-0.7404778944521122,0.0,122.05555993288223,112.94900198659309,-0.7266989132260024,0.0,122.50811469393523,112.99932303639696,-0.4842217282236886,0.0,122.41888369649052,113.30455210812309,-1.0950207007787398,0.0
121.83317298154685,112.37662640889562,-0.9829605046272468,0.0,122.66391599381609,112.9617657278352,-0.7404778944521122,0.0,122.05555993288223,112.94900198659309,-0.7266989132260024,0.0,122.50811469393523,112.99932303639696,-0.4842217282236886,0.0
121.76283789164071,113.15235176372047,-0.9162684740855538,0.0,121.83317298154685,112.37662640889562,-0.9829605046272468,0.0,122.66391599381609,112.9617657278352,-0.7404778944521122,0.0,122.05555993288223,112.94900198659309,-0.7266989132260024,0.0
122.2785597267551,112.30338574190435,0.06625427677972762,0.0,121.76283789164071,113.15235176372047,-0.9162684740855538,0.0,121.83317298154685,112.37662640889562,-0.9829605046272468,0.0,122.66391599381609,112.9617657278352,-0.7404778944521122,0.0
121.89623324147549,111.30155974945063,0.4540676507328418,0.0,122.2785597267551,112.30338574190435,0.06625427677972762,0.0,121.76283789164071,113.15235176372047,-0.9162684740855538,0.0,121.83317298154685,112.37662640889562,-0.9829605046272468,0.0
122.09967384922848,111.44181134670998,0.794365876529762,0.0,121.89623324147549,111.30155974945063,0.4540676507328418,0.0,122.2785597267551,112.30338574190435,0.06625427677972762,0.0,121.76283789164071,113.15235176372047,-0.9162684740855538,0.0
122.34514606652941,112.125256227058,-0.07262082667251313,0.0,122.09967384922848,111.44181134670998,0.794365876529762,0.0,121.89623324147549,111.30155974945063,0.4540676507328418,0.0,122.2785597267551,112.30338574190435,0.06625427677972762,0.0
121.82971527923804,112.32279279989737,-0.6336735296144451,0.0,122.34514606652941,112.125256227058,-0.07262082667251313,0.0,122.09967384922848,111.44181134670998,0.794365876529762,0.0,121.89623324147549,111.30155974945063,0.4540676507328418,0.0
121.78764141612437,112.79783894938066,-1.9264781534342696,0.0,121.82971527923804,112.32279279989737,-0.6336735296144451,0.0,122.34514606652941,112.125256227058,-0.07262082667251313,0.0,122.09967384922848,111.44181134670998,0.794365876529762,0.0
121.63458151688783,114.34559401814155,-1.945872933288793,0.0,121.78764141612437,112.79783894938066,-1.9264781534342696,0.0,121.82971527923804,112.32279279989737,-0.6336735296144451,0.0,122.34514606652941,112.125256227058,-0.07262082667251313,0.0
121.40458861921766,112.54415336752956,-1.0783467534382052,0.0,121.63458151688783,114.34559401814155,-1.945872933288793,0.0,121.78764141612437,112.79783894938066,-1.9264781534342696,0.0,121.82971527923804,112.32279279989737,-0.6336735296144451,0.0
122.591986239398,113.65044164003046,-0.6042041448763786,0.0,121.40458861921766,112.54415336752956,-1.0783467534382052,0.0,121.63458151688783,114.34559401814155,-1.945872933288793,0.0,121.78764141612437,112.79783894938066,-1.9264781534342696,0.0
122.07374524172648,112.36581146138411,-0.5941199473771649,0.0,122.591986239398,113.65044164003046,-0.6042041448763786,0.0,121.40458861921766,112.54415336752956,-1.0783467534382052,0.0,121.63458151688783,114.34559401814155,-1.945872933288793,0.0
122.47305689350092,113.76808893828442,-0.4864460997607585,0.0,122.07374524172648,112.36581146138411,-0.5941199473771649,0.0,122.591986239398,113.65044164003046,-0.6042041448763786,0.0,121.40458861921766,112.54415336752956,-1.0783467534382052,0.0
122.14668842053426,112.70713171651809,-0.7335996510963096,0.0,122.47305689350092,113.76808893828442,-0.4864460997607585,0.0,122.07374524172648,112.36581146138411,-0.5941199473771649,0.0,122.591986239398,113.65044164003046,-0.6042041448763786,0.0
121.55624420687359,112.35576870222388,-0.48450027967615567,0.0,122.14668842053426,112.70713171651809,-0.7335996510963096,0.0,122.47305689350092,113.76808893828442,-0.4864460997607585,0.0,122.07374524172648,112.36581146138411,-0.5941199473771649,0.0
121.69315751068892,112.06489952775004,-0.004661084000617155,0.0,121.55624420687359,112.35576870222388,-0.48450027967615567,0.0,122.14668842053426,112.70713171651809,-0.7335996510963096,0.0,122.47305689350092,113.76808893828442,-0.4864460997607585,0.0
122.002215840582,113.53713720325808,-0.8116722609057301,0.0,121.69315751068892,112.06489952775004,-0.004661084000617155,0.0,121.55624420687359,112.35576870222388,-0.48450027967615567,0.0,122.14668842053426,112.70713171651809,-0.7335996510963096,0.0
122.40516653628868,113.1372184741951,-0.49951396480591004,0.0,122.002215840582,113.53713720325808,-0.8116722609057301,0.0,121.69315751068892,112.06489952775004,-0.004661084000617155,0.0,121.55624420687359,112.35576870222388,-0.48450027967615567,0.0
123.08162724837845,112.47277071960039,0.06660626363260558,0.0,122.40516653628868,113.1372184741951,-0.49951396480591004,0.0,122.002215840582,113.53713720325808,-0.8116722609057301,0.0,121.69315751068892,112.06489952775004,-0.004661084000617155,0.0
124.21864949514601,114.38550897048634,-0.15426513357560034,0.0,123.08162724837845,112.47277071960039,0.06660626363260558,0.0,122.40516653628868,113.1372184741951,-0.49951396480591004,0.0,122.002215840582,113.53713720325808,-0.8116722609057301,0.0
123.8354434460966,113.29466503795956,0.22693819919981156,0.0,124.21864949514601,114.38550897048634,-0.15426513357560034,0.0,123.08162724837845,112.47277071960039,0.06660626363260558,0.0,122.40516653628868,113.1372184741951,-0.49951396480591004,0.0
123.1979700996129,110.77677140703366,1.5888777815961257,0.0,123.8354434460966,113.29466503795956,0.22693819919981156,0.0,124.21864949514601,114.38550897048634,-0.15426513357560034,0.0,123.08162724837845,112.47277071960039,0.06660626363260558,0.0
123.1927177849024,111.84190916370764,1.2189308287834546,0.0,123.1979700996129,110.77677140703366,1.5888777815961257,0.0,123.8354434460966,113.29466503795956,0.22693819919981156,0.0,124.21864949514601,114.38550897048634,-0.15426513357560034,0.0
122.82446445030341,111.93206604830516,1.1717981880294255,0.0,123.1927177849024,111.84190916370764,1.2189308287834546,0.0,123.1979700996129,110.77677140703366,1.5888777815961257,0.0,123.8354434460966,113.29466503795956,0.22693819919981156,0.0
123.10729183902673,112.30525572284247,0.5684100085928446,0.0,122.82446445030341,111.93206604830516,1.1717981880294255,0.0,123.1927177849024,111.84190916370764,1.2189308287834546,0.0,123.1979700996129,110.77677140703366,1.5888777815961257,0.0
122.2389634274185,111.96575791240033,0.5453535881753009,0.0,123.10729183902673,112.30525572284247,0.5684100085928446,0.0,122.82446445030341,111.93206604830516,1.1717981880294255,0.0,123.1927177849024,111.84190916370764,1.2189308287834546,0.0
123.32956988590874,112.91536254452592,0.6664186830313926,0.0,122.2389634274185,111.96575791240033,0.5453535881753009,0.0,123.10729183902673,112.30525572284247,0.5684100085928446,0.0,122.82446445030341,111.93206604830516,1.1717981880294255,0.0
123.41448613519263,113.54387641844195,0.6305561165601832,0.0,123.32956988590874,112.91536254452592,0.6664186830313926,0.0,122.2389634274185,111.96575791240033,0.5453535881753009,0.0,123.10729183902673,112.30525572284247,0.5684100085928446,0.0
122.29759352209791,111.839867543162,-0.005402766606281806,0.0,123.41448613519263,113.54387641844195,0.6305561165601832,0.0,123.32956988590874,112.91536254452592,0.6664186830313926,0.0,122.2389634274185,111.96575791240033,0.5453535881753009,0.0
121.88462212928428,111.97876474473128,0.09885867237769991,0.0,122.29759352209791,111.839867543162,-0.005402766606281806,0.0,123.41448613519263,113.54387641844195,0.6305561165601832,0.0,123.32956988590874,112.91536254452592,0.6664186830313926,0.0
122.34361897808841,111.44238494791949,0.8101849072609784,0.0,121.88462212928428,111.97876474473128,0.09885867237769991,0.0,122.29759352209791,111.839867543162,-0.005402766606281806,0.0,123.41448613519263,113.54387641844195,0.6305561165601832,0.0
122.8388490026139,112.48436415885115,0.8724658080660465,0.0,122.34361897808841,111.44238494791949,0.8101849072609784,0.0,121.88462212928428,111.97876474473128,0.09885867237769991,0.0,122.29759352209791,111.839867543162,-0.005402766606281806,0.0
122.09981656311189,110.70287650726539,1.1789662409887578,0.0,122.8388490026139,112.48436415885115,0.8724658080660465,0.0,122.34361897808841,111.44238494791949,0.8101849072609784,0.0,121.88462212928428,111.97876474473128,0.09885867237769991,0.0
122.43671523346843,111.99301884475128,0.8246670077846925,0.0,122.09981656311189,110.70287650726539,1.1789662409887578,0.0,122.8388490026139,112.48436415885115,0.8724658080660465,0.0,122.34361897808841,111.44238494791949,0.8101849072609784,0.0
121.45132735114116,110.48749798605249,1.0346837259396093,0.0,122.43671523346843,111.99301884475128,0.8246670077846925,0.0,122.09981656311189,110.70287650726539,1.1789662409887578,0.0,122.8388490026139,112.48436415885115,0.8724658080660465,0.0
121.60638918471561,110.20009526923607,0.9673808998599505,0.0,121.45132735114116,110.48749798605249,1.0346837259396093,0.0,122.43671523346843,111.99301884475128,0.8246670077846925,0.0,122.09981656311189,110.70287650726539,1.1789662409887578,0.0
122.26269163750679,111.5688626263462,0.2984493550443444,0.0,121.60638918471561,110.20009526923607,0.9673808998599505,0.0,121.45132735114116,110.48749798605249,1.0346837259396093,0.0,122.43671523346843,111.99301884475128,0.8246670077846925,0.0
121.95594827853597,111.56894332835952,0.39801998643491276,0.0,122.26269163750679,111.5688626263462,0.2984493550443444,0.0,121.60638918471561,110.20009526923607,0.9673808998599505,0.0,121.45132735114116,110.48749798605249,1.0346837259396093,0.0
121.19830721934618,112.25980507827177,-0.177432342572225,0.0,121.95594827853597,111.56894332835952,0.39801998643491276,0.0,122.26269163750679,111.5688626263462,0.2984493550443444,0.0,121.60638918471561,110.20009526923607,0.9673808998599505,0.0
121.50824203556404,110.47022276203387,-0.458386011500176,0.0,121.19830721934618,112.25980507827177,-0.177432342572225,0.0,121.95594827853597,111.56894332835952,0.39801998643491276,0.0,122.26269163750679,111.5688626263462,0.2984493550443444,0.0
121.3659794634406,110.76509463385796,-0.27204465555395374,0.0,121.50824203556404,110.47022276203387,-0.458386011500176,0.0,121.19830721934618,112.25980507827177,-0.177432342572225,0.0,121.95594827853597,111.56894332835952,0.39801998643491276,0.0
121.83064661430471,111.53832278961369,-0.06901358775310099,0.0,121.3659794634406,110.76509463385796,-0.27204465555395374,0.0,121.50824203556404,110.47022276203387,-0.458386011500176,0.0,121.19830721934618,112.25980507827177,-0.177432342572225,0.0
121.40050726253135,112.4269362560679,-0.6498271027410454,0.0,121.83064661430471,111.53832278961369,-0.06901358775310099,0.0,121.3659794634406,110.76509463385796,-0.27204465555395374,0.0,121.50824203556404,110.47022276203387,-0.458386011500176,0.0
121.17295630602469,111.22262118347706,0.007131203398601738,0.0,121.40050726253135,112.4269362560679,-0.6498271027410454,0.0,121.83064661430471,111.53832278961369,-0.06901358775310099,0.0,121.3659794634406,110.76509463385796,-0.27204465555395374,0.0
120.40844169402922,110.38844380704836,0.29170810186911783,0.0,121.17295630602469,111.22262118347706,0.007131203398601738,0.0,121.40050726253135,112.4269362560679,-0.6498271027410454,0.0,121.83064661430471,111.53832278961369,-0.06901358775310099,0.0
120.89273544991526,110.3798052166772,-0.11899773631014765,0.0,120.40844169402922,110.38844380704836,0.29170810186911783,0.0,121.17295630602469,111.22262118347706,0.007131203398601738,0.0,121.40050726253135,112.4269362560679,-0.6498271027410454,0.0
121.04485612733485,111.77759526918163,-0.8639905872727058,0.0,120.89273544991526,110.3798052166772,-0.11899773631014765,0.0,120.40844169402922,110.38844380704836,0.29170810186911783,0.0,121.17295630602469,111.22262118347706,0.007131203398601738,0.0
120.65133926863896,111.80706595717777,-0.7636447593588804,0.0,121.04485612733485,111.77759526918163,-0.8639905872727058,0.0,120.89273544991526,110.3798052166772,-0.11899773631014765,0.0,120.40844169402922,110.38844380704836,0.29170810186911783,0.0
121.01381667723402,112.0830818912141,-0.8338876644176845,0.0,120.65133926863896,111.80706595717777,-0.7636447593588804,0.0,121.04485612733485,111.77759526918163,-0.8639905872727058,0.0,120.89273544991526,110.3798052166772,-0.11899773631014765,0.0
121.7353249528792,111.78527078460186,-0.6105399030076363,0.0,121.01381667723402,112.0830818912141,-0.8338876644176845,0.0,120.65133926863896,111.80706595717777,-0.7636447593588804,0.0,121.04485612733485,111.77759526918163,-0.8639905872727058,0.0
121.70188468963353,111.57182601920718,-0.6699902529838924,0.0,121.7353249528792,111.78527078460186,-0.6105399030076363,0.0,121.01381667723402,112.0830818912141,-0.8338876644176845,0.0,120.65133926863896,111.80706595717777,-0.7636447593588804,0.0
121.8636318895876,112.63918674060415,-1.539720632759619,0.0,121.70188468963353,111.57182601920718,-0.6699902529838924,0.0,121.7353249528792,111.78527078460186,-0.6105399030076363,0.0,121.01381667723402,112.0830818912141,-0.8338876644176845,0.0
121.97637089459153,113.02380483742277,-1.4259499753582745,0.0,121.8636318895876,112.63918674060415,-1.539720632759619,0.0,121.70188468963353,111.57182601920718,-0.6699902529838924,0.0,121.7353249528792,111.78527078460186,-0.6105399030076363,0.0
121.34089305102157,112.76077502124366,-1.2935695358207762,0.0,121.97637089459153,113.02380483742277,-1.4259499753582745,0.0,121.8636318895876,112.63918674060415,-1.539720632759619,0.0,121.70188468963353,111.57182601920718,-0.6699902529838924,0.0
122.36577928545177,114.7045613143859,-0.7180251162695916,0.0,121.34089305102157,112.76077502124366,-1.2935695358207762,0.0,121.97637089459153,113.02380483742277,-1.4259499753582745,0.0,121.8636318895876,112.63918674060415,-1.539720632759619,0.0
122.01757287369469,112.79251279211178,-0.9235199303211982,0.0,122.36577928545177,114.7045613143859,-0.7180251162695916,0.0,121.34089305102157,112.76077502124366,-1.2935695358207762,0.0,121.97637089459153,113.02380483742277,-1.4259499753582745,0.0
122.33056833384406,112.23096132083677,0.10052139242932445,0.0,122.01757287369469,112.79251279211178,-0.9235199303211982,0.0,122.36577928545177,114.7045613143859,-0.7180251162695916,0.0,121.34089305102157,112.76077502124366,-1.2935695358207762,0.0
122.57980161907494,113.3852137322967,-0.8754031613824189,0.0,122.33056833384406,112.23096132083677,0.10052139242932445,0.0,122.01757287369469,112.79251279211178,-0.9235199303211982,0.0,122.36577928545177,114.7045613143859,-0.7180251162695916,0.0
122.37443259654067,112.3922227032287,-0.04473878020462296,0.0,122.57980161907494,113.3852137322967,-0.8754031613824189,0.0,122.33056833384406,112.23096132083677,0.10052139242932445,0.0,122.01757287369469,112.79251279211178,-0.9235199303211982,0.0
122.53560905736524,113.34669064794255,-0.14795050960275077,0.0,122.37443259654067,112.3922227032287,-0.04473878020462296,0.0,122.57980161907494,113.3852137322967,-0.8754031613824189,0.0,122.33056833384406,112.23096132083677,0.10052139242932445,0.0
122.55324159252014,111.963105285605,0.31143202848957746,0.0,122.53560905736524,113.34669064794255,-0.14795050960275077,0.0,122.37443259654067,112.3922227032287,-0.04473878020462296,0.0,122.57980161907494,113.3852137322967,-0.8754031613824189,0.0
121.77526773475641,111.17011321291946,0.2890463648210285,0.0,122.55324159252014,111.963105285605,0.31143202848957746,0.0,122.53560905736524,113.34669064794255,-0.14795050960275077,0.0,122.37443259654067,112.3922227032287,-0.04473878020462296,0.0
121.7249400473572,110.5827557964578,0.8010148598695574,0.0,121.77526773475641,111.17011321291946,0.2890463648210285,0.0,122.55324159252014,111.963105285605,0.31143202848957746,0.0,122.53560905736524,113.34669064794255,-0.14795050960275077,0.0
121.54256910198002,110.62214969457403,0.4471309056192404,0.0,121.7249400473572,110.5827557964578,0.8010148598695574,0.0,121.77526773475641,111.17011321291946,0.2890463648210285,0.0,122.55324159252014,111.963105285605,0.31143202848957746,0.0
121.43686074059936,111.32644040623202,-0.19160548809351374,0.0,121.54256910198002,110.62214969457403,0.4471309056192404,0.0,121.7249400473572,110.5827557964578,0.8010148598695574,0.0,121.77526773475641,111.17011321291946,0.2890463648210285,0.0
120.9667472913626,110.61479424397135,0.5569677531607206,0.0,121.43686074059936,111.32644040623202,-0.19160548809351374,0.0,121.54256910198002,110.62214969457403,0.4471309056192404,0.0,121.7249400473572,110.5827557964578,0.8010148598695574,0.0
121.7659861564234,111.41257070079394,0.3888338795875059,0.0,120.9667472913626,110.61479424397135,0.5569677531607206,0.0,121.43686074059936,111.32644040623202,-0.19160548809351374,0.0,121.54256910198002,110.62214969457403,0.4471309056192404,0.0
122.60681494395321,112.13940616984439,0.4218463404821101,0.0,121.7659861564234,111.41257070079394,0.3888338795875059,0.0,120.9667472913626,110.61479424397135,0.5569677531607206,0.0,121.43686074059936,111.32644040623202,-0.19160548809351374,0.0
122.97608436272365,111.96738160876231,0.9548530294080857,0.0,122.60681494395321,112.13940616984439,0.4218463404821101,0.0,121.7659861564234,111.41257070079394,0.3888338795875059,0.0,120.9667472913626,110.61479424397135,0.5569677531607206,0.0
123.38426931788167,112.63725568741654,0.24790480247925117,0.0,122.97608436272365,111.96738160876231,0.9548530294080857,0.0,122.60681494395321,112.13940616984439,0.4218463404821101,0.0,121.7659861564234,111.41257070079394,0.3888338795875059,0.0
122.92951735158762,112.11161368427332,0.49606929080302964,0.0,123.38426931788167,112.63725568741654,0.24790480247925117,0.0,122.97608436272365,111.96738160876231,0.9548530294080857,0.0,122.60681494395321,112.13940616984439,0.4218463404821101,0.0
122.45953757379704,111.31895779960104,0.10190805441097828,0.0,122.92951735158762,112.11161368427332,0.49606929080302964,0.0,123.38426931788167,112.63725568741654,0.24790480247925117,0.0,122.97608436272365,111.96738160876231,0.9548530294080857,0.0
122.03263842706117,110.91396217141221,0.015441765706596708,0.0,122.45953757379704,111.31895779960104,0.10190805441097828,0.0,122.92951735158762,112.11161368427332,0.49606929080302964,0.0,123.38426931788167,112.63725568741654,0.24790480247925117,0.0
122.33577055948169,112.24745287291728,0.048492895257421814,0.0,122.03263842706117,110.91396217141221,0.015441765706596708,0.0,122.45953757379704,111.31895779960104,0.10190805441097828,0.0,122.92951735158762,112.11161368427332,0.49606929080302964,0.0
